stage,step,total,pde,bc_sides,free_top,free_bot,load,energy,impact_invariance,impact_contact,friction_coulomb,friction_stick,interface_u,data
adam,0,178402.734375,5742.9189453125,0.0007898894255049527,12.800463676452637,15.289249420166016,12.4697847366333,0.6398451924324036,0.0,0.0,0.0,0.0,19.14056396484375,0.7265016436576843
adam,1,178402.734375,5742.9189453125,0.0007898894255049527,12.800463676452637,15.289249420166016,12.4697847366333,0.6398451924324036,0.0,0.0,0.0,0.0,19.14056396484375,0.7265016436576843
adam,2,166085.90625,5344.7470703125,0.0008151279762387276,12.079694747924805,14.732939720153809,11.719694137573242,0.6009843349456787,0.0,0.0,0.0,0.0,17.923770904541016,0.7216079235076904
adam,3,153283.3125,4933.08203125,0.0008171875961124897,12.367369651794434,14.717752456665039,11.99798583984375,0.5511884093284607,0.0,0.0,0.0,0.0,16.414520263671875,0.7180177569389343
adam,4,140049.421875,4506.3134765625,0.0008257385925389826,12.21776008605957,14.182929992675781,11.829334259033203,0.5041632056236267,0.0,0.0,0.0,0.0,14.990360260009766,0.7124761343002319
adam,5,126182.6640625,4058.74462890625,0.0008401131490245461,11.824747085571289,13.403287887573242,11.410945892333984,0.4560859203338623,0.0,0.0,0.0,0.0,13.542179107666016,0.7066806554794312
adam,6,111698.28125,3591.190185546875,0.000858803337905556,11.305756568908691,12.565611839294434,10.864080429077148,0.4062293767929077,0.0,0.0,0.0,0.0,12.036478996276855,0.7008579969406128
adam,7,96698.8671875,3107.02734375,0.0008797887130640447,10.713663101196289,11.74051570892334,10.242557525634766,0.3548390865325928,0.0,0.0,0.0,0.0,10.476198196411133,0.6950842142105103
adam,8,81378.296875,2612.529296875,0.0009016813128255308,10.063265800476074,10.927335739135742,9.56238079071045,0.3025748133659363,0.0,0.0,0.0,0.0,8.879987716674805,0.6893068552017212
adam,9,66029.8671875,2117.183349609375,0.0009237380581907928,9.361382484436035,10.108455657958984,8.831243515014648,0.2503485679626465,0.0,0.0,0.0,0.0,7.276708126068115,0.6835098266601562
adam,10,51062.671875,1634.2315673828125,0.0009453097591176629,8.613053321838379,9.275190353393555,8.054901123046875,0.19934742152690887,0.0,0.0,0.0,0.0,5.70571756362915,0.6777320504188538
adam,11,37023.296875,1181.3779296875,0.0009656988549977541,7.8210129737854,8.419466972351074,7.2379302978515625,0.151078000664711,0.0,0.0,0.0,0.0,4.218288898468018,0.6720386743545532
adam,12,29202.904296875,928.407470703125,0.0009715724154375494,7.02057409286499,9.031757354736328,6.414670944213867,0.12844178080558777,0.0,0.0,0.0,0.0,3.4676647186279297,0.6674754023551941
adam,13,22734.53515625,719.64697265625,0.000976293464191258,6.283753395080566,9.267942428588867,5.668262958526611,0.10783673822879791,0.0,0.0,0.0,0.0,2.802015542984009,0.6630556583404541
adam,14,17398.60546875,547.7738647460938,0.0009794984944164753,5.557663917541504,9.122336387634277,4.942558765411377,0.08925289660692215,0.0,0.0,0.0,0.0,2.2224602699279785,0.6590150594711304
adam,15,13097.8134765625,409.49749755859375,0.0009814249351620674,4.844986915588379,8.66148853302002,4.239412307739258,0.07292346656322479,0.0,0.0,0.0,0.0,1.7333048582077026,0.6554962992668152
adam,16,9771.7587890625,302.77069091796875,0.0009815605590119958,4.162412166595459,7.969973087310791,3.575139045715332,0.05908087268471718,0.0,0.0,0.0,0.0,1.337507724761963,0.6524459719657898
adam,17,7367.39453125,225.8233184814453,0.0009793088538572192,3.5223915576934814,7.113481521606445,2.961855888366699,0.04785788431763649,0.0,0.0,0.0,0.0,1.034967303276062,0.6497987508773804
adam,18,5821.970703125,176.5951385498047,0.0009742020629346371,2.9334206581115723,6.147459506988525,2.407703161239624,0.039291538298130035,0.0,0.0,0.0,0.0,0.8223044872283936,0.6475128531455994
adam,19,5052.50146484375,152.38833618164062,0.0009659411734901369,2.40232253074646,5.12538480758667,1.9188886880874634,0.03331241384148598,0.0,0.0,0.0,0.0,0.6924743056297302,0.645560622215271
adam,20,4948.8525390625,149.6400604248047,0.000954427057877183,1.9344388246536255,4.102020740509033,1.4997786283493042,0.029727386310696602,0.0,0.0,0.0,0.0,0.6344597339630127,0.6439229249954224
adam,21,5372.0712890625,163.8649444580078,0.0009397523826919496,1.533217430114746,3.133385419845581,1.1525228023529053,0.02821570262312889,0.0,0.0,0.0,0.0,0.6334770917892456,0.6425811648368835
adam,22,6357.4638671875,196.22137451171875,0.000923754705581814,1.2948493957519531,2.642892599105835,0.956903338432312,0.02951369434595108,0.0,0.0,0.0,0.0,0.6893261075019836,0.6411621570587158
adam,23,7482.24267578125,233.02813720703125,0.0009056791313923895,1.1135567426681519,2.1979455947875977,0.8197974562644958,0.03153059631586075,0.0,0.0,0.0,0.0,0.7631524801254272,0.6400379538536072
adam,24,8589.634765625,269.2063293457031,0.0008857043576426804,0.971310019493103,1.8020800352096558,0.7213069796562195,0.03380327671766281,0.0,0.0,0.0,0.0,0.840770959854126,0.6391083598136902
adam,25,9560.15625,300.8951110839844,0.0008642902248539031,0.8561623692512512,1.4631171226501465,0.6482325196266174,0.0359513983130455,0.0,0.0,0.0,0.0,0.9102714657783508,0.638331413269043
adam,26,10312.525390625,325.474853515625,0.0008419324294663966,0.7604612708091736,1.1901620626449585,0.5921134948730469,0.03769601508975029,0.0,0.0,0.0,0.0,0.9628638625144958,0.6376732587814331
adam,27,10800.8193359375,341.4712829589844,0.0008191188098862767,0.6788930296897888,0.9893854856491089,0.5471895933151245,0.03885515406727791,0.0,0.0,0.0,0.0,0.9930480122566223,0.6370922923088074
adam,28,11009.5546875,348.3943786621094,0.0007963365060277283,0.6076237559318542,0.8628726601600647,0.5094720125198364,0.03933381289243698,0.0,0.0,0.0,0.0,0.9983401298522949,0.6365468502044678
adam,29,10947.9541015625,346.5519104003906,0.0007740776636637747,0.54398113489151,0.809163510799408,0.476331502199173,0.039112161844968796,0.0,0.0,0.0,0.0,0.9787974953651428,0.6360049843788147
adam,30,10643.5556640625,336.842041015625,0.0007527986890636384,0.48621222376823425,0.8237024545669556,0.44615665078163147,0.038230109959840775,0.0,0.0,0.0,0.0,0.9364796280860901,0.6354407668113708
adam,31,10136.02734375,320.5527648925781,0.000732875952962786,0.43325358629226685,0.8989786505699158,0.4180535078048706,0.03676917031407356,0.0,0.0,0.0,0.0,0.8748859167098999,0.6348285675048828
adam,32,9942.4638671875,314.4195556640625,0.0007165181450545788,0.39113202691078186,1.0307526588439941,0.3969280421733856,0.03625980764627457,0.0,0.0,0.0,0.0,0.8441207408905029,0.6340945959091187
adam,33,9618.59765625,304.0541687011719,0.0007020113989710808,0.353951096534729,1.1887290477752686,0.3775881230831146,0.03534268960356712,0.0,0.0,0.0,0.0,0.8021962642669678,0.633305549621582
adam,34,9182.0869140625,290.0268859863281,0.0006893053068779409,0.32080191373825073,1.3575981855392456,0.3592158257961273,0.03404352068901062,0.0,0.0,0.0,0.0,0.7510581016540527,0.6324276328086853
adam,35,8652.423828125,272.9666748046875,0.0006783456774428487,0.2910095155239105,1.5226335525512695,0.3412402868270874,0.03240128234028816,0.0,0.0,0.0,0.0,0.6928366422653198,0.6314398050308228
adam,36,8050.0380859375,253.53318786621094,0.0006690680747851729,0.26409369707107544,1.67051100730896,0.32331961393356323,0.03046615794301033,0.0,0.0,0.0,0.0,0.6297380924224854,0.6303263306617737
adam,37,7395.6357421875,232.3951416015625,0.0006614082376472652,0.2397659868001938,1.7900774478912354,0.30536308884620667,0.028296707198023796,0.0,0.0,0.0,0.0,0.5639482140541077,0.6290762424468994
adam,38,6709.623046875,210.21212768554688,0.0006553088896907866,0.21792659163475037,1.8729243278503418,0.2875347435474396,0.02595692314207554,0.0,0.0,0.0,0.0,0.49756282567977905,0.6276819705963135
adam,39,6011.541015625,187.61618041992188,0.0006507252110168338,0.1986434906721115,1.9136959314346313,0.2702285647392273,0.023513024672865868,0.0,0.0,0.0,0.0,0.4325181841850281,0.6261389255523682
adam,40,5319.537109375,165.19496154785156,0.0006476268172264099,0.18211302161216736,1.9100847244262695,0.25400835275650024,0.021030735224485397,0.0,0.0,0.0,0.0,0.3705425560474396,0.624444842338562
adam,41,4649.947265625,143.47805786132812,0.0006459969445131719,0.1686028391122818,1.8626174926757812,0.23952744901180267,0.018572960048913956,0.0,0.0,0.0,0.0,0.31311121582984924,0.6225998401641846
adam,42,4169.130859375,127.90437316894531,0.0006475046393461525,0.15745510160923004,1.8309656381607056,0.22754710912704468,0.01678217016160488,0.0,0.0,0.0,0.0,0.27037513256073,0.6208662986755371
adam,43,3717.8701171875,113.26629638671875,0.0006504125776700675,0.15037912130355835,1.7650976181030273,0.21916697919368744,0.015069990418851376,0.0,0.0,0.0,0.0,0.232784703373909,0.6189979314804077
adam,44,3297.52783203125,99.6077880859375,0.0006547365337610245,0.14725881814956665,1.6669467687606812,0.2143770307302475,0.013449857011437416,0.0,0.0,0.0,0.0,0.20047764480113983,0.6170010566711426
adam,45,2908.818359375,86.95323944091797,0.0006604836671613157,0.14792002737522125,1.5400974750518799,0.21311044692993164,0.011933334171772003,0.0,0.0,0.0,0.0,0.1733769178390503,0.6148812770843506
adam,46,2552.029296875,75.31471252441406,0.0006676543271169066,0.15211449563503265,1.3895117044448853,0.2152029573917389,0.0105298375710845,0.0,0.0,0.0,0.0,0.1512252390384674,0.6126450896263123
adam,47,2227.35498046875,64.70237731933594,0.0006762404227629304,0.15952585637569427,1.221279501914978,0.2203895002603531,0.009247055277228355,0.0,0.0,0.0,0.0,0.13362783193588257,0.6103009581565857
adam,48,1935.1595458984375,55.13299560546875,0.0006862205336801708,0.16978375613689423,1.042330026626587,0.22831842303276062,0.008091548457741737,0.0,0.0,0.0,0.0,0.12010050565004349,0.6078594923019409
adam,49,1676.163330078125,46.63558578491211,0.000697556184604764,0.1824827641248703,0.8602052330970764,0.2385742962360382,0.007069331593811512,0.0,0.0,0.0,0.0,0.11011574417352676,0.6053336262702942
adam,50,1451.523193359375,39.25369644165039,0.0007101863157004118,0.1972028762102127,0.6827878952026367,0.2507050633430481,0.006186360493302345,0.0,0.0,0.0,0.0,0.10314363241195679,0.6027384400367737
adam,51,1262.7769775390625,33.04325866699219,0.000724021636415273,0.2135310173034668,0.5180444717407227,0.26425012946128845,0.005448844283819199,0.0,0.0,0.0,0.0,0.09868482500314713,0.6000913977622986
adam,52,1153.732177734375,29.44550895690918,0.0007394800195470452,0.2344026267528534,0.40008726716041565,0.2816576063632965,0.0050640106201171875,0.0,0.0,0.0,0.0,0.09808001667261124,0.5977168679237366
adam,53,1073.95068359375,26.807846069335938,0.0007557514472864568,0.2563896179199219,0.29713669419288635,0.3000790476799011,0.00478353351354599,0.0,0.0,0.0,0.0,0.0989713966846466,0.5953313112258911
adam,54,1020.7313232421875,25.045360565185547,0.0007726693293079734,0.2788437604904175,0.21373659372329712,0.3188325762748718,0.004597310908138752,0.0,0.0,0.0,0.0,0.10083357989788055,0.5929450988769531
adam,55,991.450439453125,24.07485580444336,0.0007900328491814435,0.30114293098449707,0.15397080779075623,0.3372768461704254,0.0044965678825974464,0.0,0.0,0.0,0.0,0.10322735458612442,0.5905705094337463
adam,56,983.4237060546875,23.810100555419922,0.0008076066733337939,0.32269689440727234,0.12112393230199814,0.35481593012809753,0.0044738855212926865,0.0,0.0,0.0,0.0,0.1058138832449913,0.5882209539413452
adam,57,993.7530517578125,24.15666389465332,0.0008251234539784491,0.34296223521232605,0.11730558425188065,0.3709147572517395,0.004522952251136303,0.0,0.0,0.0,0.0,0.1083609014749527,0.5859118103981018
adam,58,1019.199462890625,25.007720947265625,0.0008422908722423017,0.3614628314971924,0.14308512210845947,0.3851213753223419,0.0046380674466490746,0.0,0.0,0.0,0.0,0.11073841154575348,0.5836600661277771
adam,59,1056.0982666015625,26.24138641357422,0.0008587996126152575,0.3778068721294403,0.19719378650188446,0.3970840573310852,0.004813427571207285,0.0,0.0,0.0,0.0,0.11290474236011505,0.5814842581748962
adam,60,1100.3524169921875,27.720762252807617,0.0008743321523070335,0.39169180393218994,0.2763691842556,0.40655627846717834,0.005042161792516708,0.0,0.0,0.0,0.0,0.11488073319196701,0.5794028043746948
adam,61,1147.5208740234375,29.297264099121094,0.000888578302692622,0.40289968252182007,0.37540963292121887,0.4133894145488739,0.005315168760716915,0.0,0.0,0.0,0.0,0.11671393364667892,0.5774328112602234
adam,62,1204.824951171875,31.207855224609375,0.0009014877141453326,0.4150688946247101,0.47934553027153015,0.42114701867103577,0.00562874274328351,0.0,0.0,0.0,0.0,0.1187606081366539,0.5755630135536194
adam,63,1253.841796875,32.843910217285156,0.0009127772646024823,0.4239639937877655,0.5857496857643127,0.42595160007476807,0.005940440110862255,0.0,0.0,0.0,0.0,0.12047868967056274,0.5738500952720642
adam,64,1290.2894287109375,34.06354904174805,0.0009222418302670121,0.4293407201766968,0.6869586706161499,0.42765581607818604,0.0062320418655872345,0.0,0.0,0.0,0.0,0.12180998921394348,0.5722891688346863
adam,65,1311.060546875,34.76426696777344,0.0009297571959905326,0.43109798431396484,0.7760185599327087,0.42623645067214966,0.006485482677817345,0.0,0.0,0.0,0.0,0.1226697787642479,0.5708770751953125
adam,66,1314.418212890625,34.889366149902344,0.0009352709166705608,0.42927393317222595,0.8472940325737,0.4217882752418518,0.006683746352791786,0.0,0.0,0.0,0.0,0.12295306473970413,0.569610059261322
adam,67,1300.04296875,34.4294319152832,0.0009387959726154804,0.42404577136039734,0.8968797326087952,0.4145185649394989,0.006812074221670628,0.0,0.0,0.0,0.0,0.12254784256219864,0.5684835314750671
adam,68,1268.9366455078125,33.41895294189453,0.0009404021548107266,0.41571304202079773,0.9227767586708069,0.4047335088253021,0.006858993321657181,0.0,0.0,0.0,0.0,0.121351458132267,0.5674923062324524
adam,69,1223.204345703125,31.928903579711914,0.000940209545660764,0.40467193722724915,0.9248375296592712,0.3928150534629822,0.006817008834332228,0.0,0.0,0.0,0.0,0.11928416788578033,0.5666307210922241
adam,70,1165.749267578125,30.056476593017578,0.0009383787983097136,0.3913862407207489,0.9045476913452148,0.3791965842247009,0.006682868115603924,0.0,0.0,0.0,0.0,0.11629948765039444,0.5658929347991943
adam,71,1099.9241943359375,27.913434982299805,0.0009351061889901757,0.37635618448257446,0.8646894693374634,0.3643372356891632,0.006457453593611717,0.0,0.0,0.0,0.0,0.11238972097635269,0.5652725100517273
adam,72,1045.625,26.154428482055664,0.0009314007475040853,0.36157405376434326,0.8240009546279907,0.3502432107925415,0.006237463094294071,0.0,0.0,0.0,0.0,0.10848427563905716,0.5646529197692871
adam,73,987.4348754882812,24.27225685119629,0.0009267967543564737,0.34584271907806396,0.7708790898323059,0.33564189076423645,0.005943324416875839,0.0,0.0,0.0,0.0,0.10380709916353226,0.5641517639160156
adam,74,927.4278564453125,22.335262298583984,0.0009214700548909605,0.329513818025589,0.708525538444519,0.32085415720939636,0.005581599660217762,0.0,0.0,0.0,0.0,0.09844144433736801,0.5637563467025757
adam,75,867.4276123046875,20.403162002563477,0.0009156081359833479,0.31291401386260986,0.6402102708816528,0.30617669224739075,0.005161098204553127,0.0,0.0,0.0,0.0,0.09249594807624817,0.5634549856185913
adam,76,808.92919921875,18.524518966674805,0.0009094018023461103,0.29634544253349304,0.5691136121749878,0.29187577962875366,0.004692575894296169,0.0,0.0,0.0,0.0,0.0861014723777771,0.5632360577583313
adam,77,753.0690307617188,16.735780715942383,0.0009030378423631191,0.28008219599723816,0.4981743097305298,0.278182715177536,0.004188381135463715,0.0,0.0,0.0,0.0,0.07940585166215897,0.5630873441696167
adam,78,700.6307983398438,15.061527252197266,0.0008966945460997522,0.2643709182739258,0.42997267842292786,0.2652921676635742,0.0036621051840484142,0.0,0.0,0.0,0.0,0.07256969064474106,0.562996506690979
adam,79,652.10302734375,13.51645278930664,0.0008905373979359865,0.24943046271800995,0.3666346073150635,0.25336068868637085,0.003128205658867955,0.0,0.0,0.0,0.0,0.06576157361268997,0.5629506707191467
adam,80,607.7621459960938,12.108159065246582,0.0008847141871228814,0.2354542464017868,0.3097776770591736,0.24250778555870056,0.0026015876792371273,0.0,0.0,0.0,0.0,0.059153541922569275,0.5629370808601379
adam,81,567.77685546875,10.840675354003906,0.0008793522138148546,0.22261077165603638,0.2604813277721405,0.23281635344028473,0.0020972019992768764,0.0,0.0,0.0,0.0,0.052916020154953,0.5629439353942871
adam,82,540.7061767578125,9.992258071899414,0.0008744080550968647,0.2104284167289734,0.2245418280363083,0.2240545004606247,0.0016941181384027004,0.0,0.0,0.0,0.0,0.04781797155737877,0.5629165768623352
adam,83,516.8974609375,9.247343063354492,0.0008701643091626465,0.19961169362068176,0.1951783001422882,0.21650682389736176,0.0013228540774434805,0.0,0.0,0.0,0.0,0.04321148619055748,0.5628834962844849
adam,84,495.99822998046875,8.593567848205566,0.0008667006622999907,0.1902403086423874,0.17199823260307312,0.21014364063739777,0.0009909411892294884,0.0,0.0,0.0,0.0,0.039172373712062836,0.5628349781036377
adam,85,477.82989501953125,8.024515151977539,0.0008640702581033111,0.18237127363681793,0.15435577929019928,0.20491696894168854,0.0007049264386296272,0.0,0.0,0.0,0.0,0.03576018288731575,0.5627626180648804
adam,86,462.38079833984375,7.539524078369141,0.000862301152665168,0.17603585124015808,0.14144738018512726,0.20076601207256317,0.00046999636106193066,0.0,0.0,0.0,0.0,0.03301312401890755,0.5626603960990906
adam,87,449.7459716796875,7.141751289367676,0.0008613988757133484,0.17123420536518097,0.13240331411361694,0.19762222468852997,0.00028952653519809246,0.0,0.0,0.0,0.0,0.030941667035222054,0.5625237822532654
adam,88,440.03656005859375,6.835196495056152,0.0008613477693870664,0.1679282784461975,0.1263752281665802,0.19541218876838684,0.00016460823826491833,0.0,0.0,0.0,0.0,0.02952227182686329,0.5623505115509033
adam,89,433.2767028808594,6.621318817138672,0.0008621163433417678,0.16603316366672516,0.12260318547487259,0.19405744969844818,9.363144636154175e-05,0.0,0.0,0.0,0.0,0.028694376349449158,0.5621395707130432
adam,90,429.3200378417969,6.496242523193359,0.0008636587881483138,0.16540612280368805,0.12046435475349426,0.19346995651721954,7.203500717878342e-05,0.0,0.0,0.0,0.0,0.028360240161418915,0.561891496181488
adam,91,427.8033142089844,6.449156761169434,0.0008659210288897157,0.165838822722435,0.11949694901704788,0.19354505836963654,9.229639545083046e-05,0.0,0.0,0.0,0.0,0.028391357511281967,0.5616076588630676
adam,92,430.0239562988281,6.524519920349121,0.0008686544024385512,0.16541776061058044,0.12034297734498978,0.19348348677158356,0.00013753375969827175,0.0,0.0,0.0,0.0,0.028703399002552032,0.561272919178009
adam,93,432.62896728515625,6.612646579742432,0.0008719940087758005,0.16541852056980133,0.12199605256319046,0.1937636286020279,0.0001987696159631014,0.0,0.0,0.0,0.0,0.029058435931801796,0.5609032511711121
adam,94,434.8487243652344,6.689197063446045,0.0008758911862969398,0.16562078893184662,0.12425243854522705,0.19424940645694733,0.00026473961770534515,0.0,0.0,0.0,0.0,0.02932334877550602,0.5605021119117737
adam,95,436.0338439941406,6.733582019805908,0.0008803053060546517,0.165774405002594,0.12694993615150452,0.19479098916053772,0.0003246692940592766,0.0,0.0,0.0,0.0,0.02939470112323761,0.5600707530975342
adam,96,435.7183837890625,6.730969429016113,0.0008852025493979454,0.1656143218278885,0.12995082139968872,0.1952318400144577,0.00036904169246554375,0.0,0.0,0.0,0.0,0.029205072671175003,0.559609591960907
adam,97,433.6466064453125,6.673175811767578,0.0008905564318411052,0.16488413512706757,0.13311991095542908,0.19542214274406433,0.0003902474418282509,0.0,0.0,0.0,0.0,0.028724731877446175,0.5591183304786682
adam,98,429.765625,6.558436393737793,0.0008963465807028115,0.16336210072040558,0.13630641996860504,0.1952337920665741,0.0003829910419881344,0.0,0.0,0.0,0.0,0.027957407757639885,0.5585963129997253
adam,99,424.1800537109375,6.389985084533691,0.0009025554754771292,0.16088685393333435,0.1393245905637741,0.19457411766052246,0.0003444498870521784,0.0,0.0,0.0,0.0,0.02693091332912445,0.5580434203147888
adam,100,417.08819580078125,6.17402458190918,0.0009091673418879509,0.15737587213516235,0.14194302260875702,0.19339701533317566,0.00027420069091022015,0.0,0.0,0.0,0.0,0.025687014684081078,0.5574601292610168
adam,101,408.7169189453125,5.91765022277832,0.0009161672205664217,0.15283556282520294,0.14388583600521088,0.19170725345611572,0.00017397943884134293,0.0,0.0,0.0,0.0,0.02427142858505249,0.5568474531173706
adam,102,401.66949462890625,5.702927589416504,0.0009236838668584824,0.14847959578037262,0.14496007561683655,0.19018618762493134,7.506227120757103e-05,0.0,0.0,0.0,0.0,0.02308221161365509,0.5562499761581421
adam,103,393.33892822265625,5.447320938110352,0.000931482994928956,0.1433626264333725,0.14483137428760529,0.18826128542423248,-4.692072980105877e-05,0.0,0.0,0.0,0.0,0.02174288220703602,0.5556319952011108
adam,104,383.7984313964844,5.152975082397461,0.0009395076194778085,0.1376645565032959,0.14325614273548126,0.18600404262542725,-0.00018760492093861103,0.0,0.0,0.0,0.0,0.020276423543691635,0.5549976229667664
adam,105,373.19964599609375,4.824519157409668,0.0009476903360337019,0.1315786987543106,0.14007511734962463,0.18349413573741913,-0.0003413432277739048,0.0,0.0,0.0,0.0,0.018717681989073753,0.5543516874313354
adam,106,361.7935485839844,4.469738006591797,0.0009559543686918914,0.12528777122497559,0.13525041937828064,0.1808110624551773,-0.0005014853086322546,0.0,0.0,0.0,0.0,0.017115356400609016,0.5537000298500061
adam,107,349.93609619140625,4.099773406982422,0.0009642145014367998,0.11894543468952179,0.12888823449611664,0.1780286580324173,-0.000660749152302742,0.0,0.0,0.0,0.0,0.015531151555478573,0.5530490875244141
adam,108,338.06890869140625,3.7285306453704834,0.0009723780676722527,0.11266647279262543,0.12123380601406097,0.1752140074968338,-0.0008116837125271559,0.0,0.0,0.0,0.0,0.014035663567483425,0.5524057745933533
adam,109,326.68017578125,3.3714475631713867,0.0009803501889109612,0.10652592778205872,0.11264806240797043,0.17242880165576935,-0.0009472233941778541,0.0,0.0,0.0,0.0,0.012701226398348808,0.5517768263816833
adam,110,316.2502136230469,3.0437796115875244,0.000988036161288619,0.1005653589963913,0.10355933755636215,0.16973115503787994,-0.0010612738551571965,0.0,0.0,0.0,0.0,0.01159269455820322,0.5511686205863953
adam,111,307.19549560546875,2.758831024169922,0.0009953479748219252,0.0948028564453125,0.09440877288579941,0.1671770215034485,-0.0011492620687931776,0.0,0.0,0.0,0.0,0.010758522897958755,0.5505868196487427
adam,112,300.7012023925781,2.554849147796631,0.0010021680500358343,0.08936893939971924,0.08699285984039307,0.1649378538131714,-0.001206362503580749,0.0,0.0,0.0,0.0,0.01023618783801794,0.5500919818878174
adam,113,295.5102844238281,2.391519546508789,0.001008486608043313,0.08415007591247559,0.07995698601007462,0.16291257739067078,-0.0012404306326061487,0.0,0.0,0.0,0.0,0.009948466904461384,0.5496269464492798
adam,114,291.6661071777344,2.270477771759033,0.001014270237646997,0.07919520139694214,0.07343772798776627,0.1611326038837433,-0.0012528280494734645,0.0,0.0,0.0,0.0,0.009876142255961895,0.5491912364959717
adam,115,289.15435791015625,2.1915993690490723,0.0010195125360041857,0.07455340772867203,0.06752437353134155,0.1596190333366394,-0.001246355357579887,0.0,0.0,0.0,0.0,0.009986436925828457,0.5487824082374573
adam,116,287.8988342285156,2.152817487716675,0.0010242372518405318,0.07026754319667816,0.062271930277347565,0.1583816558122635,-0.001225043786689639,0.0,0.0,0.0,0.0,0.010237015783786774,0.5483964085578918
adam,117,287.758544921875,2.1499826908111572,0.0010285000316798687,0.06636469811201096,0.05771579593420029,0.15741974115371704,-0.0011938352836295962,0.0,0.0,0.0,0.0,0.010580133646726608,0.5480278134346008
adam,118,288.52301025390625,2.1766579151153564,0.0010323867900297046,0.06284821778535843,0.053884368389844894,0.1567251831293106,-0.001158197526820004,0.0,0.0,0.0,0.0,0.01096633542329073,0.5476701259613037
adam,119,289.9139709472656,2.2241482734680176,0.0010360109154134989,0.0596923753619194,0.050803400576114655,0.156286358833313,-0.0011236955178901553,0.0,0.0,0.0,0.0,0.011347287334501743,0.5473163723945618
adam,120,291.5942077636719,2.2817578315734863,0.001039506634697318,0.056843362748622894,0.04849289730191231,0.1560925543308258,-0.0010955495527014136,0.0,0.0,0.0,0.0,0.01167785469442606,0.5469596982002258
adam,121,293.1897888183594,2.337512254714966,0.0010430198162794113,0.05422649905085564,0.04695817083120346,0.15613706409931183,-0.0010782359167933464,0.0,0.0,0.0,0.0,0.011917800642549992,0.5465937852859497
adam,122,294.46148681640625,2.3833043575286865,0.001046815887093544,0.05162711441516876,0.04620186239480972,0.15638284385204315,-0.0010743321618065238,0.0,0.0,0.0,0.0,0.012057495303452015,0.5462366938591003
adam,123,294.925537109375,2.403744697570801,0.0010508878622204065,0.04912600666284561,0.045999571681022644,0.1568826287984848,-0.001085913390852511,0.0,0.0,0.0,0.0,0.01205563172698021,0.5458636283874512
adam,124,294.3525695800781,2.391364097595215,0.0010553221218287945,0.046696554869413376,0.04627300426363945,0.15762963891029358,-0.0011137289693579078,0.0,0.0,0.0,0.0,0.01189700048416853,0.5454732179641724
adam,125,292.6443786621094,2.3428947925567627,0.0010601739631965756,0.04435456171631813,0.046931974589824677,0.15860286355018616,-0.0011571184732019901,0.0,0.0,0.0,0.0,0.011580979451537132,0.5450657606124878
adam,126,289.84674072265625,2.259690761566162,0.001065463642589748,0.04215501993894577,0.047886576503515244,0.15975530445575714,-0.0012141080806031823,0.0,0.0,0.0,0.0,0.01112259179353714,0.5446436405181885
adam,127,286.1265869140625,2.146995782852173,0.0010711768409237266,0.04017462208867073,0.04905455559492111,0.1610071063041687,-0.0012816550442948937,0.0,0.0,0.0,0.0,0.010550376959145069,0.5442103743553162
adam,128,281.73040771484375,2.0126068592071533,0.00107726757414639,0.03848739713430405,0.050359223037958145,0.16224876046180725,-0.0013560025254264474,0.0,0.0,0.0,0.0,0.00990170706063509,0.5437708497047424
adam,129,276.9380798339844,1.8654042482376099,0.0010836658766493201,0.03714387118816376,0.05171724781394005,0.16335822641849518,-0.0014330752892419696,0.0,0.0,0.0,0.0,0.009216946549713612,0.5433300733566284
adam,130,272.0361328125,1.7144978046417236,0.001090287696570158,0.03615858405828476,0.0530216246843338,0.16422827541828156,-0.0015088297659531236,0.0,0.0,0.0,0.0,0.008535051718354225,0.5428932905197144
adam,131,267.3045959472656,1.5688292980194092,0.0010970460716634989,0.035508766770362854,0.05412916839122772,0.16479353606700897,-0.0015795582439750433,0.0,0.0,0.0,0.0,0.007891068235039711,0.5424647331237793
adam,132,263.37298583984375,1.448464035987854,0.0011037561343982816,0.03514179587364197,0.054900117218494415,0.16499359905719757,-0.0016390311066061258,0.0,0.0,0.0,0.0,0.0073645757511258125,0.5420548915863037
adam,133,259.9123229980469,1.3429235219955444,0.0011104631703346968,0.034965988248586655,0.055136363953351974,0.16492891311645508,-0.0016898474423214793,0.0,0.0,0.0,0.0,0.006913406308740377,0.5416579246520996
adam,134,257.0830078125,1.2573742866516113,0.0011171348160132766,0.03490007668733597,0.05469620227813721,0.1646735966205597,-0.0017308964161202312,0.0,0.0,0.0,0.0,0.006554602179676294,0.5412740707397461
adam,135,254.97860717773438,1.1948366165161133,0.0011237531434744596,0.034877654165029526,0.05352293699979782,0.16429966688156128,-0.0017620247090235353,0.0,0.0,0.0,0.0,0.006297969724982977,0.5409026145935059
adam,136,253.60101318359375,1.1553959846496582,0.0011303108185529709,0.034862034022808075,0.05166925862431526,0.1638585478067398,-0.0017841372173279524,0.0,0.0,0.0,0.0,0.006143062375485897,0.5405417084693909
adam,137,252.8505859375,1.1358728408813477,0.0011368058621883392,0.034854233264923096,0.04928696155548096,0.16337470710277557,-0.0017991580534726381,0.0,0.0,0.0,0.0,0.006077841855585575,0.5401890277862549
adam,138,252.54129028320312,1.1303160190582275,0.0011432366445660591,0.034887611865997314,0.046584904193878174,0.16285216808319092,-0.001809803768992424,0.0,0.0,0.0,0.0,0.006080221850425005,0.5398419499397278
adam,139,252.4445037841797,1.1313989162445068,0.0011495999060571194,0.03501100465655327,0.043772876262664795,0.16228879988193512,-0.0018191662384197116,0.0,0.0,0.0,0.0,0.006123285740613937,0.5394982695579529
adam,140,252.34913635253906,1.1323552131652832,0.0011558897094801068,0.03526736795902252,0.041016653180122375,0.16169051826000214,-0.0018302295356988907,0.0,0.0,0.0,0.0,0.006181833799928427,0.5391560196876526
adam,141,252.1080322265625,1.1284781694412231,0.0011621012818068266,0.03567526116967201,0.03842398524284363,0.1610795110464096,-0.001845451770350337,0.0,0.0,0.0,0.0,0.006237105466425419,0.5388140678405762
adam,142,251.76869201660156,1.1213104724884033,0.0011681694304570556,0.03615550696849823,0.03620094433426857,0.16054457426071167,-0.00186554912943393,0.0,0.0,0.0,0.0,0.006282736547291279,0.5384788513183594
adam,143,251.12474060058594,1.1042723655700684,0.001174181466922164,0.03673440217971802,0.03417098522186279,0.1600712090730667,-0.001892348169349134,0.0,0.0,0.0,0.0,0.006299106404185295,0.5381430387496948
adam,144,250.14691162109375,1.0764896869659424,0.0011801598593592644,0.03739604726433754,0.03238507732748985,0.1596820205450058,-0.0019262824207544327,0.0,0.0,0.0,0.0,0.0062765139155089855,0.53780597448349
adam,145,248.83343505859375,1.0380080938339233,0.0011861465172842145,0.03817113861441612,0.030900705605745316,0.15937627851963043,-0.001967144664376974,0.0,0.0,0.0,0.0,0.006205790210515261,0.5374665856361389
adam,146,247.2261505126953,0.9903016090393066,0.0011922054691240191,0.039149727672338486,0.029750673100352287,0.15913210809230804,-0.0020140947308391333,0.0,0.0,0.0,0.0,0.0060811517760157585,0.5371232628822327
adam,147,245.41773986816406,0.9364702701568604,0.0011984285665675998,0.04046836495399475,0.02890673838555813,0.15891960263252258,-0.002065695356577635,0.0,0.0,0.0,0.0,0.005904246587306261,0.5367741584777832
adam,148,243.5366668701172,0.8807138800621033,0.0012049371143803,0.04227204993367195,0.02827034890651703,0.15872028470039368,-0.002120027784258127,0.0,0.0,0.0,0.0,0.0056867701932787895,0.5364168286323547
adam,149,241.7144775390625,0.8272323608398438,0.0012118772137910128,0.04466317221522331,0.027707189321517944,0.1585448831319809,-0.002174893394112587,0.0,0.0,0.0,0.0,0.005450031254440546,0.5360490679740906
adam,150,240.05191040039062,0.7791222333908081,0.001219408237375319,0.047652699053287506,0.027116067707538605,0.15843506157398224,-0.0022280607372522354,0.0,0.0,0.0,0.0,0.005221570376306772,0.5356695055961609
adam,151,238.60037231445312,0.7378038167953491,0.001227683387696743,0.051131244748830795,0.026494206860661507,0.15844270586967468,-0.002277505351230502,0.0,0.0,0.0,0.0,0.005030689761042595,0.5352776646614075
adam,152,237.42721557617188,0.7049102187156677,0.0012363269925117493,0.05441605672240257,0.0259962510317564,0.1586083024740219,-0.0023199415300041437,0.0,0.0,0.0,0.0,0.004906665533781052,0.5348979234695435
adam,153,236.41580200195312,0.6767977476119995,0.001245838007889688,0.05764550715684891,0.025776468217372894,0.15886901319026947,-0.0023569795303046703,0.0,0.0,0.0,0.0,0.004852049518376589,0.5345103144645691
adam,154,235.59326171875,0.6543040871620178,0.0012562006013467908,0.06059575825929642,0.026091933250427246,0.15918079018592834,-0.002388361608609557,0.0,0.0,0.0,0.0,0.004868733696639538,0.5341188907623291
adam,155,234.97955322265625,0.6381767988204956,0.0012673278106376529,0.06308811157941818,0.027209360152482986,0.15948887169361115,-0.00241461000405252,0.0,0.0,0.0,0.0,0.004942788276821375,0.5337284803390503
adam,156,234.5547637939453,0.6279630064964294,0.0012790677137672901,0.06499790400266647,0.029359521344304085,0.15974381566047668,-0.002436957787722349,0.0,0.0,0.0,0.0,0.005046545993536711,0.5333444476127625
adam,157,234.25143432617188,0.6216772198677063,0.0012912236852571368,0.06623745709657669,0.03269383683800697,0.15990978479385376,-0.0024570070672780275,0.0,0.0,0.0,0.0,0.005147621966898441,0.5329716801643372
adam,158,233.98426818847656,0.6166728734970093,0.0013035761658102274,0.06673984974622726,0.03725413978099823,0.1599660962820053,-0.0024762346874922514,0.0,0.0,0.0,0.0,0.00522168492898345,0.53261399269104
adam,159,233.6840362548828,0.6106982231140137,0.0013159075751900673,0.06646422296762466,0.04296796768903732,0.15990802645683289,-0.0024955987464636564,0.0,0.0,0.0,0.0,0.005260272417217493,0.5322737693786621
adam,160,233.30743408203125,0.6022487878799438,0.001328022568486631,0.06542672216892242,0.049684178084135056,0.15974904596805573,-0.0025154738686978817,0.0,0.0,0.0,0.0,0.005268213804811239,0.5319520831108093
adam,161,232.82493591308594,0.5902755856513977,0.0013397624716162682,0.06372741609811783,0.05722963809967041,0.1595192849636078,-0.002535903360694647,0.0,0.0,0.0,0.0,0.0052520157769322395,0.5316486358642578
adam,162,232.2529296875,0.5751264691352844,0.0013506924733519554,0.06193549931049347,0.0650293231010437,0.15928654372692108,-0.00255617406219244,0.0,0.0,0.0,0.0,0.005219760350883007,0.5313714146614075
adam,163,231.50814819335938,0.5544014573097229,0.0013611048925668001,0.059803303331136703,0.07321611791849136,0.15902821719646454,-0.0025772792287170887,0.0,0.0,0.0,0.0,0.005148732103407383,0.5311097502708435
adam,164,230.62506103515625,0.5293793082237244,0.0013709961203858256,0.05738697201013565,0.08144119381904602,0.15876147150993347,-0.0025993087328970432,0.0,0.0,0.0,0.0,0.0050279381684958935,0.5308624505996704
adam,165,229.6947784423828,0.5031266212463379,0.0013803901383653283,0.05466196686029434,0.08913232386112213,0.15850941836833954,-0.0026219936553388834,0.0,0.0,0.0,0.0,0.004856665153056383,0.5306286811828613
adam,166,228.83177185058594,0.479348361492157,0.001389332115650177,0.05154766887426376,0.09550518542528152,0.15831559896469116,-0.002644645981490612,0.0,0.0,0.0,0.0,0.004648205824196339,0.5304076075553894
adam,167,228.1178436279297,0.46057701110839844,0.001397881656885147,0.04799257218837738,0.09973660111427307,0.15825149416923523,-0.002666315296664834,0.0,0.0,0.0,0.0,0.004424334038048983,0.5301981568336487
adam,168,227.57420349121094,0.4473230242729187,0.0014061094261705875,0.04407370090484619,0.10127408057451248,0.15839919447898865,-0.0026860027574002743,0.0,0.0,0.0,0.0,0.004206577781587839,0.529998779296875
adam,169,227.1808624267578,0.4387720823287964,0.0014140954008325934,0.0400349460542202,0.10010180622339249,0.15880122780799866,-0.0027028259355574846,0.0,0.0,0.0,0.0,0.004011121578514576,0.529807448387146
adam,170,226.9029083251953,0.4336794912815094,0.0014219306176528335,0.03622239828109741,0.09676896780729294,0.15939965844154358,-0.00271618808619678,0.0,0.0,0.0,0.0,0.0038483799435198307,0.5296216011047363
adam,171,226.68667602539062,0.43024981021881104,0.0014297196175903082,0.03295394405722618,0.09214343130588531,0.16001924872398376,-0.002726034028455615,0.0,0.0,0.0,0.0,0.003722972935065627,0.5294383764266968
adam,172,226.46957397460938,0.42636215686798096,0.0014377812622115016,0.030742548406124115,0.08786609023809433,0.16027121245861053,-0.0027327334973961115,0.0,0.0,0.0,0.0,0.0036402298137545586,0.5292574167251587
adam,173,226.12985229492188,0.41829290986061096,0.001445986214093864,0.029180923476815224,0.0835181325674057,0.1601719707250595,-0.0027384127024561167,0.0,0.0,0.0,0.0,0.0035737925209105015,0.5290747284889221
adam,174,225.62469482421875,0.4048255980014801,0.0014543982688337564,0.028140557929873466,0.07915274798870087,0.15973153710365295,-0.002745055826380849,0.0,0.0,0.0,0.0,0.003503698855638504,0.5288894176483154
adam,175,224.98788452148438,0.3872302174568176,0.0014630082296207547,0.027462439611554146,0.07464531064033508,0.1590421348810196,-0.002754327841103077,0.0,0.0,0.0,0.0,0.0034143037628382444,0.5287017822265625
adam,176,224.29299926757812,0.3679797351360321,0.001471725176088512,0.026998821645975113,0.06983496248722076,0.1582234799861908,-0.0027671032585203648,0.0,0.0,0.0,0.0,0.0033007871825248003,0.5285129547119141
adam,177,223.59405517578125,0.3487878441810608,0.001480398466810584,0.026627659797668457,0.06463189423084259,0.1573874056339264,-0.0027833597268909216,0.0,0.0,0.0,0.0,0.003169179195538163,0.5283238887786865
adam,178,222.92510986328125,0.33064186573028564,0.001488861395046115,0.02625579759478569,0.05908533185720444,0.15662215650081635,-0.0028023356571793556,0.0,0.0,0.0,0.0,0.0030328151769936085,0.5281347036361694
adam,179,222.33694458007812,0.31510069966316223,0.0014969733310863376,0.025836898013949394,0.05342414230108261,0.15597425401210785,-0.002822878072038293,0.0,0.0,0.0,0.0,0.00290534901432693,0.5279442667961121
adam,180,221.8888397216797,0.3041161000728607,0.0015046445187181234,0.025406016036868095,0.048040736466646194,0.15542063117027283,-0.002843922469764948,0.0,0.0,0.0,0.0,0.002791333245113492,0.5277504324913025
adam,181,221.5976104736328,0.2983713746070862,0.001511837588623166,0.025091052055358887,0.04338233545422554,0.1548556536436081,-0.0028648085426539183,0.0,0.0,0.0,0.0,0.002682262100279331,0.5275508165359497
adam,182,221.419189453125,0.2963465750217438,0.001518474891781807,0.024946143850684166,0.03991767764091492,0.15420380234718323,-0.002884380053728819,0.0,0.0,0.0,0.0,0.0025698605459183455,0.527355432510376
adam,183,221.2981414794922,0.2964232861995697,0.0015247294213622808,0.025185586884617805,0.037533923983573914,0.15331564843654633,-0.002903142711147666,0.0,0.0,0.0,0.0,0.002449498977512121,0.5271521806716919
adam,184,221.22572326660156,0.2981334924697876,0.0015307439025491476,0.02572757750749588,0.036048274487257004,0.1522681564092636,-0.0029204869642853737,0.0,0.0,0.0,0.0,0.002338108140975237,0.526941180229187
adam,185,221.16921997070312,0.3001696467399597,0.0015367065789178014,0.026318926364183426,0.03514112904667854,0.1512564867734909,-0.0029361334163695574,0.0,0.0,0.0,0.0,0.0022538246121257544,0.5267236232757568
adam,186,221.0406494140625,0.29952511191368103,0.0015428259503096342,0.02667981944978237,0.03453105315566063,0.1504584103822708,-0.002950527472421527,0.0,0.0,0.0,0.0,0.0022008316591382027,0.5265007019042969
adam,187,220.76382446289062,0.2937380075454712,0.0015492943348363042,0.026696398854255676,0.034132566303014755,0.14992564916610718,-0.0029646242037415504,0.0,0.0,0.0,0.0,0.0021696605253964663,0.5262733697891235
adam,188,220.33218383789062,0.28273457288742065,0.0015562528278678656,0.026484638452529907,0.034086648374795914,0.14957565069198608,-0.0029792943969368935,0.0,0.0,0.0,0.0,0.002146489918231964,0.5260417461395264
adam,189,219.77951049804688,0.26777949929237366,0.0015637591714039445,0.02626841887831688,0.034633055329322815,0.1492650806903839,-0.0029948954470455647,0.0,0.0,0.0,0.0,0.0021192124113440514,0.5258054733276367
adam,190,219.1546630859375,0.2505732476711273,0.0015717449132353067,0.02621854655444622,0.03593568131327629,0.14888061583042145,-0.0030110070947557688,0.0,0.0,0.0,0.0,0.0020821206271648407,0.5255642533302307
adam,191,218.54544067382812,0.23398318886756897,0.0015799846732988954,0.026408502832055092,0.037979647517204285,0.14837130904197693,-0.0030263334047049284,0.0,0.0,0.0,0.0,0.002042158739641309,0.525317907333374
adam,192,218.0806427001953,0.22188377380371094,0.0015878269914537668,0.026766499504446983,0.040393438190221786,0.14775919914245605,-0.0030385092832148075,0.0,0.0,0.0,0.0,0.00201695179566741,0.5250850915908813
adam,193,217.76333618164062,0.214528888463974,0.0015951470704749227,0.027368595823645592,0.04295631870627403,0.14701907336711884,-0.003047353122383356,0.0,0.0,0.0,0.0,0.0020143091678619385,0.5248491168022156
adam,194,217.56846618652344,0.21107465028762817,0.001601645490154624,0.02810983918607235,0.04516369476914406,0.14622053503990173,-0.003052961779758334,0.0,0.0,0.0,0.0,0.0020342066418379545,0.5246109366416931
adam,195,217.45411682128906,0.21020589768886566,0.0016071961726993322,0.028787769377231598,0.04647696390748024,0.1454721987247467,-0.003056473797187209,0.0,0.0,0.0,0.0,0.0020673030521720648,0.5243712663650513
adam,196,217.3716583251953,0.2104286253452301,0.0016118253115564585,0.029263712465763092,0.046616677194833755,0.1448262333869934,-0.003059422131627798,0.0,0.0,0.0,0.0,0.002100161509588361,0.5241307616233826
adam,197,217.2487335205078,0.20944230258464813,0.0016155990306288004,0.02964981272816658,0.045770615339279175,0.14420388638973236,-0.003062963718548417,0.0,0.0,0.0,0.0,0.002121078548952937,0.5238903164863586
adam,198,217.03604125976562,0.20563964545726776,0.0016185438726097345,0.030249876901507378,0.0443880669772625,0.14345082640647888,-0.0030674710869789124,0.0,0.0,0.0,0.0,0.0021271982695907354,0.5236499905586243
adam,199,216.73953247070312,0.19920456409454346,0.0016206629807129502,0.03128589689731598,0.04275733232498169,0.1424909085035324,-0.0030728979036211967,0.0,0.0,0.0,0.0,0.002120234537869692,0.5234096050262451
adam,200,216.3679962158203,0.19049668312072754,0.0016220099059864879,0.03274659439921379,0.04089916869997978,0.14139021933078766,-0.0030794930644333363,0.0,0.0,0.0,0.0,0.002094089053571224,0.5231679081916809
adam,201,215.92977905273438,0.17986740171909332,0.0016227364540100098,0.03452487289905548,0.03886070102453232,0.14025075733661652,-0.0030877594836056232,0.0,0.0,0.0,0.0,0.002040729159489274,0.5229243040084839
adam,202,215.50035095214844,0.16962029039859772,0.0016231924528256059,0.03641887381672859,0.03687923029065132,0.1391468644142151,-0.0030981088057160378,0.0,0.0,0.0,0.0,0.001968387281522155,0.5226874947547913
adam,203,215.1242218017578,0.16119001805782318,0.0016234725480899215,0.03858412057161331,0.03528007119894028,0.1380615383386612,-0.003109934739768505,0.0,0.0,0.0,0.0,0.0018935254774987698,0.5224481821060181
adam,204,214.83926391601562,0.15566548705101013,0.0016236653318628669,0.04075789451599121,0.03405608981847763,0.13706672191619873,-0.003122541820630431,0.0,0.0,0.0,0.0,0.0018340477254241705,0.5222055315971375
adam,205,214.67987060546875,0.1541169285774231,0.0016236260998994112,0.04255170002579689,0.03299555554986,0.13621209561824799,-0.0031349121127277613,0.0,0.0,0.0,0.0,0.0018005331512540579,0.5219577550888062
adam,206,214.63108825683594,0.1561434119939804,0.001622970448806882,0.04386457800865173,0.03198899328708649,0.13547195494174957,-0.003146059112623334,0.0,0.0,0.0,0.0,0.0017863211687654257,0.5217031836509705
adam,207,214.597412109375,0.1587648093700409,0.0016213139751926064,0.04486273229122162,0.031088149175047874,0.13479657471179962,-0.0031555513851344585,0.0,0.0,0.0,0.0,0.0017736281733959913,0.5214402079582214
adam,208,214.5044708251953,0.15953755378723145,0.0016185719287022948,0.04556812345981598,0.030355967581272125,0.13416576385498047,-0.0031635554041713476,0.0,0.0,0.0,0.0,0.0017611216753721237,0.5211672186851501
adam,209,214.31008911132812,0.1569574475288391,0.001614995184354484,0.045857273042201996,0.029873445630073547,0.13357558846473694,-0.003170739160850644,0.0,0.0,0.0,0.0,0.0017593028023838997,0.5208838582038879
adam,210,213.9993438720703,0.15054430067539215,0.0016109466087073088,0.0457666739821434,0.02979521080851555,0.13301682472229004,-0.0031778570264577866,0.0,0.0,0.0,0.0,0.0017641492886468768,0.520591676235199
adam,211,213.63442993164062,0.1424807459115982,0.001606740988790989,0.04530412703752518,0.030140144750475883,0.13250021636486053,-0.003185057081282139,0.0,0.0,0.0,0.0,0.0017611202783882618,0.520293116569519
adam,212,213.2860107421875,0.1350192129611969,0.0016030605183914304,0.044353973120450974,0.03059609979391098,0.13208216428756714,-0.0031914259307086468,0.0,0.0,0.0,0.0,0.001738545368425548,0.5200046896934509
adam,213,212.9573516845703,0.12838073074817657,0.0015997609589248896,0.042607855051755905,0.030941985547542572,0.1318003237247467,-0.0031970967538654804,0.0,0.0,0.0,0.0,0.0017068050801753998,0.5197107195854187
adam,214,212.700927734375,0.12427990883588791,0.0015969420783221722,0.04080142080783844,0.03159768506884575,0.13156725466251373,-0.003201819723471999,0.0,0.0,0.0,0.0,0.0016687370371073484,0.5194107294082642
adam,215,212.5111541748047,0.12249451130628586,0.0015946218045428395,0.03948293253779411,0.032938964664936066,0.13125433027744293,-0.0032058358192443848,0.0,0.0,0.0,0.0,0.0016278174007311463,0.5191047787666321
adam,216,212.3724822998047,0.12243008613586426,0.0015927385538816452,0.03821473568677902,0.034447602927684784,0.13093319535255432,-0.0032097329385578632,0.0,0.0,0.0,0.0,0.0015925003681331873,0.5187930464744568
adam,217,212.25466918945312,0.12318401038646698,0.0015909498324617743,0.036659687757492065,0.035364966839551926,0.13071724772453308,-0.003214084543287754,0.0,0.0,0.0,0.0,0.0015488306526094675,0.518478512763977
adam,218,212.07778930664062,0.1222529411315918,0.0015888395719230175,0.03505099564790726,0.035441577434539795,0.13059356808662415,-0.0032192408107221127,0.0,0.0,0.0,0.0,0.001474942546337843,0.5181658267974854
adam,219,211.83218383789062,0.11913012713193893,0.0015864187153056264,0.03328746557235718,0.034508075565099716,0.13062438368797302,-0.0032253952231258154,0.0,0.0,0.0,0.0,0.0013877181336283684,0.5178557634353638
adam,220,211.53318786621094,0.11418670415878296,0.0015839203260838985,0.03145493194460869,0.03284045681357384,0.13080628216266632,-0.003232599701732397,0.0,0.0,0.0,0.0,0.001301888027228415,0.5175472497940063
adam,221,211.2396697998047,0.10938182473182678,0.0015813801437616348,0.030274635180830956,0.03125794604420662,0.1308252513408661,-0.003239664249122143,0.0,0.0,0.0,0.0,0.0012181223137304187,0.5172412991523743
adam,222,211.0159912109375,0.1064298152923584,0.0015786325093358755,0.029613705351948738,0.029776589944958687,0.13067138195037842,-0.003244440071284771,0.0,0.0,0.0,0.0,0.001151326927356422,0.5169592499732971
adam,223,210.8387451171875,0.10483375191688538,0.0015764707932248712,0.02888934314250946,0.027995996177196503,0.1306113600730896,-0.0032481218222528696,0.0,0.0,0.0,0.0,0.0010999656515195966,0.5166795253753662
adam,224,210.7010498046875,0.10437167435884476,0.0015751358587294817,0.028545565903186798,0.02661753073334694,0.13040509819984436,-0.003251261543482542,0.0,0.0,0.0,0.0,0.0010645886650308967,0.5164020657539368
adam,225,210.56246948242188,0.10376197099685669,0.0015747940633445978,0.028391895815730095,0.02565847709774971,0.13011537492275238,-0.0032552778720855713,0.0,0.0,0.0,0.0,0.0010430876864120364,0.5161230564117432
adam,226,210.41903686523438,0.10292739421129227,0.00157519755885005,0.02795291692018509,0.024673400446772575,0.12998057901859283,-0.0032602695282548666,0.0,0.0,0.0,0.0,0.0010340606095269322,0.5158380270004272
adam,227,210.24317932128906,0.10093234479427338,0.0015755608910694718,0.027974454686045647,0.024021491408348083,0.1296059638261795,-0.003264026716351509,0.0,0.0,0.0,0.0,0.0010430606780573726,0.5155470371246338
adam,228,210.0443115234375,0.09819450974464417,0.0015757918590679765,0.028219904750585556,0.023548807948827744,0.12911644577980042,-0.0032672632951289415,0.0,0.0,0.0,0.0,0.0010630810866132379,0.5152467489242554
adam,229,209.83035278320312,0.09512258321046829,0.0015761196846142411,0.02851506508886814,0.02326684072613716,0.12860801815986633,-0.003271870082244277,0.0,0.0,0.0,0.0,0.0010805128840729594,0.5149354934692383
adam,230,209.6425323486328,0.0930178314447403,0.001576548209413886,0.029264668002724648,0.02341069094836712,0.12790679931640625,-0.003277144394814968,0.0,0.0,0.0,0.0,0.0010989870643243194,0.5146171450614929
adam,231,209.47518920898438,0.09168411791324615,0.0015775912906974554,0.02940441109240055,0.023172881454229355,0.12754438817501068,-0.0032836594618856907,0.0,0.0,0.0,0.0,0.001116242608986795,0.5142905712127686
adam,232,209.31283569335938,0.09049142897129059,0.001579088857397437,0.029916368424892426,0.02325332537293434,0.12701521813869476,-0.003291105153039098,0.0,0.0,0.0,0.0,0.001117876498028636,0.5139784812927246
adam,233,209.10585021972656,0.08808954060077667,0.001581823918968439,0.030540311709046364,0.023578669875860214,0.12644873559474945,-0.0033019983675330877,0.0,0.0,0.0,0.0,0.001102385576814413,0.5136582255363464
adam,234,208.87608337402344,0.08512632548809052,0.0015853974036872387,0.03169458359479904,0.02422637678682804,0.125700443983078,-0.0033145765773952007,0.0,0.0,0.0,0.0,0.0010724406456574798,0.5133347511291504
adam,235,208.65380859375,0.08247837424278259,0.0015893875388428569,0.03278391808271408,0.024492625147104263,0.12505242228507996,-0.0033275873865932226,0.0,0.0,0.0,0.0,0.0010342856403440237,0.5130119919776917
adam,236,208.47413635253906,0.08120057731866837,0.0015935790725052357,0.03357665613293648,0.02423148602247238,0.12457336485385895,-0.003341346513479948,0.0,0.0,0.0,0.0,0.0009967010701075196,0.5126919150352478
adam,237,208.32713317871094,0.08094742894172668,0.0015977013390511274,0.03464341536164284,0.02390831708908081,0.12407410889863968,-0.003355060936883092,0.0,0.0,0.0,0.0,0.0009584757499396801,0.5123770236968994
adam,238,208.20947265625,0.08142683655023575,0.0016018826281651855,0.035073090344667435,0.022863799706101418,0.12383908778429031,-0.0033670722041279078,0.0,0.0,0.0,0.0,0.000938634795602411,0.5120658278465271
adam,239,208.0967559814453,0.08228534460067749,0.00160606496501714,0.036413807421922684,0.022226765751838684,0.12342161685228348,-0.0033771225716918707,0.0,0.0,0.0,0.0,0.0008886586874723434,0.5117611289024353
adam,240,207.9643096923828,0.08188344538211823,0.0016119638457894325,0.03543366491794586,0.020654067397117615,0.1236211508512497,-0.0033886905293911695,0.0,0.0,0.0,0.0,0.0009046147461049259,0.5114501714706421
adam,241,207.87806701660156,0.08358204364776611,0.0016178740188479424,0.037981435656547546,0.021179765462875366,0.12291645258665085,-0.00339874136261642,0.0,0.0,0.0,0.0,0.0008498463430441916,0.5111516714096069
adam,242,207.6964874267578,0.0808536559343338,0.00162630551494658,0.03374412655830383,0.018713902682065964,0.12387215346097946,-0.0034128036350011826,0.0,0.0,0.0,0.0,0.0009081418975256383,0.510858416557312
adam,243,207.3594207763672,0.07379787415266037,0.0016328979982063174,0.03525763377547264,0.01902591437101364,0.12321153283119202,-0.0034220560919493437,0.0,0.0,0.0,0.0,0.0008624974288977683,0.5105842351913452
adam,244,207.33587646484375,0.07663087546825409,0.001640192000195384,0.03608562797307968,0.019379444420337677,0.12272314727306366,-0.0034333670046180487,0.0,0.0,0.0,0.0,0.0008811502484604716,0.5103029608726501
adam,245,207.2048797607422,0.07561339437961578,0.0016489194240421057,0.03222636878490448,0.01771019771695137,0.12364579737186432,-0.003449531737715006,0.0,0.0,0.0,0.0,0.0009297761134803295,0.5100134611129761
adam,246,206.98851013183594,0.07253780961036682,0.0016556666232645512,0.032637663185596466,0.017718998715281487,0.12322275340557098,-0.0034616398625075817,0.0,0.0,0.0,0.0,0.0008862808463163674,0.5097403526306152
adam,247,206.89390563964844,0.07316441088914871,0.0016637463122606277,0.033498991280794144,0.01847127266228199,0.12257388234138489,-0.0034794665407389402,0.0,0.0,0.0,0.0,0.0008835792541503906,0.5094642043113708
adam,248,206.7157440185547,0.0709085613489151,0.0016738176345825195,0.030816150829195976,0.01765364781022072,0.12320475280284882,-0.0035002604126930237,0.0,0.0,0.0,0.0,0.0008868070435710251,0.5091838240623474
adam,249,206.61077880859375,0.07160323113203049,0.001682622591033578,0.03122640959918499,0.017819587141275406,0.12269794195890427,-0.0035141652915626764,0.0,0.0,0.0,0.0,0.0008325183880515397,0.508915364742279
adam,250,206.43310546875,0.06960495561361313,0.0016925177769735456,0.032672785222530365,0.01903943158686161,0.1217171773314476,-0.00353458384051919,0.0,0.0,0.0,0.0,0.000807124946732074,0.5086476802825928
adam,251,206.2845001220703,0.06829629838466644,0.0017024908447638154,0.03125707805156708,0.01847786270081997,0.12183823436498642,-0.003552571404725313,0.0,0.0,0.0,0.0,0.0008025583229027689,0.5083796977996826
adam,252,206.15768432617188,0.06766495108604431,0.0017091215122491121,0.0309826098382473,0.017965463921427727,0.12150224298238754,-0.0035618047695606947,0.0,0.0,0.0,0.0,0.0007609202875755727,0.5081468224525452
adam,253,205.96432495117188,0.0645938366651535,0.001716146245598793,0.03142785280942917,0.018058931455016136,0.12085063010454178,-0.003572647925466299,0.0,0.0,0.0,0.0,0.000744663760997355,0.5079131722450256
adam,254,205.92074584960938,0.06606603413820267,0.0017237671418115497,0.03172854706645012,0.018244661390781403,0.12025555223226547,-0.0035840014461427927,0.0,0.0,0.0,0.0,0.0007744765025563538,0.5076780319213867
adam,255,205.72601318359375,0.06309638917446136,0.0017300547333434224,0.031520165503025055,0.017708100378513336,0.1199348047375679,-0.003591046668589115,0.0,0.0,0.0,0.0,0.0007415749132633209,0.507443904876709
adam,256,205.70484924316406,0.06568586081266403,0.0017367410473525524,0.030938003212213516,0.01720627024769783,0.11978325992822647,-0.003597993403673172,0.0,0.0,0.0,0.0,0.0007293341914191842,0.5072097778320312
adam,257,205.53919982910156,0.0632430911064148,0.0017445504199713469,0.030738506466150284,0.017484838142991066,0.11946459859609604,-0.003609459614381194,0.0,0.0,0.0,0.0,0.0007357915164902806,0.5069778561592102
adam,258,205.41481018066406,0.062465377151966095,0.001750221592374146,0.031174102798104286,0.017817756161093712,0.11896670609712601,-0.0036164000630378723,0.0,0.0,0.0,0.0,0.0007127855787985027,0.5067473649978638
adam,259,205.29901123046875,0.062023013830184937,0.0017543910071253777,0.03074461594223976,0.017526067793369293,0.11886338889598846,-0.0036207414232194424,0.0,0.0,0.0,0.0,0.0006838804110884666,0.5065152645111084
adam,260,205.12982177734375,0.059530116617679596,0.001760005601681769,0.02914278209209442,0.017328117042779922,0.1192433312535286,-0.0036322532687336206,0.0,0.0,0.0,0.0,0.0006761724362149835,0.5062834620475769
adam,261,205.02926635742188,0.059271298348903656,0.0017646795604377985,0.0285075381398201,0.017651384696364403,0.11930517852306366,-0.003640286158770323,0.0,0.0,0.0,0.0,0.0006724933627992868,0.5060539841651917
adam,262,204.93597412109375,0.059123069047927856,0.001767983427271247,0.028717681765556335,0.018048308789730072,0.11900255084037781,-0.003642541589215398,0.0,0.0,0.0,0.0,0.0006662568193860352,0.5058392882347107
adam,263,204.79171752929688,0.05709638446569443,0.0017730951076373458,0.02800077758729458,0.018324295058846474,0.11911843717098236,-0.003650328144431114,0.0,0.0,0.0,0.0,0.0006749118329025805,0.505623459815979
adam,264,204.75108337402344,0.058403752744197845,0.00177843461278826,0.02702447399497032,0.018573999404907227,0.11941088736057281,-0.0036604737397283316,0.0,0.0,0.0,0.0,0.0006917695864103734,0.5054088234901428
adam,265,204.5822296142578,0.05571140721440315,0.0017806312534958124,0.027284739539027214,0.018849562853574753,0.11918492615222931,-0.0036627729423344135,0.0,0.0,0.0,0.0,0.0006859111599624157,0.505194902420044
adam,266,204.49465942382812,0.05570295825600624,0.0017824792303144932,0.027774164453148842,0.019133174791932106,0.11883949488401413,-0.003665463998913765,0.0,0.0,0.0,0.0,0.0006853009690530598,0.5049800276756287
adam,267,204.3722686767578,0.05445997416973114,0.0017855758778750896,0.02743300423026085,0.019159065559506416,0.11884000897407532,-0.0036741825751960278,0.0,0.0,0.0,0.0,0.000689817126840353,0.5047644376754761
adam,268,204.2310028076172,0.052786797285079956,0.0017869725124910474,0.027350066229701042,0.018970437347888947,0.11874455213546753,-0.003677835687994957,0.0,0.0,0.0,0.0,0.0006759819225408137,0.5045487880706787
adam,269,204.1597137451172,0.05347709357738495,0.0017883629770949483,0.02768689952790737,0.01935182698071003,0.11842162162065506,-0.0036793069448322058,0.0,0.0,0.0,0.0,0.0006581713096238673,0.5043349266052246
adam,270,204.07070922851562,0.05343888700008392,0.0017912383191287518,0.027508381754159927,0.020012540742754936,0.11826827377080917,-0.0036857621744275093,0.0,0.0,0.0,0.0,0.000651972834020853,0.5041210055351257
adam,271,203.9270782470703,0.05159638077020645,0.001791822724044323,0.02725348062813282,0.01991911046206951,0.11817730218172073,-0.003687110496684909,0.0,0.0,0.0,0.0,0.0006475271075032651,0.5039052367210388
adam,272,203.83526611328125,0.05142601206898689,0.0017923545092344284,0.027032259851694107,0.01997704990208149,0.11803266406059265,-0.00368803134188056,0.0,0.0,0.0,0.0,0.0006348699098452926,0.5037000775337219
adam,273,203.738525390625,0.0510796457529068,0.0017945400904864073,0.026899367570877075,0.020670095458626747,0.11778382956981659,-0.0036927179899066687,0.0,0.0,0.0,0.0,0.0006212574080564082,0.503496527671814
adam,274,203.60693359375,0.04959080368280411,0.0017959423130378127,0.026710044592618942,0.020601050928235054,0.11755433678627014,-0.00369451567530632,0.0,0.0,0.0,0.0,0.000610274204518646,0.5032907724380493
adam,275,203.54551696777344,0.05039927363395691,0.0017976099625229836,0.02641504444181919,0.020185640081763268,0.11738161742687225,-0.003696075174957514,0.0,0.0,0.0,0.0,0.0006041276501491666,0.5030845999717712
adam,276,203.4241485595703,0.04921826720237732,0.0018006860045716166,0.026297209784388542,0.02034541592001915,0.117132268846035,-0.0037013706751167774,0.0,0.0,0.0,0.0,0.0005923236021772027,0.502881646156311
adam,277,203.3075408935547,0.04821553826332092,0.0018016936955973506,0.026449786499142647,0.01975170336663723,0.11684092879295349,-0.00370107707567513,0.0,0.0,0.0,0.0,0.000580056628677994,0.5026789307594299
adam,278,203.22946166992188,0.048472821712493896,0.001802974147722125,0.02633036859333515,0.018813934177160263,0.11673958599567413,-0.0037024011835455894,0.0,0.0,0.0,0.0,0.0005687103839591146,0.5024760961532593
adam,279,203.14759826660156,0.04844937101006508,0.001806227141059935,0.026755256578326225,0.01894833892583847,0.11637096107006073,-0.00370615953579545,0.0,0.0,0.0,0.0,0.0005716384621337056,0.5022746324539185
adam,280,203.03302001953125,0.04746650531888008,0.0018081762827932835,0.02764410898089409,0.018981534987688065,0.11587174236774445,-0.0037026628851890564,0.0,0.0,0.0,0.0,0.0005637123249471188,0.5020724534988403
adam,281,202.9124298095703,0.04622390866279602,0.0018120512831956148,0.027344856411218643,0.01877421699464321,0.11594574898481369,-0.003707531373947859,0.0,0.0,0.0,0.0,0.0005583480815403163,0.5018681883811951
adam,282,202.83734130859375,0.046362169086933136,0.0018153866985812783,0.028212619945406914,0.01931219920516014,0.11544052511453629,-0.0037105483934283257,0.0,0.0,0.0,0.0,0.0005615866975858808,0.5016714930534363
adam,283,202.74864196777344,0.04622270166873932,0.0018168095266446471,0.02964778058230877,0.019799618050456047,0.11477851122617722,-0.0037073208950459957,0.0,0.0,0.0,0.0,0.0005485888104885817,0.5014748573303223
adam,284,202.63809204101562,0.04503656178712845,0.0018209397094324231,0.028476091101765633,0.019442683085799217,0.1151781976222992,-0.0037144599482417107,0.0,0.0,0.0,0.0,0.0005593067035079002,0.5012770891189575
adam,285,202.5421600341797,0.04462688788771629,0.0018241433426737785,0.029117446392774582,0.019677408039569855,0.11475556343793869,-0.003715924918651581,0.0,0.0,0.0,0.0,0.0005509932525455952,0.5010779500007629
adam,286,202.46070861816406,0.04473690688610077,0.0018270817818120122,0.030479293316602707,0.020269284024834633,0.11406498402357101,-0.003713678102940321,0.0,0.0,0.0,0.0,0.0005427069263532758,0.5008774995803833
adam,287,202.38002014160156,0.04447491839528084,0.001831898931413889,0.028658971190452576,0.01937655173242092,0.1146850436925888,-0.003719809465110302,0.0,0.0,0.0,0.0,0.0005671152612194419,0.5006741285324097
adam,288,202.28697204589844,0.044458772987127304,0.0018338331719860435,0.029596760869026184,0.01915179193019867,0.11419101059436798,-0.0037159984931349754,0.0,0.0,0.0,0.0,0.0005400873487815261,0.5004678964614868
adam,289,202.1892852783203,0.043796356767416,0.0018387447344139218,0.030493581667542458,0.020265720784664154,0.11372862756252289,-0.00371723435819149,0.0,0.0,0.0,0.0,0.0005561552825383842,0.5002635717391968
adam,290,202.07838439941406,0.043006014078855515,0.0018429731717333198,0.028597572818398476,0.019534973427653313,0.11453624069690704,-0.003715931437909603,0.0,0.0,0.0,0.0,0.0005393463070504367,0.5000526905059814
adam,291,201.96580505371094,0.04207649081945419,0.0018481890438124537,0.02860492654144764,0.02047964185476303,0.11450540274381638,-0.003717574290931225,0.0,0.0,0.0,0.0,0.0005340039497241378,0.49984365701675415
adam,292,201.87327575683594,0.041842326521873474,0.0018518315628170967,0.02945254184305668,0.021498560905456543,0.11405979096889496,-0.0037150997668504715,0.0,0.0,0.0,0.0,0.0005264661158435047,0.4996378719806671
adam,293,201.7864227294922,0.041748449206352234,0.0018557145958766341,0.028683384880423546,0.021199753507971764,0.11431451141834259,-0.0037148618139326572,0.0,0.0,0.0,0.0,0.0005277934251353145,0.49942547082901
adam,294,201.6952362060547,0.04154668375849724,0.0018604440847411752,0.02837018109858036,0.021210553124547005,0.11426270008087158,-0.00371758034452796,0.0,0.0,0.0,0.0,0.0005340715870261192,0.49920910596847534
adam,295,201.60528564453125,0.0417618528008461,0.0018629396799951792,0.030595021322369576,0.022213302552700043,0.11303252726793289,-0.003712135599926114,0.0,0.0,0.0,0.0,0.0005212547839619219,0.4989874064922333
adam,296,201.5172119140625,0.041665710508823395,0.00186708546243608,0.02993391454219818,0.021968357264995575,0.11299655586481094,-0.003714882768690586,0.0,0.0,0.0,0.0,0.000540236767847091,0.49876222014427185
adam,297,201.44839477539062,0.04271863028407097,0.0018672720761969686,0.03007148951292038,0.021388540044426918,0.1127018928527832,-0.0037088016979396343,0.0,0.0,0.0,0.0,0.0005219604354351759,0.4985293447971344
adam,298,201.39805603027344,0.043760184198617935,0.0018703859532251954,0.030754536390304565,0.022942030802369118,0.11214493215084076,-0.00370988086797297,0.0,0.0,0.0,0.0,0.0005565181490965188,0.49830251932144165
adam,299,201.36672973632812,0.046223435550928116,0.001869023428298533,0.03133941814303398,0.022855019196867943,0.11179205775260925,-0.0036971187219023705,0.0,0.0,0.0,0.0,0.000530114455614239,0.49806278944015503
adam,300,201.3252716064453,0.047226231545209885,0.0018735440680757165,0.028895676136016846,0.023270579054951668,0.11267418414354324,-0.003703655209392309,0.0,0.0,0.0,0.0,0.000588607566896826,0.49783259630203247
adam,301,201.17041015625,0.04586021974682808,0.0018699152860790491,0.03148568049073219,0.023880191147327423,0.11155593395233154,-0.0036860816180706024,0.0,0.0,0.0,0.0,0.0005398408975452185,0.4975928068161011
adam,302,200.9166259765625,0.04031441733241081,0.0018717660568654537,0.0307698305696249,0.02425188384950161,0.11169376969337463,-0.00368706276640296,0.0,0.0,0.0,0.0,0.0005492419004440308,0.49736616015434265
adam,303,200.93975830078125,0.043890330940485,0.0018729956354945898,0.029509322717785835,0.024331109598279,0.1120700016617775,-0.0036852876655757427,0.0,0.0,0.0,0.0,0.0005758296465501189,0.49713316559791565
adam,304,200.8236083984375,0.04361189901828766,0.0018699582433328032,0.02976072207093239,0.023829253390431404,0.11179588735103607,-0.0036726323887705803,0.0,0.0,0.0,0.0,0.0005463181878440082,0.4968896806240082
adam,305,200.6271514892578,0.040326282382011414,0.0018700583605095744,0.030600661411881447,0.0253064576536417,0.11113663017749786,-0.0036680293269455433,0.0,0.0,0.0,0.0,0.0005448299343697727,0.49665024876594543
adam,306,200.66195678710938,0.04444534331560135,0.0018708353163674474,0.029697483405470848,0.02598429098725319,0.11121240258216858,-0.0036677545867860317,0.0,0.0,0.0,0.0,0.000575902231503278,0.4964044392108917
adam,307,200.47674560546875,0.04201030731201172,0.001867294660769403,0.029217073693871498,0.024830354377627373,0.11119498312473297,-0.0036578155122697353,0.0,0.0,0.0,0.0,0.0005520042614080012,0.4961450397968292
adam,308,200.33885192871094,0.04090973734855652,0.0018659821944311261,0.031584542244672775,0.02707972750067711,0.10987254977226257,-0.0036477146204560995,0.0,0.0,0.0,0.0,0.000555565522518009,0.4958886206150055
adam,309,200.35089111328125,0.044507868587970734,0.0018666181713342667,0.03178967908024788,0.028455553576350212,0.10949057340621948,-0.0036459616385400295,0.0,0.0,0.0,0.0,0.0005880336393602192,0.4956265091896057
adam,310,200.13075256347656,0.04116487503051758,0.0018626314122229815,0.03063623607158661,0.02620546892285347,0.10979444533586502,-0.003637052606791258,0.0,0.0,0.0,0.0,0.000561643741093576,0.49534887075424194
adam,311,200.03475952148438,0.041707612574100494,0.0018600838957354426,0.03229781985282898,0.026889340952038765,0.10891406238079071,-0.003625196870416403,0.0,0.0,0.0,0.0,0.0005682722548954189,0.49507007002830505
adam,312,199.94847106933594,0.042250558733940125,0.0018609748221933842,0.03275105729699135,0.027903731912374496,0.10849789530038834,-0.003623231081292033,0.0,0.0,0.0,0.0,0.0005944601143710315,0.49479663372039795
adam,313,199.77468872070312,0.04040275886654854,0.0018595848232507706,0.03332308307290077,0.02800418995320797,0.10807918757200241,-0.003614916931837797,0.0,0.0,0.0,0.0,0.0005856487550772727,0.4945114254951477
adam,314,199.7444305419922,0.04339183121919632,0.001857583993114531,0.03313848003745079,0.027332374826073647,0.10792228579521179,-0.0036053992807865143,0.0,0.0,0.0,0.0,0.000584272260311991,0.49421605467796326
adam,315,199.5520782470703,0.040775105357170105,0.0018590078689157963,0.032147619873285294,0.027521677315235138,0.1079840287566185,-0.0036066179163753986,0.0,0.0,0.0,0.0,0.0006015881081111729,0.4939190745353699
adam,316,199.46531677246094,0.041842907667160034,0.0018588119419291615,0.0341191440820694,0.029557373374700546,0.10694342851638794,-0.0035985209979116917,0.0,0.0,0.0,0.0,0.0006181778735481203,0.49361565709114075
adam,317,199.36534118652344,0.042991116642951965,0.0018566236831247807,0.035100895911455154,0.02950039692223072,0.1063607856631279,-0.0035867008846253157,0.0,0.0,0.0,0.0,0.0006018228596076369,0.4932975172996521
adam,318,199.1857147216797,0.04116181284189224,0.0018574587302282453,0.03256096690893173,0.028010843321681023,0.10700768977403641,-0.0035876245237886906,0.0,0.0,0.0,0.0,0.0006171093555167317,0.4929731488227844
adam,319,199.0980987548828,0.04247964173555374,0.0018575614085420966,0.03332149609923363,0.028719909489154816,0.10645193606615067,-0.00358229735866189,0.0,0.0,0.0,0.0,0.0006403331644833088,0.49264219403266907
adam,320,198.98379516601562,0.04356464371085167,0.0018546819919720292,0.03696977719664574,0.030470341444015503,0.1050100177526474,-0.0035667475312948227,0.0,0.0,0.0,0.0,0.0006176269962452352,0.4923006296157837
adam,321,198.78294372558594,0.04141188785433769,0.0018548775697126985,0.03518616780638695,0.02999137155711651,0.10531210899353027,-0.0035666783805936575,0.0,0.0,0.0,0.0,0.0006299146916717291,0.49195095896720886
adam,322,198.701904296875,0.043104566633701324,0.0018553809495642781,0.03326715901494026,0.0291477981954813,0.10576921701431274,-0.0035681400913745165,0.0,0.0,0.0,0.0,0.000650897971354425,0.4916047751903534
adam,323,198.53729248046875,0.04252708703279495,0.0018532724352553487,0.03517806529998779,0.030402399599552155,0.1047796830534935,-0.0035581067204475403,0.0,0.0,0.0,0.0,0.0006398871773853898,0.4912516474723816
adam,324,198.39566040039062,0.0426681824028492,0.0018529200460761786,0.03690461069345474,0.03179188445210457,0.10389541834592819,-0.003553295973688364,0.0,0.0,0.0,0.0,0.0006455105030909181,0.4908883273601532
adam,325,198.2783966064453,0.04360199719667435,0.0018535322742536664,0.036421261727809906,0.03174922987818718,0.10374244302511215,-0.003553741378709674,0.0,0.0,0.0,0.0,0.0006659274222329259,0.4905126392841339
adam,326,198.12196350097656,0.04383346438407898,0.0018518988508731127,0.03590928018093109,0.031008845195174217,0.10367856174707413,-0.0035487960558384657,0.0,0.0,0.0,0.0,0.000646421976853162,0.49012184143066406
adam,327,197.95700073242188,0.04350327327847481,0.001851270324550569,0.03639288991689682,0.03212537243962288,0.1033102348446846,-0.0035422940272837877,0.0,0.0,0.0,0.0,0.0006595806917175651,0.48972612619400024
adam,328,197.85015869140625,0.045116499066352844,0.00185075041372329,0.03672080114483833,0.03327410668134689,0.1030268669128418,-0.0035385251976549625,0.0,0.0,0.0,0.0,0.0006889788201078773,0.4893169403076172
adam,329,197.69052124023438,0.04553975909948349,0.001846988801844418,0.03800253942608833,0.034383248537778854,0.1024850383400917,-0.0035255160182714462,0.0,0.0,0.0,0.0,0.0006788945174776018,0.4888962209224701
adam,330,197.5387420654297,0.04625706747174263,0.0018466218607500196,0.035453055053949356,0.03276314213871956,0.10311539471149445,-0.0035271174274384975,0.0,0.0,0.0,0.0,0.0006829638150520623,0.48845934867858887
adam,331,197.43212890625,0.04814841225743294,0.0018450396601110697,0.03655146434903145,0.03452455997467041,0.10245499759912491,-0.003518876386806369,0.0,0.0,0.0,0.0,0.0007160381646826863,0.488029420375824
adam,332,197.33261108398438,0.05048086866736412,0.0018405980663374066,0.038009949028491974,0.03402921184897423,0.1017228439450264,-0.003508405527099967,0.0,0.0,0.0,0.0,0.000711681495886296,0.4876163899898529
adam,333,197.09796142578125,0.04777484014630318,0.0018395822262391448,0.037714287638664246,0.03457101434469223,0.10154775530099869,-0.0035063517279922962,0.0,0.0,0.0,0.0,0.0007348310318775475,0.48721715807914734
adam,334,196.8597869873047,0.045547761023044586,0.00183763331733644,0.036684371531009674,0.033745814114809036,0.10163191705942154,-0.0035032741725444794,0.0,0.0,0.0,0.0,0.0007183737470768392,0.486803263425827
adam,335,196.79074096679688,0.048930443823337555,0.0018350537866353989,0.03705887123942375,0.03371025621891022,0.10128713399171829,-0.0034969844855368137,0.0,0.0,0.0,0.0,0.0007221665582619607,0.4863778054714203
adam,336,196.69378662109375,0.05094915255904198,0.0018341067479923368,0.038291603326797485,0.03524709492921829,0.10071954876184464,-0.003494245931506157,0.0,0.0,0.0,0.0,0.0007669059559702873,0.4859527051448822
adam,337,196.46116638183594,0.049441155046224594,0.0018312045140191913,0.039022061973810196,0.034683600068092346,0.1003408432006836,-0.003489366266876459,0.0,0.0,0.0,0.0,0.0007445605588145554,0.48550546169281006
adam,338,196.21136474609375,0.046890318393707275,0.0018299384973943233,0.03837348520755768,0.03469240292906761,0.10043324530124664,-0.0034878221340477467,0.0,0.0,0.0,0.0,0.0007540337392129004,0.48506513237953186
adam,339,196.12753295898438,0.049869924783706665,0.001827800297178328,0.038286615163087845,0.034881964325904846,0.1003519594669342,-0.00348537671379745,0.0,0.0,0.0,0.0,0.0007851435802876949,0.48460957407951355
adam,340,196.0192108154297,0.05291179195046425,0.0018236850155517459,0.03984193503856659,0.034863412380218506,0.09967904537916183,-0.00347886816598475,0.0,0.0,0.0,0.0,0.0007684684242121875,0.4841288924217224
adam,341,195.76597595214844,0.050460800528526306,0.0018227422842755914,0.04060048609972,0.036207910627126694,0.09926149249076843,-0.0034791992511600256,0.0,0.0,0.0,0.0,0.0007960781804285944,0.48366042971611023
adam,342,195.54930114746094,0.04902806878089905,0.0018205726519227028,0.04069347679615021,0.035688646137714386,0.09917274117469788,-0.003475998528301716,0.0,0.0,0.0,0.0,0.0007902719080448151,0.48323240876197815
adam,343,195.40985107421875,0.05033649876713753,0.0018189859110862017,0.039379872381687164,0.034377358853816986,0.09946481883525848,-0.0034782257862389088,0.0,0.0,0.0,0.0,0.0007887305109761655,0.48278775811195374
adam,344,195.25584411621094,0.051051851361989975,0.0018188545946031809,0.03980785608291626,0.03471098467707634,0.09926290065050125,-0.0034809759818017483,0.0,0.0,0.0,0.0,0.0008081617997959256,0.4823356866836548
adam,345,195.0648193359375,0.05079807713627815,0.00181586726102978,0.04256928339600563,0.0355718620121479,0.09856151789426804,-0.003470983123406768,0.0,0.0,0.0,0.0,0.0008076087688095868,0.4818800091743469
adam,346,194.849609375,0.04978172108530998,0.0018153168493881822,0.040308527648448944,0.03429665043950081,0.09911727160215378,-0.0034775021485984325,0.0,0.0,0.0,0.0,0.000817962340079248,0.4814096689224243
adam,347,194.72164916992188,0.051869653165340424,0.0018149492098018527,0.038287512958049774,0.03344190865755081,0.09976693242788315,-0.0034846379421651363,0.0,0.0,0.0,0.0,0.0008288726676255465,0.4809219241142273
adam,348,194.52976989746094,0.05208940431475639,0.0018108593067154288,0.04162680357694626,0.03445105627179146,0.09877169877290726,-0.0034723887220025063,0.0,0.0,0.0,0.0,0.0008286802913062274,0.4804307222366333
adam,349,194.3297882080078,0.051898807287216187,0.0018097341526299715,0.042151305824518204,0.034627337008714676,0.09857337176799774,-0.003476529847830534,0.0,0.0,0.0,0.0,0.0008541219867765903,0.4799272418022156
adam,350,194.09744262695312,0.051094383001327515,0.0018081392627209425,0.039945799857378006,0.03308197483420372,0.09907691925764084,-0.0034834682010114193,0.0,0.0,0.0,0.0,0.0008529150509275496,0.47940793633461
adam,351,193.93603515625,0.05280438810586929,0.001805725391022861,0.03923352062702179,0.0325411818921566,0.0992431640625,-0.0034850460942834616,0.0,0.0,0.0,0.0,0.0008565257303416729,0.4788735508918762
adam,352,193.7509002685547,0.053034793585538864,0.0018032852094620466,0.04095207154750824,0.03328632563352585,0.09878363460302353,-0.0034824623726308346,0.0,0.0,0.0,0.0,0.0008861575042828918,0.4783726632595062
adam,353,193.5406036376953,0.05303790047764778,0.001799448044039309,0.0428081750869751,0.0333823524415493,0.09835834056138992,-0.003473654855042696,0.0,0.0,0.0,0.0,0.000872927310410887,0.4778584837913513
adam,354,193.310302734375,0.052210696041584015,0.0017984306905418634,0.04147031158208847,0.032481130212545395,0.09871421754360199,-0.0034786087926477194,0.0,0.0,0.0,0.0,0.0008849229197949171,0.47733524441719055
adam,355,193.148193359375,0.05363064631819725,0.0017963072750717402,0.04063042253255844,0.03195212408900261,0.09892327338457108,-0.003481685183942318,0.0,0.0,0.0,0.0,0.000917229161132127,0.47679904103279114
adam,356,192.95274353027344,0.05457810312509537,0.0017909534508362412,0.04248629882931709,0.03205006569623947,0.09830290824174881,-0.0034714825451374054,0.0,0.0,0.0,0.0,0.0009107542573474348,0.47624853253364563
adam,357,192.74642944335938,0.05510599538683891,0.0017888301517814398,0.04268423467874527,0.031844258308410645,0.09815820306539536,-0.003474955912679434,0.0,0.0,0.0,0.0,0.0009258441277779639,0.47568368911743164
adam,358,192.4775848388672,0.05388428643345833,0.0017852509627118707,0.04240792617201805,0.03079855628311634,0.098171167075634,-0.0034737088717520237,0.0,0.0,0.0,0.0,0.0009201025823131204,0.47510966658592224
adam,359,192.26995849609375,0.05458087474107742,0.001782343490049243,0.04183851182460785,0.030158212408423424,0.09831295162439346,-0.00347581272944808,0.0,0.0,0.0,0.0,0.0009431510115973651,0.4745213985443115
adam,360,192.04708862304688,0.055117182433605194,0.001779387821443379,0.042257994413375854,0.03017718717455864,0.09820979833602905,-0.003476097248494625,0.0,0.0,0.0,0.0,0.0009629024425521493,0.4739097058773041
adam,361,191.8745574951172,0.05785931646823883,0.0017742335330694914,0.04372820630669594,0.030003909021615982,0.097862608730793,-0.0034671758767217398,0.0,0.0,0.0,0.0,0.0009592001442797482,0.47327759861946106
adam,362,191.6400909423828,0.057338081300258636,0.0017732217675074935,0.04238373413681984,0.029291531071066856,0.09828870743513107,-0.003474161960184574,0.0,0.0,0.0,0.0,0.0009870411595329642,0.4727078974246979
adam,363,191.3939971923828,0.05698033422231674,0.0017703176708891988,0.04236801341176033,0.028380466625094414,0.0983152911067009,-0.0034732981584966183,0.0,0.0,0.0,0.0,0.0009834828088060021,0.47212347388267517
adam,364,191.12599182128906,0.055876217782497406,0.001767856883816421,0.04358876496553421,0.028179218992590904,0.09802879393100739,-0.0034747079480439425,0.0,0.0,0.0,0.0,0.0010036695748567581,0.4715229570865631
adam,365,190.9393768310547,0.05769149214029312,0.0017649679211899638,0.045222096145153046,0.028510088101029396,0.09767194092273712,-0.003473627381026745,0.0,0.0,0.0,0.0,0.0010254168882966042,0.4709049463272095
adam,366,190.73194885253906,0.059241972863674164,0.0017601068830117583,0.044929616153240204,0.02789534442126751,0.0976661965250969,-0.0034688510932028294,0.0,0.0,0.0,0.0,0.0010259042028337717,0.47027140855789185
adam,367,190.51548767089844,0.06019933149218559,0.0017572930082678795,0.04230295866727829,0.026960570365190506,0.09827429801225662,-0.0034762322902679443,0.0,0.0,0.0,0.0,0.0010620022658258677,0.46963000297546387
adam,368,190.21788024902344,0.0590948723256588,0.001752637792378664,0.04388568922877312,0.026981377974152565,0.09770422428846359,-0.003469496965408325,0.0,0.0,0.0,0.0,0.0010599179659038782,0.4689747393131256
adam,369,189.9365997314453,0.058514513075351715,0.0017480960814282298,0.04556833207607269,0.02689370885491371,0.09722670167684555,-0.00346775958314538,0.0,0.0,0.0,0.0,0.0010789786465466022,0.46830394864082336
adam,370,189.6998748779297,0.05967191606760025,0.0017440912779420614,0.04492224007844925,0.026037007570266724,0.09724175184965134,-0.0034696082584559917,0.0,0.0,0.0,0.0,0.0011005382984876633,0.4676116108894348
adam,371,189.483642578125,0.061754003167152405,0.0017386946128681302,0.044322580099105835,0.02526242285966873,0.09725763648748398,-0.0034667998552322388,0.0,0.0,0.0,0.0,0.0011213667457923293,0.4669014513492584
adam,372,189.2415313720703,0.06196047365665436,0.0017358934273943305,0.04449789226055145,0.02514420822262764,0.0971841961145401,-0.003471506992354989,0.0,0.0,0.0,0.0,0.0011526672169566154,0.46625804901123047
adam,373,188.93702697753906,0.06070102006196976,0.0017309495015069842,0.0459635853767395,0.024878107011318207,0.0967978686094284,-0.003468929324299097,0.0,0.0,0.0,0.0,0.0011488291202113032,0.46559685468673706
adam,374,188.68112182617188,0.06098552048206329,0.001727999304421246,0.04665162041783333,0.02473018877208233,0.09663356095552444,-0.0034690373577177525,0.0,0.0,0.0,0.0,0.0011650497326627374,0.464924693107605
adam,375,188.46142578125,0.0624709315598011,0.0017233638791367412,0.04675360023975372,0.024127187207341194,0.09661481529474258,-0.0034735598601400852,0.0,0.0,0.0,0.0,0.0012032294180244207,0.4642365574836731
adam,376,188.2141876220703,0.06361915171146393,0.001716936589218676,0.046949319541454315,0.023474110290408134,0.09650454670190811,-0.003471068339422345,0.0,0.0,0.0,0.0,0.001211152644827962,0.4635286033153534
adam,377,187.9299774169922,0.06349189579486847,0.0017133187502622604,0.04571259394288063,0.02331743761897087,0.0966581329703331,-0.003473313059657812,0.0,0.0,0.0,0.0,0.0012277310015633702,0.46281570196151733
adam,378,187.6195068359375,0.06285718083381653,0.00170559820253402,0.04565850645303726,0.02254129946231842,0.09649957716464996,-0.003471256233751774,0.0,0.0,0.0,0.0,0.001238820143043995,0.46208223700523376
adam,379,187.33645629882812,0.06318806856870651,0.0016992117743939161,0.04693397134542465,0.022522682324051857,0.09616579860448837,-0.0034674331545829773,0.0,0.0,0.0,0.0,0.0012639382621273398,0.46133294701576233
adam,380,187.10714721679688,0.0654105544090271,0.0016943335067480803,0.04723884165287018,0.022394241765141487,0.09602339565753937,-0.0034667677246034145,0.0,0.0,0.0,0.0,0.0013042211066931486,0.4605642557144165
adam,381,186.8362579345703,0.06691227108240128,0.0016862570773810148,0.04730811342597008,0.02148914523422718,0.09578679502010345,-0.0034686692524701357,0.0,0.0,0.0,0.0,0.0013151669409126043,0.4597706198692322
adam,382,186.5150604248047,0.06553729623556137,0.0016821289900690317,0.048227906227111816,0.021737881004810333,0.09553428739309311,-0.003468585666269064,0.0,0.0,0.0,0.0,0.0013432987034320831,0.4590507745742798
adam,383,186.2271270751953,0.06579568982124329,0.0016778402496129274,0.048936206847429276,0.021774914115667343,0.09529254585504532,-0.0034631513990461826,0.0,0.0,0.0,0.0,0.0013547806302085519,0.45830467343330383
adam,384,185.9605255126953,0.06680579483509064,0.0016712528886273503,0.04853401705622673,0.02114115282893181,0.0951734408736229,-0.0034637590870261192,0.0,0.0,0.0,0.0,0.0013799294829368591,0.45754683017730713
adam,385,185.6900177001953,0.06746335327625275,0.0016639832174405456,0.04931223392486572,0.021065065637230873,0.09499654173851013,-0.0034598419442772865,0.0,0.0,0.0,0.0,0.0014200534205883741,0.4567921757698059
adam,386,185.3345947265625,0.06589724868535995,0.0016592172905802727,0.04902970418334007,0.020836787298321724,0.0948932096362114,-0.0034644771367311478,0.0,0.0,0.0,0.0,0.0014356463216245174,0.456011563539505
adam,387,185.06260681152344,0.06735944002866745,0.001653020386584103,0.049228738993406296,0.020719360560178757,0.09478243440389633,-0.0034671658650040627,0.0,0.0,0.0,0.0,0.0014576746616512537,0.4552066922187805
adam,388,184.77430725097656,0.06832227855920792,0.0016437435988336802,0.04992784559726715,0.0206318162381649,0.09459542483091354,-0.0034640436060726643,0.0,0.0,0.0,0.0,0.0014867327408865094,0.454393208026886
adam,389,184.4293212890625,0.06792375445365906,0.0016363132745027542,0.04898383095860481,0.02024206332862377,0.09453003853559494,-0.003472723299637437,0.0,0.0,0.0,0.0,0.0015098379226401448,0.4535464942455292
adam,390,184.085693359375,0.06762392818927765,0.001630893675610423,0.05004988610744476,0.020567599684000015,0.09442030638456345,-0.003472127951681614,0.0,0.0,0.0,0.0,0.001549674547277391,0.45267894864082336
adam,391,183.8048858642578,0.0698009803891182,0.0016243053833022714,0.05170347914099693,0.021019121631979942,0.09437782317399979,-0.0034702143166214228,0.0,0.0,0.0,0.0,0.001579232164658606,0.45178836584091187
adam,392,183.4874267578125,0.06992951035499573,0.0016160676022991538,0.05120747908949852,0.02029467187821865,0.09415765851736069,-0.0034738401882350445,0.0,0.0,0.0,0.0,0.001604354358278215,0.4509711265563965
adam,393,183.27638244628906,0.07362984865903854,0.0016110795550048351,0.0506189726293087,0.020123956725001335,0.09413452446460724,-0.0034855427220463753,0.0,0.0,0.0,0.0,0.0016301898285746574,0.4501482844352722
adam,394,183.107421875,0.07809668034315109,0.0016033472493290901,0.053681470453739166,0.020727312192320824,0.09412150830030441,-0.003468556795269251,0.0,0.0,0.0,0.0,0.0016761436127126217,0.44935011863708496
adam,395,182.79782104492188,0.07830160111188889,0.001600621035322547,0.05109400302171707,0.02056198939681053,0.0940956398844719,-0.003487061243504286,0.0,0.0,0.0,0.0,0.0016894753789529204,0.44855591654777527
adam,396,182.2364959716797,0.07001063227653503,0.0015914726536720991,0.051207397133111954,0.02043251506984234,0.09386128932237625,-0.0034842374734580517,0.0,0.0,0.0,0.0,0.001696605235338211,0.4477720558643341
adam,397,182.00350952148438,0.07250546663999557,0.001583786099217832,0.05229309946298599,0.020593630149960518,0.09372959285974503,-0.0034867655485868454,0.0,0.0,0.0,0.0,0.0017315283184871078,0.4469757676124573
adam,398,181.8208465576172,0.0770215392112732,0.0015804220456629992,0.051888275891542435,0.02077081985771656,0.09364546090364456,-0.0035029216669499874,0.0,0.0,0.0,0.0,0.0017416803166270256,0.4461742639541626
adam,399,181.36058044433594,0.07220165431499481,0.0015730863669887185,0.05291053652763367,0.020925572142004967,0.09340246766805649,-0.003499117214232683,0.0,0.0,0.0,0.0,0.0017646499909460545,0.44536885619163513
adam,400,180.98300170898438,0.07069368660449982,0.0015655622119084,0.05273466929793358,0.020869167521595955,0.09322291612625122,-0.0035061598755419254,0.0,0.0,0.0,0.0,0.0017783886287361383,0.4445303678512573
adam,401,180.83428955078125,0.06927215307950974,0.0015636677853763103,0.052498605102300644,0.02090444043278694,0.09320324659347534,-0.003510987851768732,0.0,0.0,0.0,0.0,0.0017692378023639321,0.4442726969718933
adam,402,180.74139404296875,0.0695076584815979,0.001561349374242127,0.05249840393662453,0.02099662646651268,0.09321301430463791,-0.0035135014913976192,0.0,0.0,0.0,0.0,0.0017695741262286901,0.4440222680568695
adam,403,180.66529846191406,0.07029309123754501,0.0015588960377499461,0.052636925131082535,0.02113030105829239,0.09325186908245087,-0.003514794632792473,0.0,0.0,0.0,0.0,0.0017760880291461945,0.4437672793865204
adam,404,180.5386962890625,0.06946913152933121,0.001556296949274838,0.05285955220460892,0.021288413554430008,0.09330817312002182,-0.003515110583975911,0.0,0.0,0.0,0.0,0.0017808974953368306,0.443507581949234
adam,405,180.4190673828125,0.06893415749073029,0.0015537195140495896,0.05302556976675987,0.02144024148583412,0.09336584806442261,-0.0035153357312083244,0.0,0.0,0.0,0.0,0.0017879523802548647,0.44324207305908203
adam,406,180.34274291992188,0.06987423449754715,0.0015513922553509474,0.05298489332199097,0.021554743871092796,0.09340736269950867,-0.003516713622957468,0.0,0.0,0.0,0.0,0.0018001352436840534,0.44297096133232117
adam,407,180.2310791015625,0.06975141167640686,0.0015494106337428093,0.05270389840006828,0.02161795273423195,0.09342698007822037,-0.0035203055012971163,0.0,0.0,0.0,0.0,0.0018063252791762352,0.44269654154777527
adam,408,180.09280395507812,0.06886466592550278,0.0015475449617952108,0.05233817547559738,0.02164457179605961,0.09343831241130829,-0.0035255057737231255,0.0,0.0,0.0,0.0,0.0018048991914838552,0.4424189031124115
adam,409,179.99783325195312,0.06946597248315811,0.0015453970991075039,0.05212251842021942,0.02166094444692135,0.09345356374979019,-0.0035303705371916294,0.0,0.0,0.0,0.0,0.0018056114204227924,0.4421359896659851
adam,410,179.89523315429688,0.069864921271801,0.0015427456237375736,0.05220536142587662,0.02169365994632244,0.09347458928823471,-0.0035333929117769003,0.0,0.0,0.0,0.0,0.0018082958413287997,0.4418471157550812
adam,411,179.7529754638672,0.06901535391807556,0.0015397719107568264,0.05252306908369064,0.021764401346445084,0.0935007706284523,-0.00353458384051919,0.0,0.0,0.0,0.0,0.0018110426608473063,0.44155213236808777
adam,412,179.6482391357422,0.06899361312389374,0.001537300762720406,0.052750375121831894,0.021902309730648994,0.09350062906742096,-0.003535282565280795,0.0,0.0,0.0,0.0,0.0018194904550909996,0.4412849247455597
adam,413,179.55474853515625,0.06942059099674225,0.0015353822382166982,0.05277245119214058,0.02208247408270836,0.09346925467252731,-0.003537108190357685,0.0,0.0,0.0,0.0,0.0018280528020113707,0.44101279973983765
adam,414,179.4255828857422,0.06879914551973343,0.0015340220415964723,0.05255585163831711,0.02228505164384842,0.09340491890907288,-0.0035409743431955576,0.0,0.0,0.0,0.0,0.0018294324399903417,0.440736323595047
adam,415,179.3105010986328,0.06874250620603561,0.0015327351866289973,0.05226263031363487,0.022486131638288498,0.09333346784114838,-0.003545941086485982,0.0,0.0,0.0,0.0,0.0018282823730260134,0.44045478105545044
adam,416,179.21487426757812,0.06937740743160248,0.0015308904694393277,0.05211421474814415,0.022672906517982483,0.09328048676252365,-0.003550224006175995,0.0,0.0,0.0,0.0,0.0018286170670762658,0.44016847014427185
adam,417,179.0866241455078,0.06895475834608078,0.0015282566891983151,0.052201047539711,0.022849639877676964,0.0932549238204956,-0.0035527092404663563,0.0,0.0,0.0,0.0,0.0018292274326086044,0.439878910779953
adam,418,178.96131896972656,0.06862093508243561,0.0015252049779519439,0.052410025149583817,0.02302606776356697,0.09325209259986877,-0.003553634975105524,0.0,0.0,0.0,0.0,0.0018344952259212732,0.4395861029624939
adam,419,178.85459899902344,0.0689069852232933,0.0015224231174215674,0.05250963196158409,0.023206159472465515,0.09324891120195389,-0.0035545681603252888,0.0,0.0,0.0,0.0,0.0018442185828462243,0.4392901360988617
adam,420,178.7257080078125,0.06854866445064545,0.0015203242655843496,0.05234234035015106,0.02339012548327446,0.09322211146354675,-0.003557290881872177,0.0,0.0,0.0,0.0,0.0018514575203880668,0.43898966908454895
adam,421,178.5997772216797,0.06843362748622894,0.0015186850214377046,0.05195946246385574,0.023576505482196808,0.0931769460439682,-0.003561987541615963,0.0,0.0,0.0,0.0,0.001855976413935423,0.4386810064315796
adam,422,178.4868621826172,0.06850925087928772,0.001517396536655724,0.05157434940338135,0.02382270060479641,0.0931289866566658,-0.003568556159734726,0.0,0.0,0.0,0.0,0.0018582975026220083,0.43839213252067566
adam,423,178.36080932617188,0.06819701194763184,0.001515535288490355,0.051332082599401474,0.02407621219754219,0.09309346973896027,-0.0035738772712647915,0.0,0.0,0.0,0.0,0.0018608528189361095,0.4380989372730255
adam,424,178.24607849121094,0.06825874745845795,0.0015131323598325253,0.051267221570014954,0.02432790771126747,0.09307156503200531,-0.003577566472813487,0.0,0.0,0.0,0.0,0.0018664473900571465,0.4378032684326172
adam,425,178.1299285888672,0.06828337162733078,0.0015106318751350045,0.051251187920570374,0.02457004226744175,0.09304618090391159,-0.0035808789543807507,0.0,0.0,0.0,0.0,0.0018712009768933058,0.43750739097595215
adam,426,178.00025939941406,0.0679054781794548,0.0015084269689396024,0.051096975803375244,0.024817010387778282,0.0929853543639183,-0.0035853548906743526,0.0,0.0,0.0,0.0,0.0018733772449195385,0.4372105300426483
adam,427,177.88021850585938,0.06792230904102325,0.001506463042460382,0.05076383426785469,0.025092342868447304,0.09288246184587479,-0.003591226413846016,0.0,0.0,0.0,0.0,0.0018766666762530804,0.436908096075058
adam,428,177.7540283203125,0.06784272193908691,0.0015043385792523623,0.05044601485133171,0.025404522195458412,0.09277667850255966,-0.0035973279736936092,0.0,0.0,0.0,0.0,0.001879531075246632,0.4365978240966797
adam,429,177.6240692138672,0.06770670413970947,0.0015017143450677395,0.05041200667619705,0.025710592046380043,0.09271777421236038,-0.003602041630074382,0.0,0.0,0.0,0.0,0.001883246353827417,0.43628057837486267
adam,430,177.50064086914062,0.06781735271215439,0.001498666126281023,0.05069862678647041,0.02595558948814869,0.09272456914186478,-0.003605110105127096,0.0,0.0,0.0,0.0,0.0018880075076594949,0.435959130525589
adam,431,177.36651611328125,0.06764019280672073,0.0014956013765186071,0.05100911483168602,0.026159077882766724,0.0927518978714943,-0.0036081471480429173,0.0,0.0,0.0,0.0,0.0018888537306338549,0.4356352686882019
adam,432,177.2388458251953,0.06744600087404251,0.0014934437349438667,0.050842758268117905,0.026396656408905983,0.0927274227142334,-0.003613600041717291,0.0,0.0,0.0,0.0,0.0018896188121289015,0.43533027172088623
adam,433,177.11187744140625,0.06729757785797119,0.0014912172919139266,0.050404708832502365,0.026680290699005127,0.09264086931943893,-0.003619374940171838,0.0,0.0,0.0,0.0,0.001895408146083355,0.4350210130214691
adam,434,176.98739624023438,0.06726445257663727,0.001488707261160016,0.05001911520957947,0.026958243921399117,0.09256057441234589,-0.003623973112553358,0.0,0.0,0.0,0.0,0.0019031140254810452,0.43470773100852966
adam,435,176.86019897460938,0.06719264388084412,0.001485952059738338,0.04993356764316559,0.02713635191321373,0.09253198653459549,-0.003626955207437277,0.0,0.0,0.0,0.0,0.0019075653981417418,0.43439197540283203
adam,436,176.72274780273438,0.06686261296272278,0.0014831353910267353,0.05007191374897957,0.027239132672548294,0.09254511445760727,-0.003629443934187293,0.0,0.0,0.0,0.0,0.0019059820333495736,0.43407371640205383
adam,437,176.59603881835938,0.06698312610387802,0.0014802927616983652,0.05014155060052872,0.027401341125369072,0.09253459423780441,-0.0036326292902231216,0.0,0.0,0.0,0.0,0.0019030258990824223,0.43374985456466675
adam,438,176.46153259277344,0.0669214278459549,0.001477316371165216,0.04998091608285904,0.02770967409014702,0.09245564788579941,-0.0036366875283420086,0.0,0.0,0.0,0.0,0.001902472460642457,0.4334193468093872
adam,439,176.3261260986328,0.06686361134052277,0.0014741929480805993,0.04977535828948021,0.028104279190301895,0.09236592799425125,-0.0036408226005733013,0.0,0.0,0.0,0.0,0.0019065086962655187,0.4330829679965973
adam,440,176.1893768310547,0.06677933782339096,0.0014710238901898265,0.049794383347034454,0.028430363163352013,0.09234480559825897,-0.0036443565040826797,0.0,0.0,0.0,0.0,0.0019116764888167381,0.4327431917190552
adam,441,176.04861450195312,0.06661733984947205,0.0014678278239443898,0.050033532083034515,0.028642334043979645,0.09239666908979416,-0.0036474461667239666,0.0,0.0,0.0,0.0,0.001914788270369172,0.4323996603488922
adam,442,175.91494750976562,0.06658345460891724,0.001464943285100162,0.05029657110571861,0.02890784852206707,0.09244486689567566,-0.003651105333119631,0.0,0.0,0.0,0.0,0.001918761758133769,0.4320635497570038
adam,443,175.77572631835938,0.06641648709774017,0.0014620040310546756,0.05036378279328346,0.029254376888275146,0.09244779497385025,-0.003654973581433296,0.0,0.0,0.0,0.0,0.0019246845040470362,0.43172281980514526
adam,444,175.6419219970703,0.06646822392940521,0.0014591858489438891,0.05031530186533928,0.02958541363477707,0.09243005514144897,-0.003658575937151909,0.0,0.0,0.0,0.0,0.0019315477693453431,0.4313790500164032
adam,445,175.50051879882812,0.06629098951816559,0.001456534257158637,0.050306644290685654,0.02979036420583725,0.09243694692850113,-0.003661615774035454,0.0,0.0,0.0,0.0,0.001936288783326745,0.4310348629951477
adam,446,175.36331176757812,0.06629466265439987,0.0014537372626364231,0.05034751445055008,0.029954208061099052,0.09245683252811432,-0.003664200659841299,0.0,0.0,0.0,0.0,0.0019403260666877031,0.43068793416023254
adam,447,175.22036743164062,0.066179558634758,0.0014505368890240788,0.05036000534892082,0.03024008870124817,0.09244992583990097,-0.0036669629625976086,0.0,0.0,0.0,0.0,0.0019446620717644691,0.43033549189567566
adam,448,175.07810974121094,0.06617416441440582,0.001447145128622651,0.05037664622068405,0.0306476429104805,0.09242480993270874,-0.00367038999684155,0.0,0.0,0.0,0.0,0.001948937657289207,0.4299766719341278
adam,449,174.93325805664062,0.06615816056728363,0.001443943940103054,0.05054071173071861,0.031011423096060753,0.09243577718734741,-0.0036740161012858152,0.0,0.0,0.0,0.0,0.0019505275413393974,0.42961350083351135
adam,450,174.78775024414062,0.0661403238773346,0.001440890715457499,0.050848908722400665,0.03126620873808861,0.09249091148376465,-0.0036767348647117615,0.0,0.0,0.0,0.0,0.0019540952052921057,0.429246723651886
adam,451,174.63925170898438,0.06602947413921356,0.001437716418877244,0.05111284181475639,0.0315103605389595,0.09253837168216705,-0.003678543958812952,0.0,0.0,0.0,0.0,0.001963765826076269,0.42887505888938904
adam,452,174.49952697753906,0.06591785699129105,0.0014348821714520454,0.05118713155388832,0.031816236674785614,0.09250018745660782,-0.0036816177889704704,0.0,0.0,0.0,0.0,0.001976414117962122,0.4285244345664978
adam,453,174.35655212402344,0.06578931957483292,0.0014321613125503063,0.05109291523694992,0.03210883587598801,0.0924278199672699,-0.0036856704391539097,0.0,0.0,0.0,0.0,0.0019840560853481293,0.4281715154647827
adam,454,174.21653747558594,0.06581379473209381,0.0014292971463873982,0.051044728606939316,0.03233356028795242,0.09236933290958405,-0.0036887875758111477,0.0,0.0,0.0,0.0,0.0019888144452124834,0.4278164803981781
adam,455,174.0733642578125,0.06574037671089172,0.0014261300675570965,0.051137398928403854,0.03252987191081047,0.0923335924744606,-0.003690115176141262,0.0,0.0,0.0,0.0,0.001994683872908354,0.42745959758758545
adam,456,173.9296417236328,0.06569121778011322,0.0014230696251615882,0.0511808916926384,0.0328199565410614,0.09227141737937927,-0.003691800171509385,0.0,0.0,0.0,0.0,0.00200062757357955,0.42709973454475403
adam,457,173.7824249267578,0.06560000032186508,0.0014202659949660301,0.05113498494029045,0.03323167935013771,0.09218154102563858,-0.0036948896013200283,0.0,0.0,0.0,0.0,0.00200396915897727,0.4267365336418152
adam,458,173.6366729736328,0.06557747721672058,0.0014171227812767029,0.05129140242934227,0.03363526239991188,0.09215141832828522,-0.003696935251355171,0.0,0.0,0.0,0.0,0.0020090409088879824,0.42636942863464355
adam,459,173.48805236816406,0.06548480689525604,0.00141348026227206,0.05165121331810951,0.03398511931300163,0.0921955332159996,-0.003697287756949663,0.0,0.0,0.0,0.0,0.002015236532315612,0.42599838972091675
adam,460,173.33822631835938,0.06546317785978317,0.0014099940890446305,0.051828835159540176,0.034372661262750626,0.09220636636018753,-0.0036986086051911116,0.0,0.0,0.0,0.0,0.0020173368975520134,0.42562276124954224
adam,461,173.18719482421875,0.06548202782869339,0.0014067788142710924,0.05178576707839966,0.03477626293897629,0.09215953946113586,-0.0037009110674262047,0.0,0.0,0.0,0.0,0.002019075909629464,0.42524242401123047
adam,462,173.0416259765625,0.06525667756795883,0.0014041728572919965,0.0518384613096714,0.03513193503022194,0.09214119613170624,-0.0037030414678156376,0.0,0.0,0.0,0.0,0.0020323817152529955,0.42488494515419006
adam,463,172.8988800048828,0.06514935195446014,0.0014016689965501428,0.051812782883644104,0.035409752279520035,0.09211104363203049,-0.0037052335683256388,0.0,0.0,0.0,0.0,0.00204413547180593,0.42452722787857056
adam,464,172.75559997558594,0.06510107219219208,0.001399107975885272,0.05171020328998566,0.03571700304746628,0.09205668419599533,-0.0037079635076224804,0.0,0.0,0.0,0.0,0.00205078418366611,0.42416802048683167
adam,465,172.6092987060547,0.06497511267662048,0.0013961464865133166,0.05163148045539856,0.03614437207579613,0.09199491143226624,-0.003709798911586404,0.0,0.0,0.0,0.0,0.0020575469825416803,0.4238068163394928
adam,466,172.46481323242188,0.06493152678012848,0.001393185113556683,0.05166405066847801,0.03652597963809967,0.09196804463863373,-0.003710899967700243,0.0,0.0,0.0,0.0,0.0020628031343221664,0.42344456911087036
adam,467,172.3179168701172,0.06487083435058594,0.0013904412044212222,0.051761526614427567,0.03689969703555107,0.09195870161056519,-0.003712270874530077,0.0,0.0,0.0,0.0,0.002063632709905505,0.4230805039405823
adam,468,172.16830444335938,0.06475330889225006,0.001387378084473312,0.05183764547109604,0.03754438832402229,0.09190649539232254,-0.0037133959122002125,0.0,0.0,0.0,0.0,0.0020674439147114754,0.42271187901496887
adam,469,172.02081298828125,0.06474709510803223,0.0013840522151440382,0.052031952887773514,0.03816558048129082,0.09189910441637039,-0.0037137502804398537,0.0,0.0,0.0,0.0,0.0020698760636150837,0.42234042286872864
adam,470,171.87042236328125,0.06470023095607758,0.0013807419454678893,0.05226558446884155,0.03865143656730652,0.0919303148984909,-0.0037138797342777252,0.0,0.0,0.0,0.0,0.0020685356575995684,0.42196735739707947
adam,471,171.71739196777344,0.0645483136177063,0.0013772560050711036,0.0524711087346077,0.03909727558493614,0.09195809066295624,-0.003713690210133791,0.0,0.0,0.0,0.0,0.002074834192171693,0.4215899705886841
adam,472,171.575439453125,0.06443566083908081,0.0013749739155173302,0.052471887320280075,0.039711806923151016,0.09189222753047943,-0.0037169395945966244,0.0,0.0,0.0,0.0,0.0020815075840801,0.4212382435798645
adam,473,171.43307495117188,0.06431512534618378,0.001372622442431748,0.05244503542780876,0.040170855820178986,0.09182903170585632,-0.0037197861820459366,0.0,0.0,0.0,0.0,0.00208659702911973,0.42088761925697327
adam,474,171.29075622558594,0.06416693329811096,0.0013699361588805914,0.0526321716606617,0.04037371650338173,0.09186937659978867,-0.0037206760607659817,0.0,0.0,0.0,0.0,0.002093919552862644,0.4205362796783447
adam,475,171.14671325683594,0.06406284868717194,0.0013674373039975762,0.052592791616916656,0.040850602090358734,0.09178531914949417,-0.0037233682814985514,0.0,0.0,0.0,0.0,0.0020964930299669504,0.42018234729766846
adam,476,171.00262451171875,0.06396648287773132,0.0013647422892972827,0.052625976502895355,0.04127836227416992,0.09172876924276352,-0.0037254877388477325,0.0,0.0,0.0,0.0,0.00209907372482121,0.41982731223106384
adam,477,170.85862731933594,0.06386829912662506,0.0013615605421364307,0.052810393273830414,0.0416993610560894,0.09173163026571274,-0.0037258935626596212,0.0,0.0,0.0,0.0,0.002103314967826009,0.4194703996181488
adam,478,170.7122039794922,0.06380545347929001,0.0013583984691649675,0.05302989110350609,0.042255766689777374,0.09172113239765167,-0.0037270067259669304,0.0,0.0,0.0,0.0,0.002100813901051879,0.4191097319126129
adam,479,170.56602478027344,0.06373941898345947,0.0013548197457566857,0.05329148471355438,0.04294021427631378,0.09170105308294296,-0.003726869821548462,0.0,0.0,0.0,0.0,0.0021031328942626715,0.41874608397483826
adam,480,170.41815185546875,0.0636480450630188,0.0013513510348275304,0.05364396050572395,0.043275345116853714,0.09174884110689163,-0.003726312890648842,0.0,0.0,0.0,0.0,0.002101428573951125,0.4183827340602875
adam,481,170.27027893066406,0.06357339024543762,0.001347716897726059,0.05378321185708046,0.04386897757649422,0.09168101847171783,-0.003726186230778694,0.0,0.0,0.0,0.0,0.002104823710396886,0.4180156886577606
adam,482,170.13235473632812,0.06355661153793335,0.0013450997648760676,0.05411560833454132,0.044329702854156494,0.09169992804527283,-0.003728215117007494,0.0,0.0,0.0,0.0,0.002109671477228403,0.41766688227653503
adam,483,169.98883056640625,0.06332013010978699,0.0013423479394987226,0.054177429527044296,0.044932566583156586,0.0916307121515274,-0.003729121293872595,0.0,0.0,0.0,0.0,0.002112298971042037,0.4173235297203064
adam,484,169.8444366455078,0.06306926906108856,0.00133965362329036,0.05429760739207268,0.045380908995866776,0.09157711267471313,-0.003730546683073044,0.0,0.0,0.0,0.0,0.0021175257861614227,0.4169771373271942
adam,485,169.7076873779297,0.06311598420143127,0.0013371576787903905,0.054416473954916,0.04565509408712387,0.0915454626083374,-0.0037325285375118256,0.0,0.0,0.0,0.0,0.0021207653917372227,0.41662904620170593
adam,486,169.5673370361328,0.06300731003284454,0.0013342450838536024,0.05441901087760925,0.04608921334147453,0.0914970338344574,-0.003733244491741061,0.0,0.0,0.0,0.0,0.0021248289849609137,0.41628313064575195
adam,487,169.4250030517578,0.06291677057743073,0.001331389881670475,0.0544452928006649,0.04649602249264717,0.09142793715000153,-0.0037354810629040003,0.0,0.0,0.0,0.0,0.002124035730957985,0.41593480110168457
adam,488,169.29327392578125,0.06303814798593521,0.0013279820559546351,0.05463444069027901,0.04687675088644028,0.09145998954772949,-0.0037345963064581156,0.0,0.0,0.0,0.0,0.0021372889168560505,0.4155850112438202
adam,489,169.16207885742188,0.06333798170089722,0.001325502060353756,0.05474613234400749,0.047189563512802124,0.09145144373178482,-0.003736001905053854,0.0,0.0,0.0,0.0,0.002126548672094941,0.41524195671081543
adam,490,169.0162353515625,0.06285041570663452,0.001321969786658883,0.054911550134420395,0.04766541346907616,0.0914657711982727,-0.0037349602207541466,0.0,0.0,0.0,0.0,0.0021375142969191074,0.41490438580513
adam,491,168.87136840820312,0.06254606693983078,0.0013191651087254286,0.0549822598695755,0.04786653071641922,0.09144075959920883,-0.0037373341619968414,0.0,0.0,0.0,0.0,0.002131927292793989,0.41456907987594604
adam,492,168.7273712158203,0.06251157075166702,0.0013160748640075326,0.054831523448228836,0.047399524599313736,0.09138693660497665,-0.003739795181900263,0.0,0.0,0.0,0.0,0.0021399345714598894,0.41420745849609375
adam,493,168.5900115966797,0.06260973960161209,0.001312713953666389,0.05485010892152786,0.04752122610807419,0.09135700762271881,-0.003741642227396369,0.0,0.0,0.0,0.0,0.002152553526684642,0.4138473570346832
adam,494,168.4409637451172,0.06238141655921936,0.0013098287163302302,0.055024150758981705,0.047984134405851364,0.09131525456905365,-0.003744998713955283,0.0,0.0,0.0,0.0,0.002153401728719473,0.4134906530380249
adam,495,168.30091857910156,0.06234033405780792,0.0013068709522485733,0.05534753203392029,0.04830040782690048,0.09139459580183029,-0.0037456131540238857,0.0,0.0,0.0,0.0,0.002158645074814558,0.4131375849246979
adam,496,168.15989685058594,0.06228559464216232,0.0013037575408816338,0.055523935705423355,0.04902131110429764,0.09138459712266922,-0.003745486494153738,0.0,0.0,0.0,0.0,0.0021636502351611853,0.4127839207649231
adam,497,168.01986694335938,0.06241963058710098,0.0013010954717174172,0.055574990808963776,0.049890898168087006,0.09125404059886932,-0.003747520735487342,0.0,0.0,0.0,0.0,0.0021557591389864683,0.4124297797679901
adam,498,167.8762664794922,0.062257248908281326,0.0012981881154701114,0.05575238913297653,0.05002943426370621,0.0913330614566803,-0.0037466890644282103,0.0,0.0,0.0,0.0,0.0021565489005297422,0.4120807945728302
adam,499,167.73997497558594,0.06219105422496796,0.0012952771503478289,0.05595087632536888,0.04980477690696716,0.09150312095880508,-0.003744587767869234,0.0,0.0,0.0,0.0,0.002169895451515913,0.411732941865921
adam,500,17.881711959838867,0.5184600949287415,0.002590807853266597,0.2610900402069092,0.9703757166862488,0.11154458671808243,-0.0035148686729371548,0.0,0.0,0.0,0.0,0.0030285476241260767,0.0
adam,501,14.771967887878418,0.4147702157497406,0.0025800587609410286,0.2538334131240845,0.9399868249893188,0.11291663348674774,-0.003503707703202963,0.0,0.0,0.0,0.0,0.0030966866761446,0.0
adam,502,13.38512134552002,0.3692243695259094,0.0025729413609951735,0.24967975914478302,0.913242518901825,0.11260062456130981,-0.00349363312125206,0.0,0.0,0.0,0.0,0.003105801297351718,0.0
adam,503,12.16971492767334,0.33042269945144653,0.002568124793469906,0.24474230408668518,0.8728103637695312,0.11171756684780121,-0.0034851538948714733,0.0,0.0,0.0,0.0,0.003055187175050378,0.0
adam,504,11.015694618225098,0.29340147972106934,0.0025632851757109165,0.23891450464725494,0.819243311882019,0.11087755113840103,-0.0034792956430464983,0.0,0.0,0.0,0.0,0.003063166979700327,0.0
adam,505,9.998455047607422,0.2609444558620453,0.002558506326749921,0.23261144757270813,0.752977192401886,0.11030006408691406,-0.0034748404286801815,0.0,0.0,0.0,0.0,0.0030970198567956686,0.0
adam,506,9.200018882751465,0.2370246797800064,0.00255545019172132,0.22642174363136292,0.674445629119873,0.110000379383564,-0.003471379168331623,0.0,0.0,0.0,0.0,0.00303022563457489,0.0
adam,507,8.726675987243652,0.22459301352500916,0.0025535020977258682,0.22032025456428528,0.5880793929100037,0.11022461205720901,-0.0034668310545384884,0.0,0.0,0.0,0.0,0.0029075953643769026,0.0
adam,508,8.529579162597656,0.22040750086307526,0.0025505118537694216,0.2139541059732437,0.5013431906700134,0.11123209446668625,-0.0034591672010719776,0.0,0.0,0.0,0.0,0.0028695950750261545,0.0
adam,509,8.440369606018066,0.21876734495162964,0.002546523930504918,0.20777933299541473,0.42159444093704224,0.1128651425242424,-0.0034490986727178097,0.0,0.0,0.0,0.0,0.0029095078352838755,0.0
adam,510,8.395428657531738,0.2186453640460968,0.0025436400901526213,0.2025163620710373,0.3536733388900757,0.11457464098930359,-0.0034393598325550556,0.0,0.0,0.0,0.0,0.0029141604900360107,0.0
adam,511,8.379962921142578,0.21959885954856873,0.0025422764010727406,0.19812500476837158,0.29950186610221863,0.11585842818021774,-0.0034317581448704004,0.0,0.0,0.0,0.0,0.002882497850805521,0.0
adam,512,8.51158332824707,0.22447556257247925,0.002540083834901452,0.19427160918712616,0.26648929715156555,0.11642082035541534,-0.0034253706689924,0.0,0.0,0.0,0.0,0.0029102005064487457,0.0
adam,513,8.534573554992676,0.22558841109275818,0.002538658445701003,0.1911853849887848,0.2415342777967453,0.11628954857587814,-0.003422495676204562,0.0,0.0,0.0,0.0,0.002943160943686962,0.0
adam,514,8.34256362915039,0.21994341909885406,0.0025382903404533863,0.1888333559036255,0.2219909280538559,0.11574684083461761,-0.0034233336336910725,0.0,0.0,0.0,0.0,0.0029277661815285683,0.0
adam,515,8.006972312927246,0.2097535878419876,0.002538394881412387,0.1871311366558075,0.20655910670757294,0.11532746255397797,-0.0034263459965586662,0.0,0.0,0.0,0.0,0.002875084523111582,0.0
adam,516,7.634866714477539,0.19802811741828918,0.002538079861551523,0.18590785562992096,0.19525787234306335,0.11539611965417862,-0.0034294864162802696,0.0,0.0,0.0,0.0,0.002835368039086461,0.0
adam,517,7.253218650817871,0.1854776293039322,0.0025370388757437468,0.18499073386192322,0.18833500146865845,0.11599589139223099,-0.0034317299723625183,0.0,0.0,0.0,0.0,0.0028265616856515408,0.0
adam,518,6.883706092834473,0.17320135235786438,0.0025358544662594795,0.18427449464797974,0.18559080362319946,0.11686455458402634,-0.0034333555959165096,0.0,0.0,0.0,0.0,0.0028160829097032547,0.0
adam,519,6.490564823150635,0.160467728972435,0.002535060280933976,0.18364275991916656,0.18575984239578247,0.11757432669401169,-0.0034354780800640583,0.0,0.0,0.0,0.0,0.0027682301588356495,0.0
adam,520,6.152717113494873,0.1497230976819992,0.0025344465393573046,0.1829608976840973,0.18672972917556763,0.1178470328450203,-0.003438376821577549,0.0,0.0,0.0,0.0,0.0027113251853734255,0.0
adam,521,5.919209957122803,0.14221841096878052,0.002533474937081337,0.18214735388755798,0.18697279691696167,0.11764863133430481,-0.0034417840652167797,0.0,0.0,0.0,0.0,0.0026880851946771145,0.0
adam,522,5.832447052001953,0.13934184610843658,0.002532307291403413,0.18138645589351654,0.18706917762756348,0.11700074374675751,-0.0034441931638866663,0.0,0.0,0.0,0.0,0.0026988873723894358,0.0
adam,523,5.794997692108154,0.13824382424354553,0.0025310649070888758,0.18063277006149292,0.18690848350524902,0.11613677442073822,-0.0034477650187909603,0.0,0.0,0.0,0.0,0.002700402168557048,0.0
adam,524,5.739358901977539,0.1368568390607834,0.0025295817758888006,0.17992696166038513,0.18688078224658966,0.11525746434926987,-0.003452877514064312,0.0,0.0,0.0,0.0,0.0026700191665440798,0.0
adam,525,5.668474197387695,0.1349596083164215,0.0025272590573877096,0.17918531596660614,0.18667586147785187,0.11450605094432831,-0.003458818420767784,0.0,0.0,0.0,0.0,0.0026382110081613064,0.0
adam,526,5.606811046600342,0.13322493433952332,0.0025239777751266956,0.17829495668411255,0.18560007214546204,0.11388280242681503,-0.0034649563021957874,0.0,0.0,0.0,0.0,0.002621129620820284,0.0
adam,527,5.569916725158691,0.13253891468048096,0.0025204122066497803,0.1772080808877945,0.18318673968315125,0.11328957974910736,-0.0034715617075562477,0.0,0.0,0.0,0.0,0.0025848266668617725,0.0
adam,528,5.501397609710693,0.13120700418949127,0.002517055021598935,0.1758803278207779,0.17932969331741333,0.11268340796232224,-0.003478686325252056,0.0,0.0,0.0,0.0,0.002511844504624605,0.0
adam,529,5.373355865478516,0.12785647809505463,0.002513666171580553,0.17420944571495056,0.17415279150009155,0.11211948096752167,-0.0034853038378059864,0.0,0.0,0.0,0.0,0.0024454891681671143,0.0
adam,530,5.1947102546691895,0.12255093455314636,0.0025100659113377333,0.17216980457305908,0.16807399690151215,0.1116478368639946,-0.003490945789963007,0.0,0.0,0.0,0.0,0.0024073817767202854,0.0
adam,531,5.031681060791016,0.11776026338338852,0.0025065510999411345,0.1698722392320633,0.16170361638069153,0.11126062273979187,-0.003496180521324277,0.0,0.0,0.0,0.0,0.002369716065004468,0.0
adam,532,4.9259819984436035,0.11490456014871597,0.002503027208149433,0.16757017374038696,0.15693792700767517,0.1109120100736618,-0.0035006923135370016,0.0,0.0,0.0,0.0,0.002325274981558323,0.0
adam,533,4.824099540710449,0.11212027072906494,0.0024990965612232685,0.16519685089588165,0.15180158615112305,0.11057799309492111,-0.0035058532375842333,0.0,0.0,0.0,0.0,0.0022872064728289843,0.0
adam,534,4.691861152648926,0.10826191306114197,0.0024945770855993032,0.16274063289165497,0.1465519666671753,0.11022942513227463,-0.003512111259624362,0.0,0.0,0.0,0.0,0.0022560611832886934,0.0
adam,535,4.550137042999268,0.10428266227245331,0.002489995677024126,0.16019345819950104,0.1418529897928238,0.10985320806503296,-0.0035199415870010853,0.0,0.0,0.0,0.0,0.002204778604209423,0.0
adam,536,4.430105209350586,0.10117117315530777,0.0024855879601091146,0.1574580818414688,0.13799376785755157,0.1094852164387703,-0.003528927220031619,0.0,0.0,0.0,0.0,0.002137369243428111,0.0
adam,537,4.3473615646362305,0.09918035566806793,0.0024810207542032003,0.1544157862663269,0.1347631961107254,0.10916617512702942,-0.0035383496433496475,0.0,0.0,0.0,0.0,0.0020806253887712955,0.0
adam,538,4.277866363525391,0.09753744304180145,0.002476400462910533,0.1511262059211731,0.13195118308067322,0.10884452611207962,-0.003548131790012121,0.0,0.0,0.0,0.0,0.002032893244177103,0.0
adam,539,4.196374416351318,0.09553617984056473,0.0024722712114453316,0.14776606857776642,0.12957146763801575,0.10840315371751785,-0.003558365162461996,0.0,0.0,0.0,0.0,0.001982158748432994,0.0
adam,540,4.116613388061523,0.09356449544429779,0.00246847583912313,0.14443308115005493,0.1277714967727661,0.10783391445875168,-0.0035689868964254856,0.0,0.0,0.0,0.0,0.001934955595061183,0.0
adam,541,4.055760860443115,0.0921638160943985,0.002464525867253542,0.1411982625722885,0.12667736411094666,0.10726503282785416,-0.0035800442565232515,0.0,0.0,0.0,0.0,0.0018917941488325596,0.0
adam,542,4.02687931060791,0.09172593057155609,0.0024609181564301252,0.13821354508399963,0.12567837536334991,0.10689933598041534,-0.003589808940887451,0.0,0.0,0.0,0.0,0.0018547311192378402,0.0
adam,543,3.9772956371307373,0.0905284509062767,0.002457616152241826,0.13556288182735443,0.12469836324453354,0.10664992779493332,-0.0035996348597109318,0.0,0.0,0.0,0.0,0.001821857294999063,0.0
adam,544,3.8997421264648438,0.08837302029132843,0.002454016823321581,0.13323597609996796,0.12358233332633972,0.10649784654378891,-0.003609628416597843,0.0,0.0,0.0,0.0,0.0017894860357046127,0.0
adam,545,3.811450958251953,0.08585993200540543,0.002449945779517293,0.13116078078746796,0.1223919466137886,0.10631977021694183,-0.003619695082306862,0.0,0.0,0.0,0.0,0.0017571093048900366,0.0
adam,546,3.7302231788635254,0.08351123332977295,0.0024458449333906174,0.12919659912586212,0.12118946015834808,0.10594840347766876,-0.0036293480079621077,0.0,0.0,0.0,0.0,0.0017348272958770394,0.0
adam,547,3.6577937602996826,0.08145701885223389,0.0024414979852735996,0.12720811367034912,0.1198846697807312,0.10538342595100403,-0.003638720605522394,0.0,0.0,0.0,0.0,0.0017159486887976527,0.0
adam,548,3.577234983444214,0.0792289674282074,0.0024366925936192274,0.12515147030353546,0.1182590126991272,0.10472653806209564,-0.003648144192993641,0.0,0.0,0.0,0.0,0.0016897956375032663,0.0
adam,549,3.4964277744293213,0.07700536400079727,0.0024321211967617273,0.12303607165813446,0.11615659296512604,0.10402906686067581,-0.0036573666147887707,0.0,0.0,0.0,0.0,0.0016642942791804671,0.0
adam,550,3.4303672313690186,0.07526405155658722,0.002427882282063365,0.12090826034545898,0.11361482739448547,0.1033744215965271,-0.0036665545776486397,0.0,0.0,0.0,0.0,0.0016400596359744668,0.0
adam,551,3.377739667892456,0.07398703694343567,0.0024234072770923376,0.11884000152349472,0.11078037321567535,0.10285880416631699,-0.0036760098300874233,0.0,0.0,0.0,0.0,0.0016123997047543526,0.0
adam,552,3.336205244064331,0.07301546633243561,0.0024191809352487326,0.11697877198457718,0.10810943692922592,0.1025044247508049,-0.0036848504096269608,0.0,0.0,0.0,0.0,0.0015876179095357656,0.0
adam,553,3.2878804206848145,0.07177063822746277,0.0024149203673005104,0.11529087275266647,0.10541139543056488,0.1022854745388031,-0.0036931363865733147,0.0,0.0,0.0,0.0,0.0015649294946342707,0.0
adam,554,3.236605167388916,0.07040047645568848,0.002409863518550992,0.11377256363630295,0.1029479131102562,0.10220684856176376,-0.003700617700815201,0.0,0.0,0.0,0.0,0.0015416562091559172,0.0
adam,555,3.192316770553589,0.06921906024217606,0.0024046492762863636,0.1123870462179184,0.10107393562793732,0.10216601192951202,-0.0037069651298224926,0.0,0.0,0.0,0.0,0.0015204820083454251,0.0
adam,556,3.1444108486175537,0.06790155172348022,0.0023997481912374496,0.11105510592460632,0.09986352175474167,0.10208118706941605,-0.003712343517690897,0.0,0.0,0.0,0.0,0.0014999140985310078,0.0
adam,557,3.084212303161621,0.0661088228225708,0.002394731156527996,0.10970328003168106,0.09905076026916504,0.1019592434167862,-0.003716961480677128,0.0,0.0,0.0,0.0,0.0014856309862807393,0.0
adam,558,3.024697780609131,0.06431777775287628,0.0023903166875243187,0.10829270631074905,0.0984371155500412,0.10179494321346283,-0.0037212397437542677,0.0,0.0,0.0,0.0,0.0014738324098289013,0.0
adam,559,2.9767889976501465,0.06292775273323059,0.002386377425864339,0.10681271553039551,0.09782165288925171,0.1016317680478096,-0.003725585527718067,0.0,0.0,0.0,0.0,0.001460766769014299,0.0
adam,560,2.9337761402130127,0.061659783124923706,0.002382169011980295,0.10525579005479813,0.09702636301517487,0.10150355100631714,-0.003729985561221838,0.0,0.0,0.0,0.0,0.0014518325915560126,0.0
adam,561,2.8858344554901123,0.06036803126335144,0.0023783743381500244,0.10365743190050125,0.09608501940965652,0.10136745870113373,-0.003734842874109745,0.0,0.0,0.0,0.0,0.0014294146094471216,0.0
adam,562,2.842221260070801,0.05921623855829239,0.0023746713995933533,0.10208261758089066,0.09497670084238052,0.10123319923877716,-0.003739787731319666,0.0,0.0,0.0,0.0,0.001407734234817326,0.0
adam,563,2.805626392364502,0.05827956646680832,0.002371067414060235,0.100532166659832,0.09387656301259995,0.10107569396495819,-0.003744583111256361,0.0,0.0,0.0,0.0,0.00138824712485075,0.0
adam,564,2.773873805999756,0.05755043774843216,0.002368187764659524,0.09901674091815948,0.09298229962587357,0.1008768305182457,-0.0037492401897907257,0.0,0.0,0.0,0.0,0.001364272553473711,0.0
adam,565,2.7363176345825195,0.056550852954387665,0.00236531812697649,0.09749388694763184,0.09227076917886734,0.10064762830734253,-0.003753130789846182,0.0,0.0,0.0,0.0,0.0013480914058163762,0.0
adam,566,2.6878957748413086,0.05522136390209198,0.002362998900935054,0.09593800455331802,0.09166469424962997,0.10037842392921448,-0.0037564828526228666,0.0,0.0,0.0,0.0,0.0013291777577251196,0.0
adam,567,2.6385507583618164,0.05384262651205063,0.0023607981856912374,0.09433167427778244,0.09102048724889755,0.10008537769317627,-0.003759420942515135,0.0,0.0,0.0,0.0,0.0013127141864970326,0.0
adam,568,2.598853349685669,0.05274398997426033,0.002358514117076993,0.09270025789737701,0.09036272764205933,0.09978482872247696,-0.003762440290302038,0.0,0.0,0.0,0.0,0.0013006167719140649,0.0
adam,569,2.5630757808685303,0.05182408541440964,0.002356612589210272,0.09108111262321472,0.08975905179977417,0.09947853535413742,-0.0037661234382539988,0.0,0.0,0.0,0.0,0.0012836521491408348,0.0
adam,570,2.5244197845458984,0.05073999986052513,0.0023541764821857214,0.08946804702281952,0.08905778080224991,0.09918630868196487,-0.003770123701542616,0.0,0.0,0.0,0.0,0.0012734910706058145,0.0
adam,571,2.486759662628174,0.04973047226667404,0.0023521981202065945,0.08783948421478271,0.08832884579896927,0.09888751804828644,-0.0037740652915090322,0.0,0.0,0.0,0.0,0.0012594045838341117,0.0
adam,572,2.4571115970611572,0.04892765358090401,0.0023495277855545282,0.08627685159444809,0.08756038546562195,0.09863704442977905,-0.0037773754447698593,0.0,0.0,0.0,0.0,0.0012504864716902375,0.0
adam,573,2.4295785427093506,0.048218000680208206,0.0023472770117223263,0.08466403931379318,0.08680263161659241,0.09837429225444794,-0.0037797940894961357,0.0,0.0,0.0,0.0,0.0012395946541801095,0.0
adam,574,2.399519920349121,0.047442179173231125,0.0023443123791366816,0.083017997443676,0.08604506403207779,0.09811564534902573,-0.0037814376410096884,0.0,0.0,0.0,0.0,0.001226911903358996,0.0
adam,575,2.367910623550415,0.04661813750863075,0.0023413088638335466,0.08138592541217804,0.08540493994951248,0.09786088019609451,-0.0037821494042873383,0.0,0.0,0.0,0.0,0.0012135085416957736,0.0
adam,576,2.335010290145874,0.045738525688648224,0.002337700454518199,0.07981635630130768,0.08492489904165268,0.09762328863143921,-0.0037821729201823473,0.0,0.0,0.0,0.0,0.0012005516327917576,0.0
adam,577,2.3012475967407227,0.044800758361816406,0.0023334920406341553,0.07834182679653168,0.08449278026819229,0.09740865230560303,-0.0037818155251443386,0.0,0.0,0.0,0.0,0.0011898212833330035,0.0
adam,578,2.2684810161590576,0.04386935755610466,0.002329146256670356,0.07695385813713074,0.08395612984895706,0.0972205400466919,-0.0037813959643244743,0.0,0.0,0.0,0.0,0.001181374886073172,0.0
adam,579,2.239783525466919,0.04309485852718353,0.002324251225218177,0.07559855282306671,0.08333903551101685,0.09707201272249222,-0.003781432518735528,0.0,0.0,0.0,0.0,0.0011702561751008034,0.0
adam,580,2.214085340499878,0.04241557419300079,0.0023205482866615057,0.07425276935100555,0.08265601843595505,0.09695883840322495,-0.0037814322859048843,0.0,0.0,0.0,0.0,0.0011591522488743067,0.0
adam,581,2.192033290863037,0.041944243013858795,0.0023159978445619345,0.07290346175432205,0.08187757432460785,0.09687545150518417,-0.003781959181651473,0.0,0.0,0.0,0.0,0.0011391437146812677,0.0
adam,582,2.160043954849243,0.04107002913951874,0.002314147539436817,0.07166430354118347,0.08089202642440796,0.0967838391661644,-0.003782333340495825,0.0,0.0,0.0,0.0,0.0011266578221693635,0.0
adam,583,2.1199514865875244,0.03998719900846481,0.0023107316810637712,0.07053021341562271,0.08000656962394714,0.09668216854333878,-0.003782919840887189,0.0,0.0,0.0,0.0,0.0011077154194936156,0.0
adam,584,2.1078875064849854,0.03978954255580902,0.002307396847754717,0.06954224407672882,0.07916079461574554,0.09656230360269547,-0.003782935906201601,0.0,0.0,0.0,0.0,0.0010935524478554726,0.0
adam,585,2.0804741382598877,0.03902493417263031,0.0023055758792907,0.0687139555811882,0.07825116813182831,0.0964212492108345,-0.0037823072634637356,0.0,0.0,0.0,0.0,0.0010850443504750729,0.0
adam,586,2.0381176471710205,0.03781730681657791,0.0023023297544568777,0.06798917800188065,0.07745158672332764,0.09624732285737991,-0.003782113315537572,0.0,0.0,0.0,0.0,0.0010710814967751503,0.0
adam,587,2.026947259902954,0.037603799253702164,0.0022993108723312616,0.06732051819562912,0.07675806432962418,0.09607439488172531,-0.0037819836288690567,0.0,0.0,0.0,0.0,0.0010612644255161285,0.0
adam,588,1.9979126453399658,0.03678620606660843,0.0022981318179517984,0.06666477024555206,0.07612873613834381,0.09591777622699738,-0.003781721228733659,0.0,0.0,0.0,0.0,0.0010518531780689955,0.0
adam,589,1.9633350372314453,0.035825055092573166,0.002295971615239978,0.06602966040372849,0.075544074177742,0.09574804455041885,-0.003781632287427783,0.0,0.0,0.0,0.0,0.001038389396853745,0.0
adam,590,1.9521574974060059,0.035630978643894196,0.002293575322255492,0.0654238611459732,0.07495665550231934,0.09557100385427475,-0.003781375242397189,0.0,0.0,0.0,0.0,0.0010262783616781235,0.0
adam,591,1.9179458618164062,0.034628886729478836,0.00229273340664804,0.06477049738168716,0.07436440140008926,0.09542082250118256,-0.00378058897331357,0.0,0.0,0.0,0.0,0.0010178583906963468,0.0
adam,592,1.89543616771698,0.034008875489234924,0.0022908546961843967,0.06406272202730179,0.07376967370510101,0.09531031548976898,-0.003779805265367031,0.0,0.0,0.0,0.0,0.0010097112972289324,0.0
adam,593,1.8760039806365967,0.033519893884658813,0.0022879005409777164,0.06343235075473785,0.07314558327198029,0.0951625257730484,-0.003778106067329645,0.0,0.0,0.0,0.0,0.0009992284467443824,0.0
adam,594,1.8503440618515015,0.03281303495168686,0.0022855987772345543,0.06277316063642502,0.0725020170211792,0.09501583129167557,-0.0037754650693386793,0.0,0.0,0.0,0.0,0.0009898660937324166,0.0
adam,595,1.8357799053192139,0.032462768256664276,0.0022836101707071066,0.06204792857170105,0.07182828336954117,0.09489971399307251,-0.0037723334971815348,0.0,0.0,0.0,0.0,0.0009815432131290436,0.0
adam,596,1.8060108423233032,0.03165039047598839,0.002280672313645482,0.061327606439590454,0.07110918313264847,0.09479827433824539,-0.0037691888865083456,0.0,0.0,0.0,0.0,0.000968600099440664,0.0
adam,597,1.7913872003555298,0.03134273737668991,0.0022776189725846052,0.060580555349588394,0.07035662233829498,0.09471088647842407,-0.0037658102810382843,0.0,0.0,0.0,0.0,0.0009555756114423275,0.0
adam,598,1.7653751373291016,0.030666634440422058,0.00227529788389802,0.05986325070261955,0.06946761161088943,0.09458602219820023,-0.003762068459764123,0.0,0.0,0.0,0.0,0.0009423061273992062,0.0
adam,599,1.7471460103988647,0.030249111354351044,0.002272597048431635,0.059210050851106644,0.06849472224712372,0.09441301971673965,-0.0037582451477646828,0.0,0.0,0.0,0.0,0.0009299705852754414,0.0
adam,600,1.726150631904602,0.029727131128311157,0.0022694352082908154,0.058417774736881256,0.06764207035303116,0.09430202841758728,-0.0037547308020293713,0.0,0.0,0.0,0.0,0.000917871599085629,0.0
adam,601,1.7023106813430786,0.029086951166391373,0.00226723775267601,0.057524193078279495,0.06696292757987976,0.0941937118768692,-0.0037508606910705566,0.0,0.0,0.0,0.0,0.0009078949224203825,0.0
adam,602,1.686238169670105,0.028706714510917664,0.0022660614922642708,0.05679917335510254,0.06623172014951706,0.0939498022198677,-0.0037472201511263847,0.0,0.0,0.0,0.0,0.0008998020202852786,0.0
adam,603,1.6641271114349365,0.028146356344223022,0.0022639804519712925,0.056148070842027664,0.06561259180307388,0.09368763864040375,-0.0037435449194163084,0.0,0.0,0.0,0.0,0.0008894649799913168,0.0
adam,604,1.649108648300171,0.027797717601060867,0.0022616684436798096,0.05536385625600815,0.0651964619755745,0.09354361891746521,-0.0037403481546789408,0.0,0.0,0.0,0.0,0.0008794667082838714,0.0
adam,605,1.6264970302581787,0.02720470353960991,0.002260131062939763,0.054768264293670654,0.064451202750206,0.09334343671798706,-0.0037367588374763727,0.0,0.0,0.0,0.0,0.0008698571473360062,0.0
adam,606,1.6097134351730347,0.026827266439795494,0.0022582742385566235,0.05444974824786186,0.06352166831493378,0.09306998550891876,-0.0037326375022530556,0.0,0.0,0.0,0.0,0.0008591209189034998,0.0
adam,607,1.5920764207839966,0.026418186724185944,0.002255641622468829,0.05388246476650238,0.06271059066057205,0.09291339665651321,-0.003728934098035097,0.0,0.0,0.0,0.0,0.0008470637840218842,0.0
adam,608,1.5739649534225464,0.025967292487621307,0.002253775019198656,0.053099989891052246,0.06196285039186478,0.09280373901128769,-0.0037253103218972683,0.0,0.0,0.0,0.0,0.0008371765725314617,0.0
adam,609,1.5562210083007812,0.025527529418468475,0.00225273659452796,0.05262545868754387,0.06128062307834625,0.09256493300199509,-0.0037211254239082336,0.0,0.0,0.0,0.0,0.0008286787779070437,0.0
adam,610,1.5390779972076416,0.025116223841905594,0.0022509812843054533,0.052234042435884476,0.06069545820355415,0.09234543889760971,-0.0037172313313931227,0.0,0.0,0.0,0.0,0.0008185988990589976,0.0
adam,611,1.521293044090271,0.024656863883137703,0.0022487605456262827,0.05164756625890732,0.06009993329644203,0.0922304317355156,-0.0037140906788408756,0.0,0.0,0.0,0.0,0.0008099248516373336,0.0
adam,612,1.5045474767684937,0.024229571223258972,0.0022474147845059633,0.051407068967819214,0.05957212299108505,0.09201938658952713,-0.0037112850695848465,0.0,0.0,0.0,0.0,0.0008021428366191685,0.0
adam,613,1.4892219305038452,0.023877501487731934,0.0022460361942648888,0.051401570439338684,0.0591123029589653,0.09177079051733017,-0.0037084370851516724,0.0,0.0,0.0,0.0,0.0007914908928796649,0.0
adam,614,1.470758080482483,0.02341204695403576,0.0022443383932113647,0.0509934276342392,0.05853622779250145,0.09163329750299454,-0.003706000978127122,0.0,0.0,0.0,0.0,0.0007810773677192628,0.0
adam,615,1.4579014778137207,0.023115895688533783,0.002242284594103694,0.050511591136455536,0.05791373550891876,0.0915316790342331,-0.0037033981643617153,0.0,0.0,0.0,0.0,0.0007721068104729056,0.0
adam,616,1.44085693359375,0.022693632170557976,0.002240319736301899,0.050428345799446106,0.057410385459661484,0.09133747965097427,-0.003699956927448511,0.0,0.0,0.0,0.0,0.0007621207041665912,0.0
adam,617,1.4259860515594482,0.022329289466142654,0.0022388757206499577,0.05022692680358887,0.057028431445360184,0.09115588665008545,-0.0036962353624403477,0.0,0.0,0.0,0.0,0.0007533690659329295,0.0
adam,618,1.410771131515503,0.021953921765089035,0.0022371921222656965,0.04973488301038742,0.05650486797094345,0.09104085713624954,-0.0036932663060724735,0.0,0.0,0.0,0.0,0.0007444735383614898,0.0
adam,619,1.3976057767868042,0.021650834009051323,0.0022352479863911867,0.04937569051980972,0.05602617189288139,0.09089608490467072,-0.003690465120598674,0.0,0.0,0.0,0.0,0.0007352644461207092,0.0
adam,620,1.381404161453247,0.021220345050096512,0.002234162762761116,0.04908788949251175,0.05575202777981758,0.09071431308984756,-0.0036872196942567825,0.0,0.0,0.0,0.0,0.0007286445470526814,0.0
adam,621,1.3682310581207275,0.020898576825857162,0.0022332239896059036,0.04873132333159447,0.05547746643424034,0.09055076539516449,-0.0036847437731921673,0.0,0.0,0.0,0.0,0.0007211061893031001,0.0
adam,622,1.3538657426834106,0.020561527460813522,0.0022319683339446783,0.048200760036706924,0.05495854467153549,0.0904291421175003,-0.0036831661127507687,0.0,0.0,0.0,0.0,0.0007114025647751987,0.0
adam,623,1.3414777517318726,0.020271969959139824,0.002230646088719368,0.047712426632642746,0.054498929530382156,0.09029154479503632,-0.003680889494717121,0.0,0.0,0.0,0.0,0.0007035678718239069,0.0
adam,624,1.327071189880371,0.0199289433658123,0.0022296030074357986,0.04745909944176674,0.05420104041695595,0.0901065319776535,-0.0036783048417419195,0.0,0.0,0.0,0.0,0.000694215705152601,0.0
adam,625,1.3136706352233887,0.01962074637413025,0.0022289762273430824,0.04687283933162689,0.05384652689099312,0.08998540788888931,-0.0036760130897164345,0.0,0.0,0.0,0.0,0.0006845772732049227,0.0
adam,626,1.300328254699707,0.01931586302816868,0.002227681688964367,0.046161022037267685,0.05336515232920647,0.08990027755498886,-0.003674259642139077,0.0,0.0,0.0,0.0,0.0006747932638972998,0.0
adam,627,1.2886782884597778,0.019053317606449127,0.0022259883116930723,0.04565887898206711,0.05295630916953087,0.0897863358259201,-0.0036720940843224525,0.0,0.0,0.0,0.0,0.0006662386585958302,0.0
adam,628,1.276241660118103,0.01873823069036007,0.0022250826004892588,0.0451170913875103,0.05267412215471268,0.08969088643789291,-0.0036695245653390884,0.0,0.0,0.0,0.0,0.0006598022882826626,0.0
adam,629,1.2648168802261353,0.018476691097021103,0.0022240332327783108,0.04458170384168625,0.052345484495162964,0.08961258828639984,-0.00366778951138258,0.0,0.0,0.0,0.0,0.000651193899102509,0.0
adam,630,1.2516999244689941,0.018139906227588654,0.0022226404398679733,0.04390668869018555,0.05189300328493118,0.08955075591802597,-0.0036655343137681484,0.0,0.0,0.0,0.0,0.0006448085769079626,0.0
adam,631,1.2403082847595215,0.017896845936775208,0.0022209407761693,0.043638695031404495,0.05161377787590027,0.08938007056713104,-0.0036631927359849215,0.0,0.0,0.0,0.0,0.0006352629861794412,0.0
adam,632,1.2271699905395508,0.017573455348610878,0.002220248570665717,0.043180450797080994,0.05135885626077652,0.08925414830446243,-0.0036612709518522024,0.0,0.0,0.0,0.0,0.0006275681080296636,0.0
adam,633,1.2152889966964722,0.017321500927209854,0.002218768233433366,0.04274439066648483,0.05090449005365372,0.08912923187017441,-0.003659726120531559,0.0,0.0,0.0,0.0,0.0006173205911181867,0.0
adam,634,1.20303475856781,0.017024721950292587,0.0022171002347022295,0.04227690026164055,0.050435636192560196,0.08900972455739975,-0.0036577298305928707,0.0,0.0,0.0,0.0,0.0006103269988670945,0.0
adam,635,1.1918957233428955,0.016767822206020355,0.0022157824132591486,0.04187583923339844,0.050087377429008484,0.08887099474668503,-0.0036553051322698593,0.0,0.0,0.0,0.0,0.0006029456271789968,0.0
adam,636,1.1806663274765015,0.016500204801559448,0.0022151777520775795,0.04136783629655838,0.04972417652606964,0.08877832442522049,-0.003653296735137701,0.0,0.0,0.0,0.0,0.000595850171521306,0.0
adam,637,1.1702158451080322,0.016234977170825005,0.002214172389358282,0.04082504287362099,0.04918832331895828,0.08872203528881073,-0.003651180537417531,0.0,0.0,0.0,0.0,0.000590990879572928,0.0
adam,638,1.1607009172439575,0.016027580946683884,0.0022121460642665625,0.040574830025434494,0.04864437133073807,0.0886092558503151,-0.0036487809848040342,0.0,0.0,0.0,0.0,0.0005837468197569251,0.0
adam,639,1.1534963846206665,0.015851246193051338,0.0022113702725619078,0.040122613310813904,0.04826851189136505,0.08854589611291885,-0.0036467108875513077,0.0,0.0,0.0,0.0,0.0005803504027426243,0.0
adam,640,1.1495543718338013,0.015873407945036888,0.0022099504712969065,0.03986627236008644,0.047828398644924164,0.08845169097185135,-0.0036446349695324898,0.0,0.0,0.0,0.0,0.000568188086617738,0.0
adam,641,1.140574336051941,0.015591842122375965,0.002209398662671447,0.039186157286167145,0.04740293323993683,0.08846662193536758,-0.003642270341515541,0.0,0.0,0.0,0.0,0.0005687390803359449,0.0
adam,642,1.1199349164962769,0.015051538124680519,0.0022066885139793158,0.03912637382745743,0.04704708233475685,0.0883360505104065,-0.003639335511252284,0.0,0.0,0.0,0.0,0.0005571171059273183,0.0
adam,643,1.111564040184021,0.014870135113596916,0.002205206546932459,0.038829006254673004,0.04674501344561577,0.08826179057359695,-0.0036368665751069784,0.0,0.0,0.0,0.0,0.0005499894032254815,0.0
adam,644,1.108124017715454,0.014780432917177677,0.002204913180321455,0.03825774043798447,0.04644828289747238,0.08826561272144318,-0.0036353375762701035,0.0,0.0,0.0,0.0,0.0005494516808539629,0.0
adam,645,1.0905886888504028,0.014310987666249275,0.0022023888304829597,0.03811448812484741,0.04607899859547615,0.08816248923540115,-0.0036329764407128096,0.0,0.0,0.0,0.0,0.0005408613360486925,0.0
adam,646,1.085811972618103,0.014268842525780201,0.0022001212928444147,0.03791826218366623,0.04581293836236,0.08803552389144897,-0.003629937767982483,0.0,0.0,0.0,0.0,0.0005323468358255923,0.0
adam,647,1.0766288042068481,0.014020679518580437,0.0021997946314513683,0.0374792106449604,0.04576636850833893,0.08797641098499298,-0.0036286399699747562,0.0,0.0,0.0,0.0,0.0005286690429784358,0.0
adam,648,1.0632652044296265,0.013670708984136581,0.0021982265170663595,0.03709099069237709,0.04537525400519371,0.08791950345039368,-0.003626336809247732,0.0,0.0,0.0,0.0,0.0005218865117058158,0.0
adam,649,1.0600091218948364,0.013668185099959373,0.0021957627031952143,0.036691952496767044,0.044870249927043915,0.08784579485654831,-0.0036231381818652153,0.0,0.0,0.0,0.0,0.0005146223120391369,0.0
adam,650,1.0473824739456177,0.013312275521457195,0.002194726374000311,0.036343108862638474,0.044649310410022736,0.08776213973760605,-0.003621477633714676,0.0,0.0,0.0,0.0,0.0005108469049446285,0.0
adam,651,1.0392639636993408,0.013110075145959854,0.0021936981938779354,0.0361921451985836,0.04446767643094063,0.08764197677373886,-0.0036192787811160088,0.0,0.0,0.0,0.0,0.0005067815072834492,0.0
adam,652,1.0304293632507324,0.012921690009534359,0.002192005980759859,0.03580952808260918,0.043864671140909195,0.08759035915136337,-0.003616357920691371,0.0,0.0,0.0,0.0,0.0004993297043256462,0.0
adam,653,1.0232667922973633,0.01277947798371315,0.002190422499552369,0.03529693931341171,0.043244581669569016,0.08757130056619644,-0.0036144056357443333,0.0,0.0,0.0,0.0,0.0004926357069052756,0.0
adam,654,1.0127544403076172,0.012488637119531631,0.0021896183025091887,0.035364557057619095,0.04326723515987396,0.0873931348323822,-0.0036120873410254717,0.0,0.0,0.0,0.0,0.000489434169139713,0.0
adam,655,1.0077526569366455,0.012394923716783524,0.0021884737070649862,0.03540005907416344,0.04326467961072922,0.08725251257419586,-0.0036095718387514353,0.0,0.0,0.0,0.0,0.0004843971983063966,0.0
adam,656,0.99613356590271,0.012100627645850182,0.002186868339776993,0.034728989005088806,0.04245786368846893,0.08729490637779236,-0.0036073580849915743,0.0,0.0,0.0,0.0,0.00047783751506358385,0.0
adam,657,0.9918738603591919,0.012042391113936901,0.0021853328216820955,0.034215040504932404,0.041801318526268005,0.08731480687856674,-0.003605616744607687,0.0,0.0,0.0,0.0,0.00047186145093292,0.0
adam,658,0.9805039763450623,0.011725670658051968,0.0021841430570930243,0.034381210803985596,0.04182432219386101,0.08712638169527054,-0.003602915443480015,0.0,0.0,0.0,0.0,0.00046833010856062174,0.0
adam,659,0.9760087728500366,0.011659640818834305,0.0021821940317749977,0.03438881039619446,0.04171408712863922,0.08697360008955002,-0.0036002686247229576,0.0,0.0,0.0,0.0,0.00046273384941741824,0.0
adam,660,0.96563321352005,0.011408542282879353,0.0021799078676849604,0.03385552763938904,0.0409238301217556,0.08696279674768448,-0.0035979049280285835,0.0,0.0,0.0,0.0,0.0004565272247418761,0.0
adam,661,0.9609422087669373,0.01132943294942379,0.0021782133262604475,0.033381782472133636,0.0402742475271225,0.08697355538606644,-0.0035964068956673145,0.0,0.0,0.0,0.0,0.0004512441228143871,0.0
adam,662,0.9513723254203796,0.011065618135035038,0.0021772021427750587,0.033206161111593246,0.04010285437107086,0.0868944376707077,-0.003594499547034502,0.0,0.0,0.0,0.0,0.00044785268255509436,0.0
adam,663,0.947380542755127,0.011024178005754948,0.0021752738393843174,0.03321441262960434,0.03997443988919258,0.08676967024803162,-0.0035925889387726784,0.0,0.0,0.0,0.0,0.00044105100096203387,0.0
adam,664,0.9442539215087891,0.010977254249155521,0.002173114800825715,0.033221323043107986,0.039822619408369064,0.08664196729660034,-0.0035889851860702038,0.0,0.0,0.0,0.0,0.00043778528925031424,0.0
adam,665,0.9480222463607788,0.011216796934604645,0.0021709466818720102,0.03277595713734627,0.03896811231970787,0.08666396886110306,-0.003588199382647872,0.0,0.0,0.0,0.0,0.00042906164890155196,0.0
adam,666,0.9492934942245483,0.01125430315732956,0.0021705548278987408,0.03219092637300491,0.038686469197273254,0.08667481690645218,-0.0035862934309989214,0.0,0.0,0.0,0.0,0.00043138698674738407,0.0
adam,667,0.922935962677002,0.010501726530492306,0.002168722450733185,0.03216271474957466,0.03830069676041603,0.0866042897105217,-0.003585967468097806,0.0,0.0,0.0,0.0,0.0004209310282021761,0.0
adam,668,0.9158974885940552,0.010329829528927803,0.0021666651591658592,0.03253098949790001,0.038236573338508606,0.08642050623893738,-0.0035838454496115446,0.0,0.0,0.0,0.0,0.0004170132160652429,0.0
adam,669,0.9259379506111145,0.010664655826985836,0.002165341516956687,0.03245002403855324,0.037991367280483246,0.08631841093301773,-0.0035816081799566746,0.0,0.0,0.0,0.0,0.0004194595676381141,0.0
adam,670,0.9022440910339355,0.010010273195803165,0.002163878409191966,0.03193143010139465,0.03723131865262985,0.08634819835424423,-0.0035820233169943094,0.0,0.0,0.0,0.0,0.00040840994915924966,0.0
adam,671,0.9009747505187988,0.010025454685091972,0.0021626772359013557,0.03164361044764519,0.03691275045275688,0.08631084859371185,-0.003580958116799593,0.0,0.0,0.0,0.0,0.00040469851228408515,0.0
adam,672,0.8924245834350586,0.009757275693118572,0.00216174335218966,0.03160557150840759,0.03683887794613838,0.08619749546051025,-0.003578250063583255,0.0,0.0,0.0,0.0,0.0004051628930028528,0.0
adam,673,0.8859168291091919,0.00959901511669159,0.002159735420718789,0.03171985223889351,0.036599595099687576,0.08606938272714615,-0.003575543873012066,0.0,0.0,0.0,0.0,0.0004017221217509359,0.0
adam,674,0.8818580508232117,0.009557802230119705,0.0021576916333287954,0.031525809317827225,0.036123126745224,0.08600583672523499,-0.0035738390870392323,0.0,0.0,0.0,0.0,0.000394938891986385,0.0
adam,675,0.8749222755432129,0.009385580196976662,0.0021568031515926123,0.03105500340461731,0.035805098712444305,0.08597416430711746,-0.003572397166863084,0.0,0.0,0.0,0.0,0.0003914093249477446,0.0
adam,676,0.868100106716156,0.00919682439416647,0.0021558802109211683,0.03092249482870102,0.03579706326127052,0.0858539417386055,-0.0035699394065886736,0.0,0.0,0.0,0.0,0.0003898731083609164,0.0
adam,677,0.8650937080383301,0.009161820635199547,0.002154070418328047,0.030870867893099785,0.035461585968732834,0.08574208617210388,-0.003567759646102786,0.0,0.0,0.0,0.0,0.0003861192089971155,0.0
adam,678,0.8566550016403198,0.00895665492862463,0.002152352361008525,0.030560238286852837,0.034811776131391525,0.08571594208478928,-0.0035667535848915577,0.0,0.0,0.0,0.0,0.0003811854403465986,0.0
adam,679,0.8530295491218567,0.008903644047677517,0.0021510107908397913,0.030590809881687164,0.03459341824054718,0.08560502529144287,-0.0035649335477501154,0.0,0.0,0.0,0.0,0.0003766878508031368,0.0
adam,680,0.8460074663162231,0.008727973327040672,0.0021498478017747402,0.030832018703222275,0.03484160453081131,0.08542533218860626,-0.003562001511454582,0.0,0.0,0.0,0.0,0.0003726973372977227,0.0
adam,681,0.8433406949043274,0.008682511746883392,0.0021486128680408,0.03052522800862789,0.03458910435438156,0.0853620320558548,-0.0035597574897110462,0.0,0.0,0.0,0.0,0.00037071265978738666,0.0
adam,682,0.8328850865364075,0.008410053327679634,0.00214719632640481,0.03011743351817131,0.03381373733282089,0.08534440398216248,-0.003558280412107706,0.0,0.0,0.0,0.0,0.0003661610244307667,0.0
adam,683,0.8331753015518188,0.008479343727231026,0.002145721111446619,0.030076049268245697,0.03323102742433548,0.08524461835622787,-0.0035564638674259186,0.0,0.0,0.0,0.0,0.00036331836599856615,0.0
adam,684,0.8243660926818848,0.008215385489165783,0.002144782105460763,0.0304087083786726,0.03309107571840286,0.0850406289100647,-0.003553885966539383,0.0,0.0,0.0,0.0,0.0003632972075138241,0.0
adam,685,0.8205389976501465,0.008136339485645294,0.0021435755770653486,0.030825497582554817,0.03319801390171051,0.08482304215431213,-0.003550652414560318,0.0,0.0,0.0,0.0,0.00036084509338252246,0.0
adam,686,0.8151061534881592,0.008038364350795746,0.0021423380821943283,0.030587000772356987,0.03293640539050102,0.08473864942789078,-0.0035484344698488712,0.0,0.0,0.0,0.0,0.0003551050031092018,0.0
adam,687,0.8110207319259644,0.007982087321579456,0.002141079865396023,0.029985319823026657,0.03234141319990158,0.08474379777908325,-0.0035471091978251934,0.0,0.0,0.0,0.0,0.0003498211153782904,0.0
adam,688,0.8045255541801453,0.007831414230167866,0.002139467280358076,0.029866686090826988,0.03194962441921234,0.08463521301746368,-0.0035451878793537617,0.0,0.0,0.0,0.0,0.00034623820101842284,0.0
adam,689,0.8018980622291565,0.007768526673316956,0.002138156211003661,0.03008982539176941,0.03184034302830696,0.0844298005104065,-0.003542800433933735,0.0,0.0,0.0,0.0,0.0003469246148597449,0.0
adam,690,0.7946709990501404,0.007570427842438221,0.0021365187130868435,0.030333220958709717,0.03186731040477753,0.08423713594675064,-0.0035400460474193096,0.0,0.0,0.0,0.0,0.00034522253554314375,0.0
adam,691,0.7917112112045288,0.007531582377851009,0.002134819282218814,0.030127041041851044,0.03170710429549217,0.08415862172842026,-0.003537319367751479,0.0,0.0,0.0,0.0,0.00034140291973017156,0.0
adam,692,0.7855452299118042,0.007389448583126068,0.002133782720193267,0.029779769480228424,0.03133397549390793,0.08410529792308807,-0.0035346648655831814,0.0,0.0,0.0,0.0,0.0003376294334884733,0.0
adam,693,0.7823777198791504,0.007364760618656874,0.0021326583810150623,0.029567211866378784,0.030922753736376762,0.08402478694915771,-0.003532079979777336,0.0,0.0,0.0,0.0,0.00033233457361347973,0.0
adam,694,0.7772415280342102,0.007247084751725197,0.0021321007516235113,0.029373733326792717,0.03058648109436035,0.08392275869846344,-0.0035305845085531473,0.0,0.0,0.0,0.0,0.0003299162199255079,0.0
adam,695,0.7735320329666138,0.007180023938417435,0.00213068095035851,0.029598738998174667,0.030521880835294724,0.08369367569684982,-0.0035281542222946882,0.0,0.0,0.0,0.0,0.000327699031913653,0.0
adam,696,0.7692723870277405,0.007051100488752127,0.0021296190097928047,0.029687777161598206,0.03058093786239624,0.08348876982927322,-0.0035254028625786304,0.0,0.0,0.0,0.0,0.0003294588823337108,0.0
adam,697,0.767029345035553,0.007037768140435219,0.00212799571454525,0.029829494655132294,0.030507024377584457,0.0833163782954216,-0.0035222056321799755,0.0,0.0,0.0,0.0,0.0003260272787883878,0.0
adam,698,0.763027548789978,0.006945564411580563,0.002127762883901596,0.029308723285794258,0.029962636530399323,0.08331138640642166,-0.0035209369380027056,0.0,0.0,0.0,0.0,0.0003244749386794865,0.0
adam,699,0.7615944743156433,0.007012182381004095,0.0021261400543153286,0.029302235692739487,0.02955494076013565,0.0832008346915245,-0.003518135752528906,0.0,0.0,0.0,0.0,0.0003158428007736802,0.0
adam,700,0.7563745975494385,0.006869763135910034,0.0021257472690194845,0.029075121507048607,0.02933930605649948,0.08310294896364212,-0.0035157499369233847,0.0,0.0,0.0,0.0,0.0003153457073494792,0.0
adam,701,0.7503405809402466,0.006733305286616087,0.0021241444628685713,0.02938881330192089,0.029358746483922005,0.08286894857883453,-0.0035122560802847147,0.0,0.0,0.0,0.0,0.0003119973698630929,0.0
adam,702,0.7424691915512085,0.006499819457530975,0.0021234764717519283,0.02922716923058033,0.02912324294447899,0.0827677845954895,-0.003510769922286272,0.0,0.0,0.0,0.0,0.0003117193700745702,0.0
adam,703,0.741369366645813,0.006500736810266972,0.0021226112730801105,0.029039667919278145,0.02880333922803402,0.08267931640148163,-0.003509195987135172,0.0,0.0,0.0,0.0,0.0003106186049990356,0.0
adam,704,0.7384010553359985,0.006473238579928875,0.002120938152074814,0.02917398512363434,0.02864052727818489,0.08252206444740295,-0.003506273031234741,0.0,0.0,0.0,0.0,0.00030615890864282846,0.0
adam,705,0.7331781983375549,0.006316507235169411,0.002120459685102105,0.02908814139664173,0.028585977852344513,0.08242521435022354,-0.0035040532238781452,0.0,0.0,0.0,0.0,0.0003063608310185373,0.0
adam,706,0.7272034883499146,0.006177274510264397,0.0021196771413087845,0.028986291959881783,0.02847658284008503,0.08234139531850815,-0.0035024071112275124,0.0,0.0,0.0,0.0,0.0003022565506398678,0.0
adam,707,0.7270326018333435,0.006241899915039539,0.0021183937788009644,0.028860678896307945,0.028215136379003525,0.0822552889585495,-0.0035003554075956345,0.0,0.0,0.0,0.0,0.00029756149160675704,0.0
adam,708,0.7224872708320618,0.006132431328296661,0.0021173395216464996,0.0286418404430151,0.027907269075512886,0.08217013627290726,-0.00349778076633811,0.0,0.0,0.0,0.0,0.0002960024285130203,0.0
adam,709,0.7183817625045776,0.006074095144867897,0.002115546492859721,0.02871941588819027,0.02767281047999859,0.08200856298208237,-0.003494786098599434,0.0,0.0,0.0,0.0,0.0002912079216912389,0.0
adam,710,0.7128058075904846,0.005921151489019394,0.0021147264633327723,0.028688952326774597,0.027469448745250702,0.08189339190721512,-0.00349288247525692,0.0,0.0,0.0,0.0,0.0002903787244576961,0.0
adam,711,0.7120661735534668,0.0059095341712236404,0.002113897353410721,0.028710221871733665,0.027400391176342964,0.08176607638597488,-0.0034903911873698235,0.0,0.0,0.0,0.0,0.00029130501206964254,0.0
adam,712,0.7078555226325989,0.005840013734996319,0.002112254034727812,0.028810180723667145,0.027334431186318398,0.08160993456840515,-0.0034870768431574106,0.0,0.0,0.0,0.0,0.00028674161876551807,0.0
adam,713,0.7042480707168579,0.00575333833694458,0.002111680107191205,0.02849680371582508,0.027054855599999428,0.08155999332666397,-0.003484918735921383,0.0,0.0,0.0,0.0,0.00028559696511365473,0.0
adam,714,0.6994751691818237,0.005670181941241026,0.0021106242202222347,0.028374897316098213,0.026698747649788857,0.08147477358579636,-0.003483307082206011,0.0,0.0,0.0,0.0,0.00028053775895386934,0.0
adam,715,0.6963935494422913,0.0056295134127140045,0.002109551103785634,0.02850469946861267,0.026565857231616974,0.0812978446483612,-0.003481013933196664,0.0,0.0,0.0,0.0,0.0002772862499114126,0.0
adam,716,0.6941851377487183,0.005578480660915375,0.002108816523104906,0.028548765927553177,0.026528874412178993,0.08112777769565582,-0.0034782227594405413,0.0,0.0,0.0,0.0,0.0002778421912807971,0.0
adam,717,0.691529393196106,0.005556928925216198,0.0021070779766887426,0.028524337336421013,0.026303913444280624,0.08098765462636948,-0.003475201316177845,0.0,0.0,0.0,0.0,0.0002740597410593182,0.0
adam,718,0.6869488954544067,0.005432832054793835,0.002106088912114501,0.028257716447114944,0.026056842878460884,0.0809130072593689,-0.0034726662561297417,0.0,0.0,0.0,0.0,0.00027364082052372396,0.0
adam,719,0.6825513243675232,0.005346362944692373,0.0021046737674623728,0.02830955944955349,0.0259650107473135,0.08076630532741547,-0.0034697148948907852,0.0,0.0,0.0,0.0,0.0002701646590139717,0.0
adam,720,0.6794142127037048,0.005292373709380627,0.0021034548990428448,0.02834165096282959,0.025930559262633324,0.08061923831701279,-0.0034670354798436165,0.0,0.0,0.0,0.0,0.0002675600699149072,0.0
adam,721,0.6783518195152283,0.005293062888085842,0.002102679805830121,0.0282350592315197,0.025846073403954506,0.08050481230020523,-0.003464758861809969,0.0,0.0,0.0,0.0,0.000266299961367622,0.0
adam,722,0.675365149974823,0.005263895727694035,0.002101030433550477,0.028353307396173477,0.02563786320388317,0.08034764230251312,-0.0034617623314261436,0.0,0.0,0.0,0.0,0.0002620882005430758,0.0
adam,723,0.6719155311584473,0.005171993747353554,0.0021003817673772573,0.028239326551556587,0.02538471482694149,0.0802418664097786,-0.0034591278526932,0.0,0.0,0.0,0.0,0.0002623953332658857,0.0
adam,724,0.6672589182853699,0.00509990006685257,0.0020987330935895443,0.02823023498058319,0.025156375020742416,0.08008719980716705,-0.0034563171211630106,0.0,0.0,0.0,0.0,0.0002572120865806937,0.0
adam,725,0.6633021831512451,0.0050042858347296715,0.0020970404148101807,0.02822393737733364,0.025070860981941223,0.079925537109375,-0.0034532349091023207,0.0,0.0,0.0,0.0,0.0002564906608313322,0.0
adam,726,0.6619295477867126,0.004974685609340668,0.0020958525128662586,0.02832014672458172,0.025086186826229095,0.07976023107767105,-0.003449969692155719,0.0,0.0,0.0,0.0,0.0002573661913629621,0.0
adam,727,0.6596894860267639,0.004967701155692339,0.0020939279347658157,0.02836703509092331,0.024745849892497063,0.07963115721940994,-0.003446871880441904,0.0,0.0,0.0,0.0,0.0002534313243813813,0.0
adam,728,0.6581006050109863,0.004936194978654385,0.0020936112850904465,0.028156831860542297,0.02453656494617462,0.07955937832593918,-0.0034444029442965984,0.0,0.0,0.0,0.0,0.0002534563827794045,0.0
adam,729,0.6531738042831421,0.004851910285651684,0.002091434085741639,0.028359634801745415,0.024538397789001465,0.0793544128537178,-0.0034407211933285,0.0,0.0,0.0,0.0,0.0002483981952536851,0.0
adam,730,0.6485515832901001,0.004733795300126076,0.00209005712531507,0.028295578435063362,0.024591056630015373,0.07920605689287186,-0.0034378208220005035,0.0,0.0,0.0,0.0,0.00024729856522753835,0.0
adam,731,0.646073043346405,0.004692203365266323,0.002088682260364294,0.028134427964687347,0.02437201328575611,0.07910408079624176,-0.003435243619605899,0.0,0.0,0.0,0.0,0.0002457805385347456,0.0
adam,732,0.6447975635528564,0.004709218628704548,0.0020869814325124025,0.02814607135951519,0.024121912196278572,0.07896511256694794,-0.003431962337344885,0.0,0.0,0.0,0.0,0.00024269700224976987,0.0
adam,733,0.6424980759620667,0.00465707341209054,0.002086042892187834,0.028069889172911644,0.024020111188292503,0.07884068787097931,-0.003428916446864605,0.0,0.0,0.0,0.0,0.0002427314902888611,0.0
adam,734,0.6391593813896179,0.004615596495568752,0.0020840726792812347,0.028184926137328148,0.023946750909090042,0.07866809517145157,-0.003425881965085864,0.0,0.0,0.0,0.0,0.00023852761660236865,0.0
adam,735,0.6366926431655884,0.004553789738565683,0.0020822493825107813,0.028200659900903702,0.023881439119577408,0.07851476967334747,-0.0034225406125187874,0.0,0.0,0.0,0.0,0.0002391543093835935,0.0
adam,736,0.6351638436317444,0.004551291931420565,0.0020815725438296795,0.028165694326162338,0.02390531823039055,0.07838433980941772,-0.0034200435038655996,0.0,0.0,0.0,0.0,0.00023650423099752516,0.0
adam,737,0.6306067109107971,0.004438135772943497,0.002078895689919591,0.028045404702425003,0.023468704894185066,0.07827404886484146,-0.003416044171899557,0.0,0.0,0.0,0.0,0.00023576455714646727,0.0
adam,738,0.6268414258956909,0.004358927719295025,0.00207771104760468,0.028131062164902687,0.023467600345611572,0.07809960842132568,-0.0034124250523746014,0.0,0.0,0.0,0.0,0.00023383948428090662,0.0
adam,739,0.6271997690200806,0.004429836291819811,0.002076920121908188,0.028110310435295105,0.02347150631248951,0.07796081900596619,-0.003410021774470806,0.0,0.0,0.0,0.0,0.00023029260046314448,0.0
adam,740,0.6233405470848083,0.004332802724093199,0.002074741292744875,0.02799711376428604,0.023185383528470993,0.07785347104072571,-0.003406704869121313,0.0,0.0,0.0,0.0,0.000229850978939794,0.0
adam,741,0.6206475496292114,0.004298123065382242,0.002073289593681693,0.02816127985715866,0.02320236526429653,0.07766883820295334,-0.0034034992568194866,0.0,0.0,0.0,0.0,0.00022699324472341686,0.0
adam,742,0.6208871603012085,0.00431899493560195,0.0020731156691908836,0.028094828128814697,0.023270202800631523,0.07752954959869385,-0.0034006002824753523,0.0,0.0,0.0,0.0,0.00022801751038059592,0.0
adam,743,0.6210352182388306,0.004393450915813446,0.0020708178635686636,0.028152916580438614,0.022997858002781868,0.07737074047327042,-0.00339663028717041,0.0,0.0,0.0,0.0,0.00022420923050958663,0.0
adam,744,0.6202781796455383,0.0043576061725616455,0.002069312147796154,0.02800503745675087,0.022836502641439438,0.07725827395915985,-0.0033925455063581467,0.0,0.0,0.0,0.0,0.00022786094632465392,0.0
adam,745,0.6134182214736938,0.004223044961690903,0.002067356836050749,0.028514811769127846,0.023058932274580002,0.07697158306837082,-0.0033878048416227102,0.0,0.0,0.0,0.0,0.00022151510347612202,0.0
adam,746,0.60817551612854,0.0040800971910357475,0.00206666043959558,0.028113896027207375,0.022856440395116806,0.0769428014755249,-0.003385768039152026,0.0,0.0,0.0,0.0,0.00022021893528290093,0.0
adam,747,0.6091574430465698,0.0041227261535823345,0.0020655898842960596,0.027792587876319885,0.02262498438358307,0.0769025981426239,-0.003383288159966469,0.0,0.0,0.0,0.0,0.00022118627384770662,0.0
adam,748,0.609350323677063,0.0042089372873306274,0.0020633123349398375,0.028210392221808434,0.022604845464229584,0.07662960886955261,-0.0033792757894843817,0.0,0.0,0.0,0.0,0.0002168272330891341,0.0
adam,749,0.6039564609527588,0.00404219189658761,0.002062676940113306,0.028387174010276794,0.022741097956895828,0.07641955465078354,-0.0033760499209165573,0.0,0.0,0.0,0.0,0.00021828738681506366,0.0
adam,750,0.5996514558792114,0.003940876107662916,0.00206158054061234,0.02849086932837963,0.02279607579112053,0.07625018060207367,-0.0033724613022059202,0.0,0.0,0.0,0.0,0.00021651669521816075,0.0
adam,751,0.6014330387115479,0.00404510460793972,0.002059435471892357,0.02815874107182026,0.022432295605540276,0.07621651142835617,-0.003369083860889077,0.0,0.0,0.0,0.0,0.00021421491692308336,0.0
adam,752,0.5974458456039429,0.003910108469426632,0.0020581295248121023,0.02800828032195568,0.02246573381125927,0.07611874490976334,-0.00336526520550251,0.0,0.0,0.0,0.0,0.0002163216267945245,0.0
adam,753,0.5934792160987854,0.00385563587769866,0.002056283177807927,0.028227075934410095,0.022527659311890602,0.0759020522236824,-0.0033612148836255074,0.0,0.0,0.0,0.0,0.00021149925305508077,0.0
adam,754,0.5932244062423706,0.003916201181709766,0.0020547169260680676,0.02848648466169834,0.022481495514512062,0.07568786293268204,-0.0033574842382222414,0.0,0.0,0.0,0.0,0.00020766118541359901,0.0
adam,755,0.5909875631332397,0.0038323812186717987,0.0020540133118629456,0.028336964547634125,0.022315582260489464,0.0756092369556427,-0.0033553754910826683,0.0,0.0,0.0,0.0,0.00021063076565042138,0.0
adam,756,0.5887709856033325,0.003779302118346095,0.002052393276244402,0.028294194489717484,0.022265365347266197,0.07549528777599335,-0.0033523838501423597,0.0,0.0,0.0,0.0,0.00021066366753075272,0.0
adam,757,0.5873738527297974,0.0037836465053260326,0.0020505262073129416,0.028611790388822556,0.0225567314773798,0.07524902373552322,-0.003346696961671114,0.0,0.0,0.0,0.0,0.0002082481369143352,0.0
adam,758,0.5831431150436401,0.0037049453239887953,0.0020490812603384256,0.02836303971707821,0.022210951894521713,0.07517915219068527,-0.0033436338417232037,0.0,0.0,0.0,0.0,0.00020456439233385026,0.0
adam,759,0.5836035013198853,0.0037448438815772533,0.002048034919425845,0.0282648466527462,0.02207515947520733,0.07508857548236847,-0.0033412124030292034,0.0,0.0,0.0,0.0,0.00020416200277395546,0.0
adam,760,0.5796327590942383,0.003632879350334406,0.0020467478316277266,0.028616704046726227,0.022380677983164787,0.07483779639005661,-0.003336917608976364,0.0,0.0,0.0,0.0,0.00020476250210776925,0.0
adam,761,0.5790634155273438,0.003658936358988285,0.00204512313939631,0.028685923665761948,0.02229914255440235,0.07466437667608261,-0.003333357395604253,0.0,0.0,0.0,0.0,0.00020317434973549098,0.0
adam,762,0.57598477602005,0.0035790973342955112,0.0020440244115889072,0.028553666546940804,0.02214069664478302,0.07457158714532852,-0.003330729901790619,0.0,0.0,0.0,0.0,0.0002031182375503704,0.0
adam,763,0.5744684338569641,0.0035875681787729263,0.0020424500107765198,0.028559409081935883,0.022067774087190628,0.07444291561841965,-0.003328104969114065,0.0,0.0,0.0,0.0,0.00019951594003941864,0.0
adam,764,0.572156548500061,0.003555973991751671,0.0020407550036907196,0.02867383509874344,0.022223133593797684,0.07427546381950378,-0.0033247044775635004,0.0,0.0,0.0,0.0,0.00019712715584319085,0.0
adam,765,0.5702245831489563,0.0035078655928373337,0.0020390250720083714,0.02871878258883953,0.022354573011398315,0.07413486391305923,-0.0033210909459739923,0.0,0.0,0.0,0.0,0.00019742647418752313,0.0
adam,766,0.5684503316879272,0.0034592950250953436,0.0020373500883579254,0.02856205217540264,0.02211562544107437,0.07405759394168854,-0.0033176750876009464,0.0,0.0,0.0,0.0,0.0001985771959880367,0.0
adam,767,0.5667665600776672,0.0034382373560220003,0.002035705838352442,0.02854248695075512,0.02187000960111618,0.07392876595258713,-0.003313829191029072,0.0,0.0,0.0,0.0,0.00019783178868237883,0.0
adam,768,0.5655502080917358,0.0034756502136588097,0.0020338138565421104,0.028845183551311493,0.021942995488643646,0.07369153201580048,-0.003310025203973055,0.0,0.0,0.0,0.0,0.0001931099104695022,0.0
adam,769,0.5647442936897278,0.003473486751317978,0.0020325426012277603,0.028933631256222725,0.02215719036757946,0.07351744920015335,-0.003307018429040909,0.0,0.0,0.0,0.0,0.0001928317069541663,0.0
adam,770,0.5658161044120789,0.0035514163319021463,0.0020301956683397293,0.02883199043571949,0.02199593000113964,0.07341703027486801,-0.00330402166582644,0.0,0.0,0.0,0.0,0.0001908976846607402,0.0
adam,771,0.568101704120636,0.003599378513172269,0.002029107417911291,0.028760012239217758,0.022020164877176285,0.07330697029829025,-0.0032997606322169304,0.0,0.0,0.0,0.0,0.00019565939146559685,0.0
adam,772,0.56553053855896,0.0036049650516361,0.002026764675974846,0.028998596593737602,0.022008178755640984,0.07311966270208359,-0.003295993898063898,0.0,0.0,0.0,0.0,0.00018912085215561092,0.0
adam,773,0.5566594004631042,0.0033155169803649187,0.0020252966787666082,0.02893202193081379,0.021979212760925293,0.07301714271306992,-0.003292766399681568,0.0,0.0,0.0,0.0,0.00019042336498387158,0.0
adam,774,0.5571460127830505,0.003354520071297884,0.0020229157526046038,0.02886938862502575,0.02186618186533451,0.07291467487812042,-0.0032891975715756416,0.0,0.0,0.0,0.0,0.00019026087829843163,0.0
adam,775,0.5605489015579224,0.0035392828285694122,0.002020346699282527,0.028924522921442986,0.02179032377898693,0.07277894020080566,-0.0032857100013643503,0.0,0.0,0.0,0.0,0.00018543694750405848,0.0
adam,776,0.553104817867279,0.0032890900038182735,0.0020192458759993315,0.028947677463293076,0.021956199780106544,0.07265348732471466,-0.0032819227781146765,0.0,0.0,0.0,0.0,0.0001872870052466169,0.0
adam,777,0.5514141917228699,0.003253254573792219,0.0020173306111246347,0.029115190729498863,0.022045539692044258,0.07249194383621216,-0.0032781572081148624,0.0,0.0,0.0,0.0,0.00018732478201854974,0.0
adam,778,0.5544731616973877,0.0034167885314673185,0.0020150314085185528,0.029081514105200768,0.021888213232159615,0.07237723469734192,-0.003275409108027816,0.0,0.0,0.0,0.0,0.00018352510232944041,0.0
adam,779,0.5487406253814697,0.0032334155403077602,0.0020133783109486103,0.028907423838973045,0.021846389397978783,0.07229404151439667,-0.0032719492446631193,0.0,0.0,0.0,0.0,0.00018464072491042316,0.0
adam,780,0.5466153621673584,0.0032013398595154285,0.0020106378942728043,0.029080720618367195,0.02184486947953701,0.07211530208587646,-0.00326718483120203,0.0,0.0,0.0,0.0,0.00018333893967792392,0.0
adam,781,0.5494539737701416,0.0033503316808491945,0.002008124254643917,0.02923901006579399,0.021755468100309372,0.0719553604722023,-0.0032631943468004465,0.0,0.0,0.0,0.0,0.00018040413851849735,0.0
adam,782,0.5433502197265625,0.0031351004727184772,0.0020069859456270933,0.029107479378581047,0.02180095948278904,0.07188063114881516,-0.00326002505607903,0.0,0.0,0.0,0.0,0.0001830233377404511,0.0
adam,783,0.5459021925926208,0.00323345884680748,0.0020050143357366323,0.0290738083422184,0.021794617176055908,0.0717630460858345,-0.0032561866100877523,0.0,0.0,0.0,0.0,0.00018374410865362734,0.0
adam,784,0.5397728681564331,0.003104550065472722,0.002002389868721366,0.029189875349402428,0.021709350869059563,0.0715751051902771,-0.0032528280280530453,0.0,0.0,0.0,0.0,0.00017926335567608476,0.0
adam,785,0.5416477918624878,0.003211922012269497,0.0020001251250505447,0.02953428588807583,0.021945256739854813,0.07132287323474884,-0.0032487106509506702,0.0,0.0,0.0,0.0,0.00017762240895535797,0.0
adam,786,0.5381534695625305,0.0031040222384035587,0.001998336985707283,0.02951524779200554,0.021944478154182434,0.07120631635189056,-0.0032444919925183058,0.0,0.0,0.0,0.0,0.00017874847981147468,0.0
adam,787,0.5375300049781799,0.003085660981014371,0.001996525563299656,0.029210606589913368,0.02168918028473854,0.07119307667016983,-0.0032413052394986153,0.0,0.0,0.0,0.0,0.00018003126024268568,0.0
adam,788,0.5364183783531189,0.0030988736543804407,0.0019940114580094814,0.029286524280905724,0.021763967350125313,0.07106053084135056,-0.0032377257011830807,0.0,0.0,0.0,0.0,0.00017686051432974637,0.0
adam,789,0.5330209732055664,0.0030212332494556904,0.0019918829202651978,0.029370320960879326,0.021812524646520615,0.07090277969837189,-0.00323368888348341,0.0,0.0,0.0,0.0,0.00017561667482368648,0.0
adam,790,0.5342440605163574,0.003081387374550104,0.001990038435906172,0.029411718249320984,0.02176688052713871,0.07075348496437073,-0.0032296201679855585,0.0,0.0,0.0,0.0,0.00017617213597986847,0.0
adam,791,0.5300166010856628,0.0029773912392556667,0.001987905241549015,0.02964663691818714,0.02183275856077671,0.07055515050888062,-0.003225891850888729,0.0,0.0,0.0,0.0,0.00017508094606455415,0.0
adam,792,0.5304741263389587,0.0030164415948092937,0.0019860570318996906,0.029658138751983643,0.021755991503596306,0.0704178437590599,-0.0032223458401858807,0.0,0.0,0.0,0.0,0.0001751387899275869,0.0
adam,793,0.5274840593338013,0.002948352135717869,0.0019834123086184263,0.029762027785182,0.02182192914187908,0.07026465982198715,-0.0032173621002584696,0.0,0.0,0.0,0.0,0.0001741331652738154,0.0
adam,794,0.5277098417282104,0.0029701152816414833,0.0019814076367765665,0.029480107128620148,0.021781908348202705,0.0702342838048935,-0.0032134000211954117,0.0,0.0,0.0,0.0,0.0001739632716635242,0.0
adam,795,0.5249236226081848,0.0029186727479100227,0.0019788299687206745,0.029462235048413277,0.021703317761421204,0.07012569159269333,-0.0032091541215777397,0.0,0.0,0.0,0.0,0.00017185222532134503,0.0
adam,796,0.5250100493431091,0.0029433835297822952,0.0019767777994275093,0.029648376628756523,0.021753527224063873,0.0699336975812912,-0.003205107757821679,0.0,0.0,0.0,0.0,0.00017231388483196497,0.0
adam,797,0.5229158997535706,0.0029266569763422012,0.001974336104467511,0.030016489326953888,0.02201003022491932,0.06968320161104202,-0.003200290724635124,0.0,0.0,0.0,0.0,0.0001697191910352558,0.0
adam,798,0.5233118534088135,0.002952484879642725,0.001972842961549759,0.02975606732070446,0.02185235358774662,0.06962841749191284,-0.0031967931427061558,0.0,0.0,0.0,0.0,0.00017034105258062482,0.0
adam,799,0.5224665999412537,0.0029496815986931324,0.0019700576085597277,0.029822587966918945,0.021766560152173042,0.06950579583644867,-0.0031919667962938547,0.0,0.0,0.0,0.0,0.0001698887936072424,0.0
adam,800,0.5233104825019836,0.002964063547551632,0.0019685535226017237,0.029704922810196877,0.02168736234307289,0.069432832300663,-0.003188598668202758,0.0,0.0,0.0,0.0,0.0001729356445139274,0.0
adam,801,0.518534779548645,0.002834777347743511,0.001967601478099823,0.02983110584318638,0.021714815869927406,0.06935463100671768,-0.00318710133433342,0.0,0.0,0.0,0.0,0.00017088897584471852,0.0
adam,802,0.5178737044334412,0.0028473627753555775,0.001966499025002122,0.02998805232346058,0.021748488768935204,0.06926321238279343,-0.003185388632118702,0.0,0.0,0.0,0.0,0.0001685048482613638,0.0
adam,803,0.519025981426239,0.0029076249338686466,0.001965603791177273,0.03008699230849743,0.021797185763716698,0.06918733566999435,-0.003183834021911025,0.0,0.0,0.0,0.0,0.00016723839507903904,0.0
adam,804,0.5167022347450256,0.002837736625224352,0.0019650852773338556,0.030066154897212982,0.021843668073415756,0.06914681196212769,-0.003182751825079322,0.0,0.0,0.0,0.0,0.00016709593182895333,0.0
adam,805,0.5177226066589355,0.002870280994102359,0.0019647260196506977,0.02995777316391468,0.02186427265405655,0.06913682818412781,-0.003182006301358342,0.0,0.0,0.0,0.0,0.00016761317965574563,0.0
adam,806,0.5178903937339783,0.0028817257843911648,0.0019641665276139975,0.029855431988835335,0.02185375988483429,0.06913300603628159,-0.0031812377274036407,0.0,0.0,0.0,0.0,0.00016735457757022232,0.0
adam,807,0.5149096846580505,0.0027983644977211952,0.001963274087756872,0.029834456741809845,0.021840188652276993,0.06910926848649979,-0.0031801403965801,0.0,0.0,0.0,0.0,0.00016623114061076194,0.0
adam,808,0.5158697366714478,0.0028428619261831045,0.0019622230902314186,0.02990080788731575,0.021853135898709297,0.06905931979417801,-0.00317865121178329,0.0,0.0,0.0,0.0,0.00016562841483391821,0.0
adam,809,0.5161054730415344,0.002854203339666128,0.0019613252952694893,0.029994729906320572,0.021886086091399193,0.06899959594011307,-0.0031770167406648397,0.0,0.0,0.0,0.0,0.00016597815556451678,0.0
adam,810,0.5140586495399475,0.0027821860276162624,0.001960709923878312,0.030038045719265938,0.02189304493367672,0.06895240396261215,-0.003175519872456789,0.0,0.0,0.0,0.0,0.0001670244091656059,0.0
adam,811,0.5148440599441528,0.002805457916110754,0.0019602396059781313,0.030009862035512924,0.02184583991765976,0.06892385333776474,-0.003174250479787588,0.0,0.0,0.0,0.0,0.00016796535055618733,0.0
adam,812,0.514033317565918,0.002791202161461115,0.0019596389029175043,0.029962636530399323,0.021774450317025185,0.06889939308166504,-0.003173123113811016,0.0,0.0,0.0,0.0,0.00016737225814722478,0.0
adam,813,0.5125027298927307,0.002765202894806862,0.0019588323775678873,0.029949931427836418,0.02172509767115116,0.06886234879493713,-0.0031719126272946596,0.0,0.0,0.0,0.0,0.00016563170356675982,0.0
adam,814,0.5135660171508789,0.0028208792209625244,0.0019579187501221895,0.029999887570738792,0.021752553060650826,0.06880366057157516,-0.0031705021392554045,0.0,0.0,0.0,0.0,0.00016440490435343236,0.0
adam,815,0.5122897028923035,0.0027880556881427765,0.001957083120942116,0.03007875569164753,0.021855322644114494,0.06873628497123718,-0.003169028088450432,0.0,0.0,0.0,0.0,0.00016413094999734312,0.0
adam,816,0.511449933052063,0.0027604461647570133,0.0019563999958336353,0.030130017548799515,0.02195657417178154,0.06867994368076324,-0.0031676541548222303,0.0,0.0,0.0,0.0,0.00016467456589452922,0.0
adam,817,0.5124368071556091,0.0027955984696745872,0.0019558044150471687,0.030118616297841072,0.02195856161415577,0.06864705681800842,-0.0031664653215557337,0.0,0.0,0.0,0.0,0.00016501786012668163,0.0
adam,818,0.5105989575386047,0.002749992534518242,0.0019551492296159267,0.030070988461375237,0.021871423348784447,0.06862996518611908,-0.0031653763726353645,0.0,0.0,0.0,0.0,0.0001640507543925196,0.0
adam,819,0.5101104974746704,0.0027516004629433155,0.0019543725065886974,0.030033009126782417,0.02179071307182312,0.06861179322004318,-0.0031641568057239056,0.0,0.0,0.0,0.0,0.00016284090816043317,0.0
adam,820,0.51072758436203,0.002779078669846058,0.0019535173196345568,0.030034827068448067,0.021792469546198845,0.06857944279909134,-0.0031626613344997168,0.0,0.0,0.0,0.0,0.00016267980390693992,0.0
adam,821,0.5092540383338928,0.002726972568780184,0.0019526564283296466,0.030069295316934586,0.02186308242380619,0.0685332790017128,-0.003160939086228609,0.0,0.0,0.0,0.0,0.00016350102669093758,0.0
adam,822,0.5093706846237183,0.002729015424847603,0.001951918238773942,0.030111249536275864,0.021919284015893936,0.0684807077050209,-0.0031592021696269512,0.0,0.0,0.0,0.0,0.00016433077689725906,0.0
adam,823,0.5088055729866028,0.0027232153806835413,0.001951088896021247,0.03015771508216858,0.021937759593129158,0.06842558085918427,-0.0031574717722833157,0.0,0.0,0.0,0.0,0.0001637928799027577,0.0
adam,824,0.5077569484710693,0.002713317982852459,0.001950202975422144,0.03019845113158226,0.021934205666184425,0.06837152689695358,-0.0031558482442051172,0.0,0.0,0.0,0.0,0.00016209989553317428,0.0
adam,825,0.5081509351730347,0.002747190184891224,0.0019494040170684457,0.030208684504032135,0.021939096972346306,0.06832537055015564,-0.0031544009689241648,0.0,0.0,0.0,0.0,0.00016075880557764322,0.0
adam,826,0.507051408290863,0.002719220006838441,0.0019487733952701092,0.030175531283020973,0.02195778116583824,0.06829136610031128,-0.0031531350687146187,0.0,0.0,0.0,0.0,0.00016048991528805345,0.0
adam,827,0.5068061947822571,0.0027105999179184437,0.0019482114585116506,0.03012941963970661,0.021972164511680603,0.06826189905405045,-0.0031518694013357162,0.0,0.0,0.0,0.0,0.00016109830175992101,0.0
adam,828,0.5068169236183167,0.0027144597843289375,0.001947529031895101,0.030118606984615326,0.021970584988594055,0.06822454184293747,-0.003150408621877432,0.0,0.0,0.0,0.0,0.00016139817307703197,0.0
adam,829,0.5055347681045532,0.002683725208044052,0.0019466603407636285,0.030156657099723816,0.02196250669658184,0.06817664206027985,-0.0031487334053963423,0.0,0.0,0.0,0.0,0.00016092472651507705,0.0
adam,830,0.5056105852127075,0.0026963541749864817,0.0019457106245681643,0.030211204662919044,0.021963587030768394,0.0681268721818924,-0.003146981354802847,0.0,0.0,0.0,0.0,0.0001606129080755636,0.0
adam,831,0.5049073100090027,0.0026763975620269775,0.0019448117818683386,0.030246706679463387,0.02198353037238121,0.06808272749185562,-0.0031453068368136883,0.0,0.0,0.0,0.0,0.00016086922551039606,0.0
adam,832,0.5045285224914551,0.0026651397347450256,0.0019439727766439319,0.03026336058974266,0.022023236379027367,0.06804066896438599,-0.0031436076387763023,0.0,0.0,0.0,0.0,0.0001613001513760537,0.0
adam,833,0.5042785406112671,0.00267014279961586,0.0019430373795330524,0.030283823609352112,0.022058939561247826,0.0679936632514,-0.003141887253150344,0.0,0.0,0.0,0.0,0.00016061743372119963,0.0
adam,834,0.5031935572624207,0.002660599537193775,0.0019419847521930933,0.030294684693217278,0.022068597376346588,0.06794648617506027,-0.003140147775411606,0.0,0.0,0.0,0.0,0.00015869253547862172,0.0
adam,835,0.503368079662323,0.0026878416538238525,0.0019409589003771544,0.030262984335422516,0.02205517329275608,0.06790997087955475,-0.003138436935842037,0.0,0.0,0.0,0.0,0.000157262766151689,0.0
adam,836,0.5025268793106079,0.002666199579834938,0.0019400669261813164,0.030205560848116875,0.0220513716340065,0.06788011640310287,-0.003136740531772375,0.0,0.0,0.0,0.0,0.00015726173296570778,0.0
adam,837,0.502166748046875,0.002651430666446686,0.001939204172231257,0.030198343098163605,0.022088078781962395,0.06783302873373032,-0.0031348802149295807,0.0,0.0,0.0,0.0,0.00015825239825062454,0.0
adam,838,0.5018686652183533,0.0026464073453098536,0.0019382460741326213,0.030284374952316284,0.022154174745082855,0.06775612384080887,-0.003132803598418832,0.0,0.0,0.0,0.0,0.00015868563787080348,0.0
adam,839,0.5010778903961182,0.002637950237840414,0.0019372946117073298,0.03040207363665104,0.02219989523291588,0.06767256557941437,-0.003130759811028838,0.0,0.0,0.0,0.0,0.00015790489851497114,0.0
adam,840,0.5009125471115112,0.0026495615020394325,0.0019365394255146384,0.03044447861611843,0.022190043702721596,0.06761571019887924,-0.003128985408693552,0.0,0.0,0.0,0.0,0.0001570621388964355,0.0
adam,841,0.500038743019104,0.002627512440085411,0.001935906708240509,0.030396871268749237,0.022154465317726135,0.06758906692266464,-0.0031273644417524338,0.0,0.0,0.0,0.0,0.00015699064533691853,0.0
adam,842,0.49995940923690796,0.002626321278512478,0.0019350760849192739,0.030358118936419487,0.022158600389957428,0.06756085157394409,-0.003125566989183426,0.0,0.0,0.0,0.0,0.0001573945628479123,0.0
adam,843,0.499288409948349,0.0026146667078137398,0.0019338950514793396,0.03038835898041725,0.02221725881099701,0.06751034408807755,-0.0031234242487698793,0.0,0.0,0.0,0.0,0.00015695592446718365,0.0
adam,844,0.49883386492729187,0.002617090940475464,0.0019326324108988047,0.030443135648965836,0.022290388122200966,0.06745026260614395,-0.0031212514732033014,0.0,0.0,0.0,0.0,0.000155899761011824,0.0
adam,845,0.49825286865234375,0.0026107889134436846,0.0019315589452162385,0.030454015359282494,0.022324973717331886,0.06740149110555649,-0.0031192945316433907,0.0,0.0,0.0,0.0,0.00015529840311501175,0.0
adam,846,0.4978897273540497,0.002606300637125969,0.0019305830355733633,0.03043561801314354,0.022317511960864067,0.06736043095588684,-0.003117410698905587,0.0,0.0,0.0,0.0,0.00015527974755968899,0.0
adam,847,0.497327983379364,0.0025983606465160847,0.0019295010715723038,0.030441544950008392,0.022301333025097847,0.06731175631284714,-0.0031154470052570105,0.0,0.0,0.0,0.0,0.00015503473696298897,0.0
adam,848,0.49687427282333374,0.0025992761366069317,0.0019284269073978066,0.030467025935649872,0.02228863723576069,0.06725723296403885,-0.003113590180873871,0.0,0.0,0.0,0.0,0.00015430843632202595,0.0
adam,849,0.49642032384872437,0.002598207676783204,0.0019276004750281572,0.030475875362753868,0.022278249263763428,0.06720761209726334,-0.0031119794584810734,0.0,0.0,0.0,0.0,0.00015373130736406893,0.0
adam,850,0.495848685503006,0.0025875079445540905,0.0019268895266577601,0.03049027919769287,0.022294482216238976,0.06715554744005203,-0.003110274439677596,0.0,0.0,0.0,0.0,0.0001536900526843965,0.0
adam,851,0.49538135528564453,0.002579726278781891,0.0019259691471233964,0.030547795817255974,0.022349676117300987,0.06709004938602448,-0.003108110511675477,0.0,0.0,0.0,0.0,0.00015373680798802525,0.0
adam,852,0.49482861161231995,0.002572638215497136,0.0019248503958806396,0.030597640201449394,0.02240055613219738,0.06702741980552673,-0.0031057370360940695,0.0,0.0,0.0,0.0,0.00015340940444730222,0.0
adam,853,0.49440115690231323,0.0025666523724794388,0.001923828269354999,0.0305791012942791,0.022434964776039124,0.0669851079583168,-0.003103595692664385,0.0,0.0,0.0,0.0,0.00015324931882787496,0.0
adam,854,0.4938198924064636,0.0025529894046485424,0.0019228864694014192,0.030551346018910408,0.02248052880167961,0.06694317609071732,-0.0031015342101454735,0.0,0.0,0.0,0.0,0.00015333318151533604,0.0
adam,855,0.49334776401519775,0.002550720702856779,0.0019217535154893994,0.030599065124988556,0.022547177970409393,0.06687603145837784,-0.0030991998501122,0.0,0.0,0.0,0.0,0.00015283636457752436,0.0
adam,856,0.4928688406944275,0.0025555258616805077,0.0019204613054171205,0.030674004927277565,0.022580474615097046,0.06680291146039963,-0.003096784930676222,0.0,0.0,0.0,0.0,0.0001517234486527741,0.0
adam,857,0.4923158586025238,0.002552429446950555,0.001919308677315712,0.030676838010549545,0.02253972925245762,0.06675586849451065,-0.003094673855230212,0.0,0.0,0.0,0.0,0.00015106052160263062,0.0
adam,858,0.49183905124664307,0.002544150687754154,0.0019182637333869934,0.030650105327367783,0.02248685620725155,0.06671919673681259,-0.003092688973993063,0.0,0.0,0.0,0.0,0.00015109412197489291,0.0
adam,859,0.491235613822937,0.002535366453230381,0.0019170891027897596,0.030694786459207535,0.02249910496175289,0.06665787845849991,-0.003090454265475273,0.0,0.0,0.0,0.0,0.0001508485001977533,0.0
adam,860,0.4908589720726013,0.002537829801440239,0.0019159248331561685,0.03076101653277874,0.022546658292412758,0.06658793240785599,-0.003088178811594844,0.0,0.0,0.0,0.0,0.00015024487220216542,0.0
adam,861,0.4901599586009979,0.00252344086766243,0.0019150233129039407,0.030748575925827026,0.022564640268683434,0.06654181331396103,-0.0030861482955515385,0.0,0.0,0.0,0.0,0.0001501071237726137,0.0
adam,862,0.4898359477519989,0.0025205258280038834,0.0019141336670145392,0.030736779794096947,0.02257467620074749,0.06649386137723923,-0.0030840078834444284,0.0,0.0,0.0,0.0,0.0001501195365563035,0.0
adam,863,0.48911166191101074,0.002511792816221714,0.0019129733555018902,0.030794817954301834,0.022640157490968704,0.06642201542854309,-0.003081384114921093,0.0,0.0,0.0,0.0,0.00014948498574085534,0.0
adam,864,0.4886992573738098,0.002511310623958707,0.0019117764895781875,0.030850259587168694,0.02273602783679962,0.06635086238384247,-0.0030787200666964054,0.0,0.0,0.0,0.0,0.00014898861991241574,0.0
adam,865,0.4881318211555481,0.0024989540688693523,0.0019107840489596128,0.03082672879099846,0.02278626523911953,0.06630610674619675,-0.00307644484564662,0.0,0.0,0.0,0.0,0.00014901395479682833,0.0
adam,866,0.48760125041007996,0.002493807580322027,0.0019097807817161083,0.030798127874732018,0.022795045748353004,0.06626385450363159,-0.003074201289564371,0.0,0.0,0.0,0.0,0.00014850805746391416,0.0
adam,867,0.48711371421813965,0.0024958818685263395,0.001908652251586318,0.030825519934296608,0.02279927022755146,0.06620258092880249,-0.003071683458983898,0.0,0.0,0.0,0.0,0.00014762025966774672,0.0
adam,868,0.48652106523513794,0.0024877656251192093,0.00190756656229496,0.030863281339406967,0.02280069887638092,0.0661376565694809,-0.0030691807623952627,0.0,0.0,0.0,0.0,0.00014744428335689008,0.0
adam,869,0.48602330684661865,0.002480702940374613,0.0019064563093706965,0.030905039981007576,0.022812092676758766,0.06607288122177124,-0.003066788660362363,0.0,0.0,0.0,0.0,0.0001474446034990251,0.0
adam,870,0.48545029759407043,0.002476804656907916,0.001905153738334775,0.030978016555309296,0.022849204018712044,0.06599850952625275,-0.003064180724322796,0.0,0.0,0.0,0.0,0.0001469047274440527,0.0
adam,871,0.48493561148643494,0.002472422318533063,0.0019039346370846033,0.031013309955596924,0.022877667099237442,0.06593385338783264,-0.0030614961870014668,0.0,0.0,0.0,0.0,0.0001465533277951181,0.0
adam,872,0.4843662977218628,0.002466583624482155,0.0019029235700145364,0.03098253533244133,0.022874437272548676,0.06588911265134811,-0.003059154376387596,0.0,0.0,0.0,0.0,0.00014606186596211046,0.0
adam,873,0.4838619828224182,0.0024689468555152416,0.0019017909653484821,0.030992276966571808,0.022900018841028214,0.06582970172166824,-0.0030566719360649586,0.0,0.0,0.0,0.0,0.0001450497074984014,0.0
adam,874,0.4832719564437866,0.0024594098795205355,0.001900564064271748,0.03107118420302868,0.022995464503765106,0.0657469779253006,-0.0030538556165993214,0.0,0.0,0.0,0.0,0.00014500552788376808,0.0
adam,875,0.48273223638534546,0.0024487439077347517,0.0018994391430169344,0.031081251800060272,0.023011373355984688,0.06568823009729385,-0.003051330568268895,0.0,0.0,0.0,0.0,0.0001451889838790521,0.0
adam,876,0.48227277398109436,0.0024476884864270687,0.0018983480986207724,0.03109760954976082,0.02305661328136921,0.06562723964452744,-0.003048802725970745,0.0,0.0,0.0,0.0,0.0001446328969905153,0.0
adam,877,0.48161086440086365,0.0024395640939474106,0.001897075679153204,0.03115188144147396,0.023082328960299492,0.06555228680372238,-0.0030458762776106596,0.0,0.0,0.0,0.0,0.0001442983775632456,0.0
adam,878,0.48113685846328735,0.0024369775783270597,0.00189589720685035,0.031214915215969086,0.023178182542324066,0.06547567993402481,-0.0030430140905082226,0.0,0.0,0.0,0.0,0.00014387980627361685,0.0
adam,879,0.48066946864128113,0.0024381279945373535,0.0018947588978335261,0.031168581917881966,0.02312350459396839,0.06543745845556259,-0.0030406522564589977,0.0,0.0,0.0,0.0,0.0001430772099411115,0.0
adam,880,0.48008349537849426,0.0024239146150648594,0.0018935813568532467,0.03121992200613022,0.023234207183122635,0.06536471098661423,-0.003037818009033799,0.0,0.0,0.0,0.0,0.0001433763827662915,0.0
adam,881,0.4796164333820343,0.00242657121270895,0.0018921504961326718,0.03126194328069687,0.02320753037929535,0.06529434770345688,-0.0030349341686815023,0.0,0.0,0.0,0.0,0.00014268796076066792,0.0
adam,882,0.47891780734062195,0.002414933405816555,0.0018911819206550717,0.031316936016082764,0.023279687389731407,0.06522227078676224,-0.0030324149411171675,0.0,0.0,0.0,0.0,0.00014242474571801722,0.0
adam,883,0.4783470034599304,0.002410563174635172,0.0018900127615779638,0.031350988894701004,0.023253316059708595,0.06515772640705109,-0.0030297820921987295,0.0,0.0,0.0,0.0,0.00014201417798176408,0.0
adam,884,0.47796326875686646,0.0024133457336574793,0.0018885736353695393,0.03140256553888321,0.023232461884617805,0.06508629024028778,-0.003026823280379176,0.0,0.0,0.0,0.0,0.00014157274563331157,0.0
adam,885,0.4773614704608917,0.002399229444563389,0.0018874516244977713,0.03145160153508186,0.023342281579971313,0.06501531600952148,-0.003024083562195301,0.0,0.0,0.0,0.0,0.00014178748824633658,0.0
adam,886,0.4768059551715851,0.002398397773504257,0.0018861402058973908,0.031455252319574356,0.02336079441010952,0.0649600699543953,-0.003021413926035166,0.0,0.0,0.0,0.0,0.00014088548778090626,0.0
adam,887,0.47628533840179443,0.002388694556429982,0.0018848985200747848,0.03144048899412155,0.02336653135716915,0.06491135060787201,-0.003018667921423912,0.0,0.0,0.0,0.0,0.0001409505057381466,0.0
adam,888,0.47563233971595764,0.002379203215241432,0.0018837760435417295,0.03147503733634949,0.023459920659661293,0.06484436988830566,-0.003015997353941202,0.0,0.0,0.0,0.0,0.00014053784252610058,0.0
adam,889,0.4751443564891815,0.002377376426011324,0.0018825511215254664,0.031494297087192535,0.023489920422434807,0.06478127092123032,-0.003013273933902383,0.0,0.0,0.0,0.0,0.00014002766693010926,0.0
adam,890,0.47465112805366516,0.0023736031726002693,0.0018811813788488507,0.03152396157383919,0.023483047261834145,0.06471538543701172,-0.0030103318858891726,0.0,0.0,0.0,0.0,0.00013980291259940714,0.0
adam,891,0.4741276800632477,0.002373076044023037,0.0018798339879140258,0.03158628195524216,0.02354261837899685,0.06463918834924698,-0.003007518593221903,0.0,0.0,0.0,0.0,0.00013909365225117654,0.0
adam,892,0.4737550914287567,0.002365048974752426,0.0018787285080179572,0.03159073367714882,0.023540358990430832,0.06458280980587006,-0.0030049611814320087,0.0,0.0,0.0,0.0,0.00013958607451058924,0.0
adam,893,0.4733765125274658,0.0023757750168442726,0.0018772867042571306,0.03165867179632187,0.023521799594163895,0.06450492143630981,-0.003002005163580179,0.0,0.0,0.0,0.0,0.00013843164197169244,0.0
adam,894,0.4728206992149353,0.0023583066649734974,0.001876315101981163,0.03166232258081436,0.023526057600975037,0.06444913893938065,-0.0029995860531926155,0.0,0.0,0.0,0.0,0.00013923426740802824,0.0
adam,895,0.472017765045166,0.002354467287659645,0.001874986570328474,0.031754497438669205,0.023568198084831238,0.06436319649219513,-0.002996829804033041,0.0,0.0,0.0,0.0,0.00013805797789245844,0.0
adam,896,0.4713575839996338,0.002342060673981905,0.0018736938945949078,0.03181252256035805,0.023619193583726883,0.06428921222686768,-0.002993944799527526,0.0,0.0,0.0,0.0,0.00013807366485707462,0.0
adam,897,0.47108784317970276,0.0023393600713461637,0.0018725510453805327,0.03176683560013771,0.023609155789017677,0.06425070017576218,-0.0029913766775280237,0.0,0.0,0.0,0.0,0.0001382137998007238,0.0
adam,898,0.4707193970680237,0.002350341761484742,0.001871224376372993,0.03178335353732109,0.023642318323254585,0.06419114768505096,-0.002988627413287759,0.0,0.0,0.0,0.0,0.00013676124217454344,0.0
adam,899,0.46990489959716797,0.002326385583728552,0.0018700327491387725,0.031809598207473755,0.023727405816316605,0.06412810832262039,-0.0029859005007892847,0.0,0.0,0.0,0.0,0.00013722995936404914,0.0
adam,900,0.46928295493125916,0.0023191801737993956,0.0018686457769945264,0.031843096017837524,0.023761585354804993,0.0640636682510376,-0.002983156591653824,0.0,0.0,0.0,0.0,0.00013679088442586362,0.0
adam,901,0.46904417872428894,0.0023282282054424286,0.001867334358394146,0.03187667205929756,0.023800082504749298,0.06399938464164734,-0.0029805318918079138,0.0,0.0,0.0,0.0,0.0001359908637823537,0.0
adam,902,0.46850302815437317,0.0023140728008002043,0.001866198144853115,0.03190162405371666,0.023847099393606186,0.0639389380812645,-0.0029778333846479654,0.0,0.0,0.0,0.0,0.00013643910642713308,0.0
adam,903,0.46779489517211914,0.002311964053660631,0.0018646761309355497,0.031951166689395905,0.023814640939235687,0.0638698935508728,-0.002974789123982191,0.0,0.0,0.0,0.0,0.00013539766950998455,0.0
adam,904,0.4673173427581787,0.0023091898765414953,0.0018635393353179097,0.03200028836727142,0.023832138627767563,0.06379999220371246,-0.0029720026068389416,0.0,0.0,0.0,0.0,0.0001350896491203457,0.0
adam,905,0.4669831693172455,0.0022997099440544844,0.0018623872892931104,0.032017845660448074,0.023848826065659523,0.0637403130531311,-0.0029694063123315573,0.0,0.0,0.0,0.0,0.0001358355802949518,0.0
adam,906,0.46635913848876953,0.0023010428994894028,0.0018608366372063756,0.032125864177942276,0.023901335895061493,0.06364919990301132,-0.0029662547167390585,0.0,0.0,0.0,0.0,0.00013476324966177344,0.0
adam,907,0.46567684412002563,0.00229289336130023,0.0018597892485558987,0.0321364589035511,0.023937057703733444,0.0635920986533165,-0.002963629085570574,0.0,0.0,0.0,0.0,0.00013414440036285669,0.0
adam,908,0.46538302302360535,0.002288280753418803,0.0018586417427286506,0.03211972117424011,0.023971330374479294,0.06354550272226334,-0.0029608714394271374,0.0,0.0,0.0,0.0,0.00013435898290481418,0.0
adam,909,0.4648926854133606,0.002289228141307831,0.0018569931853562593,0.03216656297445297,0.024010879918932915,0.06347651034593582,-0.002957581076771021,0.0,0.0,0.0,0.0,0.0001335748384008184,0.0
adam,910,0.4642428159713745,0.0022760082501918077,0.0018558044685050845,0.03218138962984085,0.02408704161643982,0.06341812759637833,-0.0029548315797001123,0.0,0.0,0.0,0.0,0.00013348831271287054,0.0
adam,911,0.4636991024017334,0.00226938771083951,0.00185451190918684,0.032201193273067474,0.024146340787410736,0.06336037814617157,-0.002952219918370247,0.0,0.0,0.0,0.0,0.00013311341172084212,0.0
adam,912,0.4633416533470154,0.002273967955261469,0.0018530826782807708,0.03223273530602455,0.024149972945451736,0.06330021470785141,-0.0029493640176951885,0.0,0.0,0.0,0.0,0.0001323818287346512,0.0
adam,913,0.4629128873348236,0.0022661914117634296,0.0018519036239013076,0.03228483349084854,0.02420792542397976,0.06323080509901047,-0.0029464152175933123,0.0,0.0,0.0,0.0,0.00013262701395433396,0.0
adam,914,0.46232494711875916,0.0022634752094745636,0.0018504341132938862,0.032319240272045135,0.024230005219578743,0.06316880881786346,-0.0029434398747980595,0.0,0.0,0.0,0.0,0.0001318372815148905,0.0
adam,915,0.46194058656692505,0.0022579331416636705,0.0018491570372134447,0.032347213476896286,0.02424996718764305,0.06310778856277466,-0.002940279897302389,0.0,0.0,0.0,0.0,0.00013201181718613952,0.0
adam,916,0.46151459217071533,0.0022558653727173805,0.001847811508923769,0.03231170028448105,0.024170182645320892,0.0630699023604393,-0.0029376500751823187,0.0,0.0,0.0,0.0,0.00013169684098102152,0.0
adam,917,0.4607974588871002,0.002247476950287819,0.001846441300585866,0.03249792009592056,0.02435406483709812,0.06295257061719894,-0.002934408141300082,0.0,0.0,0.0,0.0,0.00013123353710398078,0.0
adam,918,0.4603816866874695,0.0022439383901655674,0.001845190767198801,0.032526202499866486,0.02439793571829796,0.06289039552211761,-0.0029315126594156027,0.0,0.0,0.0,0.0,0.00013106623373460025,0.0
adam,919,0.4600372910499573,0.002246449002996087,0.001843852805905044,0.032428283244371414,0.024300571531057358,0.0628729909658432,-0.002928944304585457,0.0,0.0,0.0,0.0,0.000130410713609308,0.0
adam,920,0.45926493406295776,0.0022275156807154417,0.0018425026210024953,0.03250895068049431,0.024416787549853325,0.06279360502958298,-0.002925834385678172,0.0,0.0,0.0,0.0,0.0001305897894781083,0.0
adam,921,0.4590452313423157,0.0022295196540653706,0.0018411767669022083,0.03261096775531769,0.02456003613770008,0.06270784884691238,-0.002922800136730075,0.0,0.0,0.0,0.0,0.00013051075802650303,0.0
adam,922,0.45838406682014465,0.002222767099738121,0.0018399287946522236,0.03257336840033531,0.024520576000213623,0.0626736432313919,-0.002920262049883604,0.0,0.0,0.0,0.0,0.00012972964032087475,0.0
adam,923,0.45799994468688965,0.0022217619698494673,0.0018385931616649032,0.032535746693611145,0.024477647617459297,0.06263977289199829,-0.0029174943920224905,0.0,0.0,0.0,0.0,0.00012929954391438514,0.0
adam,924,0.4575241506099701,0.0022164904512465,0.001837280229665339,0.03260033577680588,0.024560801684856415,0.06256821751594543,-0.0029144720174372196,0.0,0.0,0.0,0.0,0.00012908522330690175,0.0
adam,925,0.45703303813934326,0.0022048489190638065,0.0018361463444307446,0.03270462900400162,0.024676106870174408,0.062482766807079315,-0.0029116368386894464,0.0,0.0,0.0,0.0,0.00012952080578543246,0.0
adam,926,0.45666348934173584,0.0022093504667282104,0.0018346909200772643,0.032774657011032104,0.024662790820002556,0.06240782514214516,-0.0029086503200232983,0.0,0.0,0.0,0.0,0.00012895256804767996,0.0
adam,927,0.4562567472457886,0.0022031008265912533,0.001833357848227024,0.032748449593782425,0.024600800126791,0.06236659735441208,-0.002905619330704212,0.0,0.0,0.0,0.0,0.00012911150406580418,0.0
adam,928,0.45599260926246643,0.0022169621661305428,0.0018320477101951838,0.03273504972457886,0.024605300277471542,0.06232154741883278,-0.002902881009504199,0.0,0.0,0.0,0.0,0.0001276138355024159,0.0
adam,929,0.4556794762611389,0.0022026479709893465,0.001830947119742632,0.032763320952653885,0.02471226640045643,0.06226437911391258,-0.0029003405943512917,0.0,0.0,0.0,0.0,0.00012863603478763252,0.0
adam,930,0.4550088942050934,0.002201083581894636,0.001829288899898529,0.032875943928956985,0.024789458140730858,0.06217566132545471,-0.002897395519539714,0.0,0.0,0.0,0.0,0.0001275904942303896,0.0
adam,931,0.4542953372001648,0.0021835186053067446,0.0018280482618138194,0.03290921449661255,0.024827469140291214,0.062116578221321106,-0.0028946558013558388,0.0,0.0,0.0,0.0,0.00012778406380675733,0.0
adam,932,0.453936904668808,0.00218060240149498,0.001826939987950027,0.032884567975997925,0.02483719401061535,0.0620814748108387,-0.0028921598568558693,0.0,0.0,0.0,0.0,0.00012749807501677424,0.0
adam,933,0.4537074863910675,0.0021925042383372784,0.0018254645401611924,0.03286437317728996,0.024808932095766068,0.06204427033662796,-0.0028893640264868736,0.0,0.0,0.0,0.0,0.0001262738514924422,0.0
adam,934,0.4531918466091156,0.002175364177674055,0.0018242406658828259,0.03283507004380226,0.024802468717098236,0.06201300770044327,-0.002886685077100992,0.0,0.0,0.0,0.0,0.00012687078560702503,0.0
adam,935,0.4524823725223541,0.002164381556212902,0.0018231789581477642,0.03290815278887749,0.02487805113196373,0.06194387003779411,-0.0028842308092862368,0.0,0.0,0.0,0.0,0.00012640694330912083,0.0
adam,936,0.4522191286087036,0.002166210673749447,0.0018220830243080854,0.03301163762807846,0.024952096864581108,0.06186223030090332,-0.0028816615231335163,0.0,0.0,0.0,0.0,0.0001262901641894132,0.0
adam,937,0.45192965865135193,0.0021576706785708666,0.0018209024565294385,0.03303726017475128,0.024954168125987053,0.06180704012513161,-0.002879090141505003,0.0,0.0,0.0,0.0,0.00012703165702987462,0.0
adam,938,0.45136475563049316,0.0021614753641188145,0.0018195322481915355,0.03303930535912514,0.024924682453274727,0.061759840697050095,-0.002876543439924717,0.0,0.0,0.0,0.0,0.00012561678886413574,0.0
adam,939,0.45073413848876953,0.002152141649276018,0.0018183847423642874,0.03302637115120888,0.024930177256464958,0.061720240861177444,-0.002873884979635477,0.0,0.0,0.0,0.0,0.00012512256216723472,0.0
adam,940,0.4505813717842102,0.0021497467532753944,0.001817209180444479,0.0330476313829422,0.0249987430870533,0.06166874244809151,-0.0028709995094686747,0.0,0.0,0.0,0.0,0.00012549833627417684,0.0
adam,941,0.4501783549785614,0.0021514142863452435,0.0018158664461225271,0.033096786588430405,0.025059809908270836,0.061604954302310944,-0.0028683608397841454,0.0,0.0,0.0,0.0,0.00012479169527068734,0.0
adam,942,0.44951996207237244,0.0021322458051145077,0.0018147369846701622,0.03310483321547508,0.02508602850139141,0.06155658885836601,-0.0028660318348556757,0.0,0.0,0.0,0.0,0.00012523772602435201,0.0
adam,943,0.44914737343788147,0.00213292776606977,0.0018133713165298104,0.03318537771701813,0.025150984525680542,0.06148112192749977,-0.0028631952591240406,0.0,0.0,0.0,0.0,0.00012484296166803688,0.0
adam,944,0.4487400949001312,0.0021388407330960035,0.0018121048342436552,0.03321235254406929,0.025171929970383644,0.061427030712366104,-0.002860377077013254,0.0,0.0,0.0,0.0,0.00012368086026981473,0.0
adam,945,0.44829344749450684,0.002126809675246477,0.0018109892262145877,0.03316400200128555,0.025144293904304504,0.06140265613794327,-0.0028577730990946293,0.0,0.0,0.0,0.0,0.00012397595855873078,0.0
adam,946,0.4479323923587799,0.0021230075508356094,0.0018096326384693384,0.033191852271556854,0.025162236765027046,0.06134931743144989,-0.0028547830879688263,0.0,0.0,0.0,0.0,0.0001239315897691995,0.0
adam,947,0.44734489917755127,0.0021151257678866386,0.0018085985211655498,0.03323366865515709,0.025239013135433197,0.0612897127866745,-0.0028521125204861164,0.0,0.0,0.0,0.0,0.00012347499432507902,0.0
adam,948,0.44697287678718567,0.0021151213441044092,0.0018074172548949718,0.03326993063092232,0.02528509683907032,0.0612291544675827,-0.0028493953868746758,0.0,0.0,0.0,0.0,0.00012304948177188635,0.0
adam,949,0.44661444425582886,0.0021153201814740896,0.0018060225993394852,0.033311598002910614,0.02527821809053421,0.06116582080721855,-0.0028464109636843204,0.0,0.0,0.0,0.0,0.00012280631926842034,0.0
adam,950,0.44616928696632385,0.0021058523561805487,0.001804932369850576,0.03334585577249527,0.025316519662737846,0.061108142137527466,-0.002843735972419381,0.0,0.0,0.0,0.0,0.00012305815471336246,0.0
adam,951,0.4458349943161011,0.0021088742651045322,0.0018036806723102927,0.03340807557106018,0.025395268574357033,0.06104082614183426,-0.002841088455170393,0.0,0.0,0.0,0.0,0.00012243214587215334,0.0
adam,952,0.44523125886917114,0.0020953905768692493,0.0018024083692580462,0.03341205418109894,0.025440722703933716,0.06099383533000946,-0.002838404383510351,0.0,0.0,0.0,0.0,0.00012243300443515182,0.0
adam,953,0.4448603391647339,0.0020993847865611315,0.0018009352497756481,0.03339701145887375,0.02543005347251892,0.06095224991440773,-0.0028354341629892588,0.0,0.0,0.0,0.0,0.00012154752039350569,0.0
adam,954,0.4443500339984894,0.002089232672005892,0.0017996819224208593,0.033398568630218506,0.025490649044513702,0.06090473011136055,-0.0028326408937573433,0.0,0.0,0.0,0.0,0.00012150583643233404,0.0
adam,955,0.4439711570739746,0.002084651030600071,0.0017984778387472034,0.033423978835344315,0.02554227225482464,0.06084790080785751,-0.0028299358673393726,0.0,0.0,0.0,0.0,0.00012146550579927862,0.0
adam,956,0.4435865581035614,0.002088483888655901,0.0017969826003536582,0.033485978841781616,0.025531316176056862,0.060777485370635986,-0.0028270729817450047,0.0,0.0,0.0,0.0,0.00012085222988389432,0.0
adam,957,0.44324344396591187,0.002079109428450465,0.0017957871314138174,0.033519916236400604,0.025549903512001038,0.06071953848004341,-0.002824627561494708,0.0,0.0,0.0,0.0,0.00012148690439062193,0.0
adam,958,0.4429444670677185,0.002088163048028946,0.0017945413710549474,0.0335659384727478,0.025565994903445244,0.06065622344613075,-0.0028218275401741266,0.0,0.0,0.0,0.0,0.0001204922009492293,0.0
adam,959,0.442550927400589,0.0020772828720510006,0.0017933851340785623,0.03358013927936554,0.0256077591329813,0.0606047622859478,-0.0028188731521368027,0.0,0.0,0.0,0.0,0.00012099204468540847,0.0
adam,960,0.4420481324195862,0.0020832838490605354,0.0017918443772941828,0.03358379006385803,0.02560650371015072,0.060555435717105865,-0.002815886400640011,0.0,0.0,0.0,0.0,0.0001195299337268807,0.0
adam,961,0.44146376848220825,0.002066606655716896,0.0017907506553456187,0.03356295824050903,0.025688324123620987,0.06051824986934662,-0.0028134863823652267,0.0,0.0,0.0,0.0,0.00011972460924880579,0.0
adam,962,0.441003680229187,0.0020621740259230137,0.0017893988406285644,0.03364317864179611,0.02577938325703144,0.060442566871643066,-0.0028103794902563095,0.0,0.0,0.0,0.0,0.0001194925862364471,0.0
adam,963,0.4406753182411194,0.0020645991899073124,0.0017878416692838073,0.03366435319185257,0.025749048218131065,0.06038925051689148,-0.0028072663117200136,0.0,0.0,0.0,0.0,0.0001190627008327283,0.0
adam,964,0.44037100672721863,0.0020581611897796392,0.001786550390534103,0.033623240888118744,0.025736810639500618,0.060358982533216476,-0.002804677002131939,0.0,0.0,0.0,0.0,0.00011931861081393436,0.0
adam,965,0.439958393573761,0.002064403612166643,0.0017850290751084685,0.03370877355337143,0.02583887241780758,0.060280680656433105,-0.0028014867566525936,0.0,0.0,0.0,0.0,0.00011818310304079205,0.0
adam,966,0.4394732713699341,0.002050265669822693,0.0017838169587776065,0.03367771953344345,0.025846755132079124,0.060248345136642456,-0.002798763569444418,0.0,0.0,0.0,0.0,0.00011856996570713818,0.0
adam,967,0.43891704082489014,0.002041320316493511,0.0017822578083723783,0.03370422497391701,0.025879546999931335,0.06019444391131401,-0.002795423148199916,0.0,0.0,0.0,0.0,0.00011836700286949053,0.0
adam,968,0.4385553300380707,0.0020417594350874424,0.0017808423144742846,0.033710844814777374,0.02591262012720108,0.060147225856781006,-0.0027923837769776583,0.0,0.0,0.0,0.0,0.00011780874046962708,0.0
adam,969,0.4382705092430115,0.002038778504356742,0.0017795953899621964,0.03373922035098076,0.025968316942453384,0.060091905295848846,-0.0027894943486899137,0.0,0.0,0.0,0.0,0.00011788004485424608,0.0
adam,970,0.4379660189151764,0.0020464123226702213,0.0017779826885089278,0.03382599726319313,0.02603602595627308,0.06001272425055504,-0.0027860933914780617,0.0,0.0,0.0,0.0,0.00011705749784596264,0.0
adam,971,0.437529981136322,0.002035076729953289,0.0017767958343029022,0.033747121691703796,0.026012791320681572,0.05999385565519333,-0.0027835960499942303,0.0,0.0,0.0,0.0,0.00011728783283615485,0.0
adam,972,0.4369654059410095,0.002033712575212121,0.001775369280949235,0.033821187913417816,0.026107754558324814,0.05991703271865845,-0.0027805983554571867,0.0,0.0,0.0,0.0,0.00011642546451184899,0.0
adam,973,0.43663719296455383,0.0020267111249268055,0.0017741092015057802,0.033904001116752625,0.026219109073281288,0.05984075367450714,-0.0027777040377259254,0.0,0.0,0.0,0.0,0.00011684669152600691,0.0
adam,974,0.43620988726615906,0.002023895038291812,0.0017728045349940658,0.03387289494276047,0.026155028492212296,0.05980902910232544,-0.0027751768939197063,0.0,0.0,0.0,0.0,0.00011645244376268238,0.0
adam,975,0.435677707195282,0.0020167736802250147,0.001771300914697349,0.03391512110829353,0.026213089004158974,0.059748467057943344,-0.002771879080682993,0.0,0.0,0.0,0.0,0.00011616270785452798,0.0
adam,976,0.4353901147842407,0.0020207094494253397,0.001769817783497274,0.033947017043828964,0.02628627046942711,0.05969085171818733,-0.0027685773093253374,0.0,0.0,0.0,0.0,0.00011552206706255674,0.0
adam,977,0.43493905663490295,0.002010456519201398,0.0017686309292912483,0.033885128796100616,0.026256058365106583,0.059670303016901016,-0.0027661030180752277,0.0,0.0,0.0,0.0,0.00011559867562027648,0.0
adam,978,0.4344906806945801,0.002002939349040389,0.0017672573449090123,0.033933017402887344,0.026288680732250214,0.05960671231150627,-0.0027633407153189182,0.0,0.0,0.0,0.0,0.00011572527728276327,0.0
adam,979,0.4341915249824524,0.0020098562818020582,0.001765718450769782,0.03406655043363571,0.026373812928795815,0.05951038375496864,-0.0027601635083556175,0.0,0.0,0.0,0.0,0.00011512849596329033,0.0
adam,980,0.4337456226348877,0.0020048983860760927,0.0017644576728343964,0.03406966105103493,0.02636810764670372,0.05946487933397293,-0.002757450332865119,0.0,0.0,0.0,0.0,0.00011489973257994279,0.0
adam,981,0.43338996171951294,0.002001485787332058,0.0017631333321332932,0.03404514864087105,0.026377277448773384,0.0594298429787159,-0.002754596760496497,0.0,0.0,0.0,0.0,0.00011467229342088103,0.0
adam,982,0.4332011342048645,0.001995557453483343,0.0017617568373680115,0.03406362608075142,0.026463571935892105,0.05937701463699341,-0.0027514330577105284,0.0,0.0,0.0,0.0,0.00011526818707352504,0.0
adam,983,0.4333713948726654,0.002025557914748788,0.0017602730076760054,0.03408720716834068,0.026470722630620003,0.0593225434422493,-0.0027486649341881275,0.0,0.0,0.0,0.0,0.00011366956459823996,0.0
adam,984,0.43369147181510925,0.002029480878263712,0.001759289880283177,0.034076135605573654,0.026500528678297997,0.05928565934300423,-0.002746235579252243,0.0,0.0,0.0,0.0,0.00011491232726257294,0.0
adam,985,0.4322298765182495,0.002007860690355301,0.001757821417413652,0.034140925854444504,0.02650243602693081,0.059220973402261734,-0.0027434085495769978,0.0,0.0,0.0,0.0,0.00011312225979054347,0.0
adam,986,0.4317324757575989,0.0019945576786994934,0.0017565557500347495,0.03419913351535797,0.026597728952765465,0.05915974825620651,-0.0027405149303376675,0.0,0.0,0.0,0.0,0.00011345384700689465,0.0
adam,987,0.43212056159973145,0.0020009127911180258,0.0017555913655087352,0.03416189178824425,0.026628991588950157,0.059135280549526215,-0.0027381996624171734,0.0,0.0,0.0,0.0,0.00011453101615188643,0.0
adam,988,0.4310474693775177,0.001988245639950037,0.00175433827098459,0.03414393588900566,0.026564855128526688,0.0591038353741169,-0.0027359742671251297,0.0,0.0,0.0,0.0,0.00011293478746665642,0.0
adam,989,0.4308012127876282,0.001989704556763172,0.0017530260374769568,0.03422585874795914,0.02662951685488224,0.0590335838496685,-0.002733140718191862,0.0,0.0,0.0,0.0,0.00011279391765128821,0.0
adam,990,0.4309111535549164,0.0019850782118737698,0.0017518644453957677,0.03428073972463608,0.02672107331454754,0.05897485464811325,-0.002730363979935646,0.0,0.0,0.0,0.0,0.00011425688717281446,0.0
adam,991,0.4297136664390564,0.0019608670845627785,0.0017506812000647187,0.03424425050616264,0.02665080688893795,0.05895136296749115,-0.0027283085510134697,0.0,0.0,0.0,0.0,0.00011332552821841091,0.0
adam,992,0.4297913908958435,0.001982197631150484,0.0017495620995759964,0.034246016293764114,0.026638833805918694,0.05891186743974686,-0.0027260067872703075,0.0,0.0,0.0,0.0,0.00011213141260668635,0.0
adam,993,0.4291461408138275,0.0019647665321826935,0.001748471986502409,0.034297794103622437,0.026698241010308266,0.0588536262512207,-0.002723276847973466,0.0,0.0,0.0,0.0,0.00011243180051678792,0.0
adam,994,0.4289129972457886,0.001958996057510376,0.001747442176565528,0.03436978533864021,0.026791846379637718,0.05878719687461853,-0.0027205003425478935,0.0,0.0,0.0,0.0,0.00011294891010038555,0.0
adam,995,0.42854368686676025,0.0019567511044442654,0.0017462341347709298,0.03441771864891052,0.02685827575623989,0.058729708194732666,-0.002717619761824608,0.0,0.0,0.0,0.0,0.00011263047781540081,0.0
adam,996,0.42814821004867554,0.0019530325662344694,0.0017450208542868495,0.03438350185751915,0.026807337999343872,0.05870289355516434,-0.00271523161791265,0.0,0.0,0.0,0.0,0.00011232756514800712,0.0
adam,997,0.4278738498687744,0.0019527345430105925,0.0017440732335671782,0.034347113221883774,0.026758728548884392,0.058677613735198975,-0.0027133976109325886,0.0,0.0,0.0,0.0,0.00011206066847080365,0.0
adam,998,0.42743250727653503,0.001949561177752912,0.0017430356238037348,0.034434229135513306,0.026860879734158516,0.058606818318367004,-0.002710808767005801,0.0,0.0,0.0,0.0,0.00011164241732330993,0.0
adam,999,0.427154004573822,0.0019502766663208604,0.0017417788039892912,0.03452673554420471,0.026964619755744934,0.058534327894449234,-0.0027076362166553736,0.0,0.0,0.0,0.0,0.00011138895933981985,0.0
adam,1000,0.8762405514717102,0.015327228233218193,0.0029905540868639946,0.03937805816531181,0.03955434635281563,0.06320253014564514,-0.0025493146385997534,0.0,0.0,0.0,0.0,0.00014890360762365162,0.0
adam,1001,0.8435073494911194,0.014227176085114479,0.002990097040310502,0.03927493840456009,0.039598483592271805,0.06321031600236893,-0.0025498189497739077,0.0,0.0,0.0,0.0,0.000149808096466586,0.0
adam,1002,0.822040855884552,0.013510431163012981,0.0029905319679528475,0.03917181119322777,0.03957470878958702,0.06322040408849716,-0.0025502564385533333,0.0,0.0,0.0,0.0,0.0001500553626101464,0.0
adam,1003,0.7981112003326416,0.012717127799987793,0.0029903145041316748,0.039052821695804596,0.03949057310819626,0.06323922425508499,-0.0025502913631498814,0.0,0.0,0.0,0.0,0.00014978129183873534,0.0
adam,1004,0.7738177180290222,0.011903693899512291,0.002989573869854212,0.03891808167099953,0.039354924112558365,0.06326676160097122,-0.002550228964537382,0.0,0.0,0.0,0.0,0.00015031998918857425,0.0
adam,1005,0.7510194778442383,0.011134914122521877,0.002988736378028989,0.03880871459841728,0.03926694020628929,0.0632881298661232,-0.0025503099896013737,0.0,0.0,0.0,0.0,0.00015130999963730574,0.0
adam,1006,0.7299065589904785,0.010430547408759594,0.002988105406984687,0.03875784948468208,0.039320994168519974,0.06328928470611572,-0.0025505186058580875,0.0,0.0,0.0,0.0,0.00015134565182961524,0.0
adam,1007,0.7113685607910156,0.009816907346248627,0.0029878332279622555,0.0387345515191555,0.0395183339715004,0.06328056752681732,-0.002550858538597822,0.0,0.0,0.0,0.0,0.0001506568951299414,0.0
adam,1008,0.6954180002212524,0.009285036474466324,0.0029879470821470022,0.038683876395225525,0.03978137671947479,0.06328368932008743,-0.0025513118598610163,0.0,0.0,0.0,0.0,0.00015012850053608418,0.0
adam,1009,0.6813573241233826,0.008815830573439598,0.002988184569403529,0.03857988119125366,0.040002964437007904,0.06331130862236023,-0.0025516273453831673,0.0,0.0,0.0,0.0,0.00014944563736207783,0.0
adam,1010,0.6696186661720276,0.008427182212471962,0.0029882132075726986,0.038451213389635086,0.04014236479997635,0.06335537135601044,-0.0025515486486256123,0.0,0.0,0.0,0.0,0.0001484219537815079,0.0
adam,1011,0.660153865814209,0.008110497146844864,0.0029881270602345467,0.03834521770477295,0.040238283574581146,0.0633981004357338,-0.0025512026622891426,0.0,0.0,0.0,0.0,0.00014785192615818232,0.0
adam,1012,0.654761552810669,0.007920511066913605,0.0029880842193961143,0.038257259875535965,0.040250957012176514,0.06343577057123184,-0.002551059704273939,0.0,0.0,0.0,0.0,0.00014842399104963988,0.0
adam,1013,0.6506916284561157,0.007788894232362509,0.002987602259963751,0.03828718885779381,0.040332186967134476,0.06341574341058731,-0.002549987519159913,0.0,0.0,0.0,0.0,0.00014809226559009403,0.0
adam,1014,0.6462513208389282,0.0076505099423229694,0.002986961742863059,0.03841762617230415,0.04046779125928879,0.06334442645311356,-0.0025481339544057846,0.0,0.0,0.0,0.0,0.00014769518747925758,0.0
adam,1015,0.6413457989692688,0.007496648468077183,0.0029864388052374125,0.038600947707891464,0.04062102362513542,0.06325073540210724,-0.0025459476746618748,0.0,0.0,0.0,0.0,0.00014750253467354923,0.0
adam,1016,0.6360388398170471,0.007335558068007231,0.0029860232025384903,0.038806237280368805,0.040771570056676865,0.06315160542726517,-0.002543532522395253,0.0,0.0,0.0,0.0,0.00014673966506961733,0.0
adam,1017,0.6300399899482727,0.007145676761865616,0.0029859424103051424,0.03899649903178215,0.0409119687974453,0.0630660131573677,-0.002541328314691782,0.0,0.0,0.0,0.0,0.00014638192078564316,0.0
adam,1018,0.6239108443260193,0.0069372812286019325,0.0029862530063837767,0.03916789963841438,0.041057657450437546,0.06299425661563873,-0.0025394288823008537,0.0,0.0,0.0,0.0,0.00014724241918884218,0.0
adam,1019,0.6180416941642761,0.006731972564011812,0.002986531239002943,0.03935956954956055,0.04121993109583855,0.06291411817073822,-0.002537154359742999,0.0,0.0,0.0,0.0,0.00014871371968183666,0.0
adam,1020,0.6119280457496643,0.006516000255942345,0.0029865854885429144,0.039574943482875824,0.04135993868112564,0.06282506883144379,-0.0025343892630189657,0.0,0.0,0.0,0.0,0.0001505811233073473,0.0
adam,1021,0.6061173677444458,0.006305374205112457,0.0029865512624382973,0.03978151082992554,0.04141933098435402,0.06274425238370895,-0.002531582722440362,0.0,0.0,0.0,0.0,0.00015299524238798767,0.0
adam,1022,0.6029441952705383,0.006193972658365965,0.002986145205795765,0.03992808610200882,0.0413571260869503,0.06268849223852158,-0.0025292583741247654,0.0,0.0,0.0,0.0,0.00015428684127982706,0.0
adam,1023,0.5998757481575012,0.006092552095651627,0.0029856942128390074,0.04008263722062111,0.04125170782208443,0.06263058632612228,-0.002527091186493635,0.0,0.0,0.0,0.0,0.0001550474698888138,0.0
adam,1024,0.5963529944419861,0.005976510234177113,0.0029855191241949797,0.04025108739733696,0.04113500565290451,0.06256922334432602,-0.002525361953303218,0.0,0.0,0.0,0.0,0.0001558079238748178,0.0
adam,1025,0.5927640795707703,0.005864045117050409,0.0029853982850909233,0.04045097529888153,0.040994979441165924,0.062498338520526886,-0.002523693721741438,0.0,0.0,0.0,0.0,0.00015613021969329566,0.0
adam,1026,0.5892401933670044,0.005754565820097923,0.00298532797023654,0.04064597934484482,0.04078372195363045,0.06243366748094559,-0.0025222329422831535,0.0,0.0,0.0,0.0,0.0001564446574775502,0.0
adam,1027,0.5856950879096985,0.0056377979926764965,0.002985308412462473,0.040799081325531006,0.040477801114320755,0.06238764151930809,-0.0025211889296770096,0.0,0.0,0.0,0.0,0.00015742602408863604,0.0
adam,1028,0.5821981430053711,0.0055257100611925125,0.0029849738348275423,0.0409470796585083,0.04011055827140808,0.062346477061510086,-0.002520110923796892,0.0,0.0,0.0,0.0,0.00015817438543308526,0.0
adam,1029,0.5787228941917419,0.005409586243331432,0.0029845719691365957,0.04108685627579689,0.039727598428726196,0.06231195852160454,-0.002519265515729785,0.0,0.0,0.0,0.0,0.00015934441762510687,0.0
adam,1030,0.5756015777587891,0.005302515812218189,0.002984168939292431,0.04121023789048195,0.039357252418994904,0.06228606402873993,-0.0025186026468873024,0.0,0.0,0.0,0.0,0.00016065446834545583,0.0
adam,1031,0.5728583931922913,0.005215350538492203,0.0029836692847311497,0.04129070043563843,0.038991138339042664,0.06227415055036545,-0.0025179607328027487,0.0,0.0,0.0,0.0,0.0001610919862287119,0.0
adam,1032,0.5707311034202576,0.005133036524057388,0.002983618061989546,0.041269220411777496,0.038677964359521866,0.06228986382484436,-0.0025176196359097958,0.0,0.0,0.0,0.0,0.00016275061352644116,0.0
adam,1033,0.5687457323074341,0.005069836508482695,0.0029832872096449137,0.04123550280928612,0.03836140036582947,0.06230762600898743,-0.002517156070098281,0.0,0.0,0.0,0.0,0.00016297385445795953,0.0
adam,1034,0.5668510794639587,0.005005324259400368,0.0029829072300344706,0.041216593235731125,0.03807716816663742,0.062320273369550705,-0.0025170096196234226,0.0,0.0,0.0,0.0,0.0001636067172512412,0.0
adam,1035,0.5647896528244019,0.004947323352098465,0.002982225501909852,0.04127895459532738,0.037855666130781174,0.06231054663658142,-0.002516882959753275,0.0,0.0,0.0,0.0,0.00016307026089634746,0.0
adam,1036,0.5626429915428162,0.004895037971436977,0.0029812913853675127,0.0413893386721611,0.03766988217830658,0.062287990003824234,-0.0025168834254145622,0.0,0.0,0.0,0.0,0.00016169717127922922,0.0
adam,1037,0.5603640079498291,0.004832416772842407,0.00298027484677732,0.041463952511548996,0.03746547922492027,0.0622742660343647,-0.002517255023121834,0.0,0.0,0.0,0.0,0.0001608974562259391,0.0
adam,1038,0.5580967664718628,0.004781810566782951,0.0029788280371576548,0.04151051864027977,0.03724063187837601,0.0622677281498909,-0.0025174873881042004,0.0,0.0,0.0,0.0,0.00015892948431428522,0.0
adam,1039,0.5559725761413574,0.004716383758932352,0.002977486466988921,0.0414610281586647,0.03701130300760269,0.062284741550683975,-0.0025182021781802177,0.0,0.0,0.0,0.0,0.00015876333054620773,0.0
adam,1040,0.5538108348846436,0.004665534943342209,0.002975625917315483,0.04141248017549515,0.036835677921772,0.06230153515934944,-0.002518500667065382,0.0,0.0,0.0,0.0,0.00015689032443333417,0.0
adam,1041,0.5517297387123108,0.00460095563903451,0.0029738934244960546,0.04128793254494667,0.03668205440044403,0.062336765229701996,-0.0025191823951900005,0.0,0.0,0.0,0.0,0.00015647873806301504,0.0
adam,1042,0.5500476360321045,0.004558091051876545,0.002971901558339596,0.04117729514837265,0.03658922761678696,0.062370557337999344,-0.0025191304739564657,0.0,0.0,0.0,0.0,0.00015507427451666445,0.0
adam,1043,0.5482628345489502,0.004503942560404539,0.002969763008877635,0.041069529950618744,0.03650679811835289,0.062403105199337006,-0.002519013360142708,0.0,0.0,0.0,0.0,0.0001544456899864599,0.0
adam,1044,0.5467259287834167,0.004462722688913345,0.0029672952368855476,0.04101746529340744,0.03645841404795647,0.062420107424259186,-0.0025186531711369753,0.0,0.0,0.0,0.0,0.00015340089157689363,0.0
adam,1045,0.5452240705490112,0.004428882151842117,0.0029646370094269514,0.04102927818894386,0.03646109998226166,0.06241966411471367,-0.002518250374123454,0.0,0.0,0.0,0.0,0.0001517576165497303,0.0
adam,1046,0.5435703992843628,0.004382448270916939,0.00296214921399951,0.041054047644138336,0.036486394703388214,0.062418267130851746,-0.002518261084333062,0.0,0.0,0.0,0.0,0.00015080095909070224,0.0
adam,1047,0.5418979525566101,0.004342999309301376,0.002959219040349126,0.041109707206487656,0.03649457171559334,0.06241041421890259,-0.0025179972872138023,0.0,0.0,0.0,0.0,0.0001491593720857054,0.0
adam,1048,0.5401649475097656,0.004287182819098234,0.0029563214629888535,0.04110850393772125,0.03642363101243973,0.06242293864488602,-0.002518073422834277,0.0,0.0,0.0,0.0,0.00014893081970512867,0.0
adam,1049,0.5385470986366272,0.004241408780217171,0.0029528713785111904,0.04110591113567352,0.03630251809954643,0.06243773177266121,-0.0025178147479891777,0.0,0.0,0.0,0.0,0.00014816498151049018,0.0
adam,1050,0.5369789004325867,0.004194506444036961,0.0029492685571312904,0.041082803159952164,0.03617078438401222,0.06246044859290123,-0.0025176377967000008,0.0,0.0,0.0,0.0,0.00014761854254174978,0.0
adam,1051,0.535403847694397,0.004147780127823353,0.0029455269686877728,0.041042398661375046,0.036039844155311584,0.062489792704582214,-0.0025174461770802736,0.0,0.0,0.0,0.0,0.00014695989375468343,0.0
adam,1052,0.5340754985809326,0.004115959629416466,0.0029420459177345037,0.04097076505422592,0.03589446097612381,0.0625256597995758,-0.0025170319713652134,0.0,0.0,0.0,0.0,0.00014563013974111527,0.0
adam,1053,0.5326524376869202,0.004069717600941658,0.002938858699053526,0.04083283990621567,0.035696908831596375,0.0625845268368721,-0.0025169155560433865,0.0,0.0,0.0,0.0,0.00014531982014887035,0.0
adam,1054,0.5313393473625183,0.004038817249238491,0.002935346681624651,0.040721796452999115,0.03551224619150162,0.06263616681098938,-0.002516456414014101,0.0,0.0,0.0,0.0,0.00014386913971975446,0.0
adam,1055,0.5300445556640625,0.0039966413751244545,0.0029319862369447947,0.04062851518392563,0.03538880497217178,0.06268507242202759,-0.0025162408128380775,0.0,0.0,0.0,0.0,0.0001434689329471439,0.0
adam,1056,0.5286798477172852,0.003959388472139835,0.0029282341711223125,0.040584463626146317,0.03531098738312721,0.06271959096193314,-0.0025157767813652754,0.0,0.0,0.0,0.0,0.0001423620997229591,0.0
adam,1057,0.5273666381835938,0.003920051269233227,0.0029244094621390104,0.040523119270801544,0.035216573625802994,0.0627618208527565,-0.0025153509341180325,0.0,0.0,0.0,0.0,0.00014158611884340644,0.0
adam,1058,0.5260177254676819,0.0038724923506379128,0.0029207540210336447,0.0404190830886364,0.03509072959423065,0.06281933188438416,-0.0025150426663458347,0.0,0.0,0.0,0.0,0.00014143134467303753,0.0
adam,1059,0.5248193144798279,0.0038403100334107876,0.0029169388581067324,0.04032456502318382,0.03497464582324028,0.06287288665771484,-0.0025144265964627266,0.0,0.0,0.0,0.0,0.0001402611960656941,0.0
adam,1060,0.5236666798591614,0.0037940219044685364,0.0029134254436939955,0.0402076356112957,0.034883588552474976,0.06293390691280365,-0.002514046151190996,0.0,0.0,0.0,0.0,0.0001405235379934311,0.0
adam,1061,0.5224527716636658,0.0037676591891795397,0.0029092542827129364,0.040141377598047256,0.03481272980570793,0.06297405809164047,-0.0025129588320851326,0.0,0.0,0.0,0.0,0.00013877161836717278,0.0
adam,1062,0.5212901830673218,0.0037254125345498323,0.0029059206135571003,0.04004105553030968,0.034727055579423904,0.06302163749933243,-0.0025124019011855125,0.0,0.0,0.0,0.0,0.00013876879529561847,0.0
adam,1063,0.5201234221458435,0.0036965887993574142,0.002902423730120063,0.03994814679026604,0.03463496267795563,0.06306401640176773,-0.0025114950258284807,0.0,0.0,0.0,0.0,0.00013749345089308918,0.0
adam,1064,0.5192444920539856,0.0036770119331777096,0.002898995764553547,0.03983405604958534,0.034536901861429214,0.06311334669589996,-0.0025105581153184175,0.0,0.0,0.0,0.0,0.00013620020763482898,0.0
adam,1065,0.518311083316803,0.003640304319560528,0.0028958015609532595,0.039691127836704254,0.034447234123945236,0.06317438185214996,-0.0025098230689764023,0.0,0.0,0.0,0.0,0.00013629109889734536,0.0
adam,1066,0.5171852707862854,0.003613491076976061,0.0028920434415340424,0.03960590437054634,0.034384097903966904,0.06321357935667038,-0.0025084512308239937,0.0,0.0,0.0,0.0,0.00013491847494151443,0.0
adam,1067,0.5160064697265625,0.0035709254443645477,0.0028885735664516687,0.039509668946266174,0.034318335354328156,0.0632568746805191,-0.002507190452888608,0.0,0.0,0.0,0.0,0.00013490751734934747,0.0
adam,1068,0.5150097012519836,0.003536470700055361,0.0028851861134171486,0.03941766172647476,0.03423240780830383,0.06329695880413055,-0.0025058998726308346,0.0,0.0,0.0,0.0,0.00013478270557243377,0.0
adam,1069,0.5140430927276611,0.003516080090776086,0.00288162799552083,0.03937499225139618,0.03417060151696205,0.06331609189510345,-0.0025043648201972246,0.0,0.0,0.0,0.0,0.00013352977111935616,0.0
adam,1070,0.5128509402275085,0.0034715496003627777,0.0028785616159439087,0.03932974860072136,0.03414071723818779,0.06333518028259277,-0.0025032320991158485,0.0,0.0,0.0,0.0,0.00013387107173912227,0.0
adam,1071,0.5116586685180664,0.0034401090815663338,0.0028752321377396584,0.039321720600128174,0.03410939499735832,0.06333763897418976,-0.002501813229173422,0.0,0.0,0.0,0.0,0.00013309645873960108,0.0
adam,1072,0.5107186436653137,0.0034141126088798046,0.0028721040580421686,0.03929382190108299,0.03406514972448349,0.06334985047578812,-0.002500648610293865,0.0,0.0,0.0,0.0,0.00013253232464194298,0.0
adam,1073,0.5098451375961304,0.0033805989660322666,0.0028692856431007385,0.03923484683036804,0.034015461802482605,0.06337331235408783,-0.0024997929576784372,0.0,0.0,0.0,0.0,0.00013283919543027878,0.0
adam,1074,0.50868821144104,0.0033537328708916903,0.0028662336990237236,0.03917261213064194,0.033938005566596985,0.06339682638645172,-0.0024989196099340916,0.0,0.0,0.0,0.0,0.00013160875823814422,0.0
adam,1075,0.5076034069061279,0.0033195693977177143,0.002863422967493534,0.0391075499355793,0.033879201859235764,0.06342282146215439,-0.0024982523173093796,0.0,0.0,0.0,0.0,0.00013126988778822124,0.0
adam,1076,0.5066629648208618,0.0032876767218112946,0.0028608248103410006,0.039002060890197754,0.03373640030622482,0.0634647086262703,-0.002497967565432191,0.0,0.0,0.0,0.0,0.00013121103984303772,0.0
adam,1077,0.5057010650634766,0.003268577391281724,0.002857979154214263,0.03896750882267952,0.03361907973885536,0.06347920000553131,-0.0024974793195724487,0.0,0.0,0.0,0.0,0.0001300331496167928,0.0
adam,1078,0.5046237111091614,0.003231100272387266,0.002855478785932064,0.03896279260516167,0.03355336934328079,0.06348303705453873,-0.002497341949492693,0.0,0.0,0.0,0.0,0.00013029573892708868,0.0
adam,1079,0.5036473870277405,0.0032031673472374678,0.0028530629351735115,0.03892814368009567,0.03342252969741821,0.06349693238735199,-0.002497563138604164,0.0,0.0,0.0,0.0,0.0001299952855333686,0.0
adam,1080,0.5027618408203125,0.003184659406542778,0.0028505621012300253,0.038967251777648926,0.03338024020195007,0.06348208338022232,-0.002497419249266386,0.0,0.0,0.0,0.0,0.00012915463594254106,0.0
adam,1081,0.5018453598022461,0.003150109900161624,0.0028484913054853678,0.03891526907682419,0.033273715525865555,0.06350278109312057,-0.002497808076441288,0.0,0.0,0.0,0.0,0.00012958502338733524,0.0
adam,1082,0.500942051410675,0.003125186078250408,0.00284571573138237,0.03888390213251114,0.03319704532623291,0.06351630389690399,-0.002497411333024502,0.0,0.0,0.0,0.0,0.00012909897486679256,0.0
adam,1083,0.5001703500747681,0.0031001484021544456,0.002842991380020976,0.03885430097579956,0.03316851332783699,0.06353084743022919,-0.0024968688376247883,0.0,0.0,0.0,0.0,0.0001289286883547902,0.0
adam,1084,0.4994024336338043,0.0030704005621373653,0.0028406470082700253,0.038722194731235504,0.03304022178053856,0.06358759105205536,-0.002496832050383091,0.0,0.0,0.0,0.0,0.00012901099398732185,0.0
adam,1085,0.49860796332359314,0.003053010907024145,0.0028378579299896955,0.038658782839775085,0.032951366156339645,0.06361807137727737,-0.002496213186532259,0.0,0.0,0.0,0.0,0.00012795433576684445,0.0
adam,1086,0.4978007376194,0.0030232970602810383,0.002835189690813422,0.03863387182354927,0.03291946277022362,0.06363440304994583,-0.0024956122506409883,0.0,0.0,0.0,0.0,0.00012810017506126314,0.0
adam,1087,0.4970909357070923,0.003000229597091675,0.0028326157480478287,0.03859155997633934,0.03284642845392227,0.0636579617857933,-0.0024951566010713577,0.0,0.0,0.0,0.0,0.00012792262714356184,0.0
adam,1088,0.49633315205574036,0.002979640383273363,0.002829897915944457,0.03862733021378517,0.03284124657511711,0.06364845484495163,-0.0024940059520304203,0.0,0.0,0.0,0.0,0.00012754644558299333,0.0
adam,1089,0.4955592155456543,0.0029500836972147226,0.0028276480734348297,0.03859658166766167,0.032783590257167816,0.0636671930551529,-0.002493285108357668,0.0,0.0,0.0,0.0,0.0001278202689718455,0.0
adam,1090,0.49479153752326965,0.0029310444369912148,0.0028249667957425117,0.03861004486680031,0.032756876200437546,0.06366611272096634,-0.0024920774158090353,0.0,0.0,0.0,0.0,0.0001272178051294759,0.0
adam,1091,0.4940907657146454,0.0029055699706077576,0.0028221108950674534,0.038675904273986816,0.03280125930905342,0.06364362686872482,-0.0024903323501348495,0.0,0.0,0.0,0.0,0.00012754979252349585,0.0
adam,1092,0.4933200776576996,0.0028817506972700357,0.0028198007494211197,0.038636136800050735,0.03270409628748894,0.0636652410030365,-0.002489205915480852,0.0,0.0,0.0,0.0,0.0001273250236408785,0.0
adam,1093,0.49258938431739807,0.0028593630995601416,0.0028172677848488092,0.03863665834069252,0.03264383226633072,0.06367016583681107,-0.0024875381495803595,0.0,0.0,0.0,0.0,0.00012718788639176637,0.0
adam,1094,0.4919089674949646,0.0028357314877212048,0.002814573235809803,0.03868090733885765,0.032642021775245667,0.06365680694580078,-0.002485527191311121,0.0,0.0,0.0,0.0,0.0001274087408091873,0.0
adam,1095,0.49116936326026917,0.0028182377573102713,0.00281187379732728,0.038673412054777145,0.032556451857089996,0.06366495788097382,-0.002483674790710211,0.0,0.0,0.0,0.0,0.00012677644554059952,0.0
adam,1096,0.4904525578022003,0.0027888063341379166,0.0028091068379580975,0.03868129849433899,0.03249160572886467,0.06366725265979767,-0.002481396310031414,0.0,0.0,0.0,0.0,0.00012742668332066387,0.0
adam,1097,0.48985055088996887,0.0027812072075903416,0.002806144766509533,0.03872086852788925,0.03247050568461418,0.06365373730659485,-0.0024787508882582188,0.0,0.0,0.0,0.0,0.00012636328756343573,0.0
adam,1098,0.4891025722026825,0.0027457913383841515,0.002803569193929434,0.038692209869623184,0.03243473172187805,0.06366825103759766,-0.0024766242131590843,0.0,0.0,0.0,0.0,0.00012732161849271506,0.0
adam,1099,0.48830848932266235,0.0027339032385498285,0.0028002795297652483,0.03871224448084831,0.03239293023943901,0.06365948170423508,-0.0024739026557654142,0.0,0.0,0.0,0.0,0.00012606257223524153,0.0
adam,1100,0.4875112473964691,0.002703819889575243,0.0027972105890512466,0.038773782551288605,0.032461777329444885,0.06363561749458313,-0.0024709836579859257,0.0,0.0,0.0,0.0,0.00012650774442590773,0.0
adam,1101,0.48677748441696167,0.002682466059923172,0.002794328611344099,0.03873257339000702,0.032415732741355896,0.06365228444337845,-0.0024685142561793327,0.0,0.0,0.0,0.0,0.00012612466525752097,0.0
adam,1102,0.4861747622489929,0.0026691905222833157,0.0027913569938391447,0.03870423883199692,0.0323651060461998,0.06366442143917084,-0.0024661109782755375,0.0,0.0,0.0,0.0,0.00012542690092232078,0.0
adam,1103,0.48551297187805176,0.0026399700436741114,0.0027886515017598867,0.03870050981640816,0.03238626942038536,0.06366882473230362,-0.002463715383782983,0.0,0.0,0.0,0.0,0.00012603036884684116,0.0
adam,1104,0.4848303198814392,0.002628060756251216,0.002785822842270136,0.03869621828198433,0.03236456960439682,0.06367211788892746,-0.0024613207206130028,0.0,0.0,0.0,0.0,0.0001249530032509938,0.0
adam,1105,0.48416227102279663,0.002606744412332773,0.002782995579764247,0.038635265082120895,0.03227037936449051,0.06369706243276596,-0.002459185430780053,0.0,0.0,0.0,0.0,0.00012480620353017002,0.0
adam,1106,0.48353490233421326,0.0025876585859805346,0.002780205337330699,0.038625843822956085,0.03229845315217972,0.06369961053133011,-0.0024569362867623568,0.0,0.0,0.0,0.0,0.00012453935050871223,0.0
adam,1107,0.48299485445022583,0.00257998239248991,0.0027772269677370787,0.03862984851002693,0.03232813626527786,0.06369466334581375,-0.002454490400850773,0.0,0.0,0.0,0.0,0.00012351245095487684,0.0
adam,1108,0.4824056923389435,0.0025562155060470104,0.0027744118124246597,0.03855682909488678,0.03225536644458771,0.06371963769197464,-0.0024523683823645115,0.0,0.0,0.0,0.0,0.00012385129230096936,0.0
adam,1109,0.48175880312919617,0.0025462089106440544,0.0027714516036212444,0.03854290395975113,0.03226522356271744,0.06371913105249405,-0.0024499809369444847,0.0,0.0,0.0,0.0,0.00012271551531739533,0.0
adam,1110,0.48111626505851746,0.0025212932378053665,0.0027686944231390953,0.03852980211377144,0.03228924423456192,0.0637192651629448,-0.0024476698599755764,0.0,0.0,0.0,0.0,0.0001230390917044133,0.0
adam,1111,0.48046189546585083,0.0025073373690247536,0.00276579731144011,0.03850800171494484,0.032216135412454605,0.06372174620628357,-0.0024454337544739246,0.0,0.0,0.0,0.0,0.0001224357110913843,0.0
adam,1112,0.47992661595344543,0.0024989107623696327,0.0027631132397800684,0.03851795196533203,0.03216790780425072,0.06371250748634338,-0.002443330129608512,0.0,0.0,0.0,0.0,0.00012173919822089374,0.0
adam,1113,0.47935283184051514,0.0024796167854219675,0.00276040006428957,0.03855329379439354,0.032163266092538834,0.06369322538375854,-0.002441100310534239,0.0,0.0,0.0,0.0,0.00012200739729451016,0.0
adam,1114,0.4787915349006653,0.0024750777520239353,0.0027576338034123182,0.03856770321726799,0.03212393820285797,0.06367906183004379,-0.002438937546685338,0.0,0.0,0.0,0.0,0.00012088641233276576,0.0
adam,1115,0.4782271087169647,0.0024541481398046017,0.0027553236577659845,0.038529179990291595,0.03206678107380867,0.06368492543697357,-0.002437202027067542,0.0,0.0,0.0,0.0,0.00012122525367885828,0.0
adam,1116,0.47763192653656006,0.0024457008112221956,0.002752142958343029,0.03858085721731186,0.03204923868179321,0.06365303695201874,-0.0024345810525119305,0.0,0.0,0.0,0.0,0.00012053976388415322,0.0
adam,1117,0.47701627016067505,0.0024252994917333126,0.002749829785898328,0.03861107677221298,0.032112348824739456,0.06362863630056381,-0.002432682318612933,0.0,0.0,0.0,0.0,0.00012071800301782787,0.0
adam,1118,0.47637417912483215,0.0024143578484654427,0.0027469838969409466,0.038588207215070724,0.03203163295984268,0.06362379342317581,-0.002430474851280451,0.0,0.0,0.0,0.0,0.00011999636626569554,0.0
adam,1119,0.4757808744907379,0.0024008117616176605,0.0027443538419902325,0.03858116641640663,0.031996969133615494,0.06361287087202072,-0.002428365871310234,0.0,0.0,0.0,0.0,0.00011965431622229517,0.0
adam,1120,0.4751949906349182,0.0023869462311267853,0.002741606906056404,0.03862239420413971,0.032045409083366394,0.06358279287815094,-0.0024260678328573704,0.0,0.0,0.0,0.0,0.00011938158422708511,0.0
adam,1121,0.47464627027511597,0.002378938253968954,0.002738573355600238,0.03862064331769943,0.03200763836503029,0.06356818228960037,-0.0024236799217760563,0.0,0.0,0.0,0.0,0.0001186909867101349,0.0
adam,1122,0.4741436839103699,0.002363741397857666,0.0027363563422113657,0.03856204077601433,0.03195624426007271,0.0635756403207779,-0.0024219693150371313,0.0,0.0,0.0,0.0,0.0001186695953947492,0.0
adam,1123,0.47366541624069214,0.0023627905175089836,0.0027335328049957752,0.038608185946941376,0.03199157491326332,0.06354036182165146,-0.0024196021258831024,0.0,0.0,0.0,0.0,0.00011756986350519583,0.0
adam,1124,0.4732646942138672,0.002339162863790989,0.0027307949494570494,0.038604311645030975,0.03199150785803795,0.06352590769529343,-0.002417470794171095,0.0,0.0,0.0,0.0,0.00011884877312695608,0.0
adam,1125,0.47262173891067505,0.0023409950081259012,0.0027283127419650555,0.038592878729104996,0.0319778248667717,0.06351123005151749,-0.0024156328290700912,0.0,0.0,0.0,0.0,0.00011682774493237957,0.0
adam,1126,0.4718891382217407,0.0023138411343097687,0.0027258291374891996,0.03853638097643852,0.03191347047686577,0.06351698935031891,-0.002413735259324312,0.0,0.0,0.0,0.0,0.00011728889512596652,0.0
adam,1127,0.4713216722011566,0.0022979998029768467,0.002723054261878133,0.03854371979832649,0.03190937265753746,0.06349682807922363,-0.0024116497952491045,0.0,0.0,0.0,0.0,0.00011731195991160348,0.0
adam,1128,0.4710107743740082,0.002306019188836217,0.0027203275822103024,0.03857172653079033,0.03192036226391792,0.06346725672483444,-0.0024095894768834114,0.0,0.0,0.0,0.0,0.00011587742483243346,0.0
adam,1129,0.4704188108444214,0.002283432986587286,0.002717839553952217,0.03850977122783661,0.031837012618780136,0.06347417086362839,-0.0024077589623630047,0.0,0.0,0.0,0.0,0.00011638867727015167,0.0
adam,1130,0.46967941522598267,0.0022723316214978695,0.0027150779496878386,0.03849002718925476,0.03179527074098587,0.06346266716718674,-0.0024057221598923206,0.0,0.0,0.0,0.0,0.0001153714838437736,0.0
adam,1131,0.46927013993263245,0.0022650794126093388,0.0027123375330120325,0.038502614945173264,0.03182891383767128,0.06343802064657211,-0.002403611782938242,0.0,0.0,0.0,0.0,0.00011503743007779121,0.0
adam,1132,0.4687892496585846,0.0022457619197666645,0.002709961961954832,0.038494642823934555,0.031849075108766556,0.0634225457906723,-0.0024015612434595823,0.0,0.0,0.0,0.0,0.00011559681297512725,0.0
adam,1133,0.4682958722114563,0.0022472827695310116,0.0027070483192801476,0.038480017334222794,0.031788259744644165,0.06340770423412323,-0.002399228513240814,0.0,0.0,0.0,0.0,0.00011422542593209073,0.0
adam,1134,0.467707097530365,0.002233079168945551,0.002704950515180826,0.03843459486961365,0.03181023523211479,0.06340394169092178,-0.002397639211267233,0.0,0.0,0.0,0.0,0.00011380225623724982,0.0
adam,1135,0.4671282172203064,0.0022173961624503136,0.002702178666368127,0.038489021360874176,0.03189023211598396,0.06336353719234467,-0.002395300893113017,0.0,0.0,0.0,0.0,0.00011380223440937698,0.0
adam,1136,0.46670034527778625,0.0022091735154390335,0.002699105767533183,0.03848915919661522,0.031860146671533585,0.06334395706653595,-0.002392929047346115,0.0,0.0,0.0,0.0,0.00011359684867784381,0.0
adam,1137,0.4662095308303833,0.00219804048538208,0.0026968098245561123,0.03839658945798874,0.031799182295799255,0.06335856020450592,-0.002391423098742962,0.0,0.0,0.0,0.0,0.00011319110490148887,0.0
adam,1138,0.46568840742111206,0.002198591595515609,0.0026941236574202776,0.038420431315898895,0.03182070329785347,0.06332717090845108,-0.002389368135482073,0.0,0.0,0.0,0.0,0.00011181814625160769,0.0
adam,1139,0.4651172459125519,0.0021798633970320225,0.0026914074551314116,0.038469430059194565,0.031857654452323914,0.06328734755516052,-0.0023870980367064476,0.0,0.0,0.0,0.0,0.00011225181515328586,0.0
adam,1140,0.46464860439300537,0.0021678609773516655,0.002688515232875943,0.03846653550863266,0.031820859760046005,0.06326660513877869,-0.002384813269600272,0.0,0.0,0.0,0.0,0.0001123301190091297,0.0
adam,1141,0.46418774127960205,0.002165860263630748,0.0026857333723455667,0.0384325236082077,0.03180200234055519,0.06325610727071762,-0.0023827534168958664,0.0,0.0,0.0,0.0,0.00011129446647828445,0.0
adam,1142,0.46371686458587646,0.0021495861001312733,0.00268344022333622,0.03840883448719978,0.031838227063417435,0.06324213743209839,-0.0023808677215129137,0.0,0.0,0.0,0.0,0.00011155736137880012,0.0
adam,1143,0.46315401792526245,0.002146379090845585,0.002680437173694372,0.03844568878412247,0.031826913356781006,0.06320351362228394,-0.00237833708524704,0.0,0.0,0.0,0.0,0.00011058765812776983,0.0
adam,1144,0.46263766288757324,0.0021349976304918528,0.0026778678875416517,0.03845956549048424,0.03182477131485939,0.06317348778247833,-0.002376010874286294,0.0,0.0,0.0,0.0,0.00011047889711335301,0.0
adam,1145,0.46218836307525635,0.002122279955074191,0.0026752687990665436,0.03845486044883728,0.031843315809965134,0.06314941495656967,-0.0023737032897770405,0.0,0.0,0.0,0.0,0.00011062296107411385,0.0
adam,1146,0.46176666021347046,0.0021212163846939802,0.0026722457259893417,0.038459643721580505,0.03182597830891609,0.06312038749456406,-0.002371157519519329,0.0,0.0,0.0,0.0,0.0001098385255318135,0.0
adam,1147,0.4612780809402466,0.0021059480495750904,0.002669994253665209,0.03844393789768219,0.03180399164557457,0.06310036778450012,-0.002369087189435959,0.0,0.0,0.0,0.0,0.00011015931522706524,0.0
adam,1148,0.4607273042201996,0.002106216736137867,0.0026672508101910353,0.038501523435115814,0.03178822621703148,0.06304946541786194,-0.0023664720356464386,0.0,0.0,0.0,0.0,0.00010904813825618476,0.0
adam,1149,0.46021974086761475,0.0020916801877319813,0.002664353000000119,0.03853614628314972,0.03180846571922302,0.06300705671310425,-0.0023639118298888206,0.0,0.0,0.0,0.0,0.00010939015191979706,0.0
adam,1150,0.4597527086734772,0.0020762463100254536,0.002661602571606636,0.03853032737970352,0.031835902482271194,0.06297948956489563,-0.0023615118116140366,0.0,0.0,0.0,0.0,0.0001097871718229726,0.0
adam,1151,0.4593625068664551,0.0020793364383280277,0.0026588821783661842,0.03850632160902023,0.03180069103837013,0.06295764446258545,-0.002359079197049141,0.0,0.0,0.0,0.0,0.00010868094250326976,0.0
adam,1152,0.45889902114868164,0.0020683922339230776,0.002656389959156513,0.03849279135465622,0.03177797794342041,0.06293321400880814,-0.00235688965767622,0.0,0.0,0.0,0.0,0.00010872336861211807,0.0
adam,1153,0.45834097266197205,0.0020675004925578833,0.0026533969212323427,0.03858677297830582,0.03181333839893341,0.0628645122051239,-0.002354109426960349,0.0,0.0,0.0,0.0,0.00010779678996186703,0.0
adam,1154,0.4578264355659485,0.0020503001287579536,0.002650942886248231,0.038602352142333984,0.03180595487356186,0.06282655894756317,-0.002351718954741955,0.0,0.0,0.0,0.0,0.00010841571929631755,0.0
adam,1155,0.4573875069618225,0.0020387754775583744,0.002648483496159315,0.038593463599681854,0.03178498148918152,0.06279629468917847,-0.0023492882028222084,0.0,0.0,0.0,0.0,0.000108679938421119,0.0
adam,1156,0.45698845386505127,0.002044589491561055,0.0026455773040652275,0.038646332919597626,0.031799592077732086,0.06273974478244781,-0.0023465100675821304,0.0,0.0,0.0,0.0,0.00010755441326182336,0.0
adam,1157,0.45655688643455505,0.002031900454312563,0.0026431104633957148,0.0386541523039341,0.031786564737558365,0.06270240247249603,-0.002344162669032812,0.0,0.0,0.0,0.0,0.00010801996540976688,0.0
adam,1158,0.45598721504211426,0.002027844311669469,0.0026403942611068487,0.038711268454790115,0.031787097454071045,0.06264538317918777,-0.002341431798413396,0.0,0.0,0.0,0.0,0.00010734314855653793,0.0
adam,1159,0.4554767906665802,0.0020153115037828684,0.0026377190370112658,0.03872973471879959,0.031777672469615936,0.06260320544242859,-0.0023387663532048464,0.0,0.0,0.0,0.0,0.00010757755080703646,0.0
adam,1160,0.45505988597869873,0.0020096052903681993,0.002634952310472727,0.038756974041461945,0.031817007809877396,0.06255637109279633,-0.0023359940387308598,0.0,0.0,0.0,0.0,0.00010738421406131238,0.0
adam,1161,0.4546632766723633,0.0020124511793255806,0.00263201748020947,0.038771599531173706,0.03182877600193024,0.06251433491706848,-0.0023331132251769304,0.0,0.0,0.0,0.0,0.00010641743574524298,0.0
adam,1162,0.4542149007320404,0.0019950331188738346,0.0026295382995158434,0.03873602673411369,0.031794894486665726,0.06249504163861275,-0.0023309248499572277,0.0,0.0,0.0,0.0,0.00010714949894463643,0.0
adam,1163,0.4536827802658081,0.0019949281122535467,0.0026265119668096304,0.03878915682435036,0.03179590404033661,0.06243834272027016,-0.002328263595700264,0.0,0.0,0.0,0.0,0.00010620643297443166,0.0
adam,1164,0.4533081352710724,0.001989082433283329,0.0026237424463033676,0.03886932134628296,0.031856272369623184,0.06237220764160156,-0.0023254752159118652,0.0,0.0,0.0,0.0,0.00010631709301378578,0.0
adam,1165,0.4529004991054535,0.001981721492484212,0.002621133578941226,0.038787879049777985,0.03171844780445099,0.06236889585852623,-0.002323230728507042,0.0,0.0,0.0,0.0,0.00010626260336721316,0.0
adam,1166,0.45229750871658325,0.0019701707642525434,0.002618514932692051,0.038851846009492874,0.0317855142056942,0.06230919063091278,-0.002320539904758334,0.0,0.0,0.0,0.0,0.00010609762102831155,0.0
adam,1167,0.4519290030002594,0.0019694624934345484,0.0026155284140259027,0.038895610719919205,0.03179895132780075,0.062256116420030594,-0.0023177643306553364,0.0,0.0,0.0,0.0,0.00010569234291324392,0.0
adam,1168,0.45152151584625244,0.001963998656719923,0.0026127672754228115,0.038857508450746536,0.031718578189611435,0.06223423406481743,-0.0023154569789767265,0.0,0.0,0.0,0.0,0.00010552307503530756,0.0
adam,1169,0.4509662687778473,0.001955760410055518,0.0026100114919245243,0.03892256319522858,0.031780313700437546,0.062172356992959976,-0.0023128243628889322,0.0,0.0,0.0,0.0,0.00010523232049308717,0.0
adam,1170,0.4506535232067108,0.001953498227521777,0.002607064787298441,0.03896299749612808,0.031832680106163025,0.06211952120065689,-0.0023100352846086025,0.0,0.0,0.0,0.0,0.00010508128616493195,0.0
adam,1171,0.4501437842845917,0.0019417516887187958,0.002604334382340312,0.038894135504961014,0.03176659718155861,0.06210776045918465,-0.002307690680027008,0.0,0.0,0.0,0.0,0.0001050692007993348,0.0
adam,1172,0.449710875749588,0.0019415444694459438,0.0026014798786491156,0.03892355412244797,0.03175980597734451,0.06205888092517853,-0.0023051402531564236,0.0,0.0,0.0,0.0,0.000104410013591405,0.0
adam,1173,0.44934460520744324,0.0019322248408570886,0.0025985357351601124,0.03897393122315407,0.031785376369953156,0.06200307980179787,-0.0023023863323032856,0.0,0.0,0.0,0.0,0.00010487484541954473,0.0
adam,1174,0.4489937424659729,0.0019357777200639248,0.0025958337355405092,0.03901229053735733,0.031790271401405334,0.06195151060819626,-0.002300031017512083,0.0,0.0,0.0,0.0,0.00010410992399556562,0.0
adam,1175,0.4488736689090729,0.0019254673970863223,0.002593390177935362,0.038997307419776917,0.0317610427737236,0.06192326545715332,-0.002297839382663369,0.0,0.0,0.0,0.0,0.00010531580483075231,0.0
adam,1176,0.44852590560913086,0.0019473801366984844,0.0025901109911501408,0.03904426470398903,0.03172646835446358,0.06186608225107193,-0.002295023761689663,0.0,0.0,0.0,0.0,0.00010289126657880843,0.0
adam,1177,0.44773516058921814,0.0019145773258060217,0.0025876041036099195,0.03906747326254845,0.0317973792552948,0.06182233244180679,-0.0022925888188183308,0.0,0.0,0.0,0.0,0.00010404598288005218,0.0
adam,1178,0.44729092717170715,0.0019028650131076574,0.0025851107202470303,0.039047177881002426,0.03177754208445549,0.0617949552834034,-0.0022905501537024975,0.0,0.0,0.0,0.0,0.000104287923022639,0.0
adam,1179,0.44727209210395813,0.001922863651998341,0.0025821744929999113,0.039054375141859055,0.03171015530824661,0.06175584718585014,-0.002288324758410454,0.0,0.0,0.0,0.0,0.0001030197599902749,0.0
adam,1180,0.44652271270751953,0.0018972951220348477,0.0025796100962907076,0.03910359740257263,0.031765665858983994,0.06170320138335228,-0.002286001108586788,0.0,0.0,0.0,0.0,0.0001037127585732378,0.0
adam,1181,0.4461629092693329,0.0018960984889417887,0.0025769807398319244,0.039141301065683365,0.031815484166145325,0.0616530142724514,-0.0022836115676909685,0.0,0.0,0.0,0.0,0.00010326649498892948,0.0
adam,1182,0.4459688067436218,0.001902707968838513,0.0025740014389157295,0.03909508138895035,0.03177449852228165,0.061635572463274,-0.002281049732118845,0.0,0.0,0.0,0.0,0.00010245430166833103,0.0
adam,1183,0.4453454613685608,0.0018769651651382446,0.002571568824350834,0.038998380303382874,0.03172280639410019,0.06164032220840454,-0.002279061358422041,0.0,0.0,0.0,0.0,0.00010321920126443729,0.0
adam,1184,0.44504737854003906,0.0018742658430710435,0.0025689254980534315,0.039056047797203064,0.03178200125694275,0.061583977192640305,-0.0022766622714698315,0.0,0.0,0.0,0.0,0.00010316316183889285,0.0
adam,1185,0.44471797347068787,0.001886207377538085,0.0025660512037575245,0.03916805610060692,0.03184422105550766,0.061506904661655426,-0.0022738531697541475,0.0,0.0,0.0,0.0,0.00010174992348765954,0.0
adam,1186,0.44417598843574524,0.0018723065732046962,0.0025638022925704718,0.03914465010166168,0.031804513186216354,0.06148326396942139,-0.002271745353937149,0.0,0.0,0.0,0.0,0.00010187528096139431,0.0
adam,1187,0.4439515173435211,0.001862158766016364,0.0025612968020141125,0.03910844400525093,0.03175682947039604,0.06146470829844475,-0.0022697143722325563,0.0,0.0,0.0,0.0,0.00010264835873385891,0.0
adam,1188,0.44349807500839233,0.0018609486287459731,0.0025581412483006716,0.039128683507442474,0.03175701946020126,0.06142270937561989,-0.002267018426209688,0.0,0.0,0.0,0.0,0.00010191192268393934,0.0
adam,1189,0.4430845081806183,0.0018570483662188053,0.0025555994361639023,0.039115060120821,0.031748026609420776,0.0613931342959404,-0.0022645944263786077,0.0,0.0,0.0,0.0,0.00010146992281079292,0.0
adam,1190,0.4428417980670929,0.0018516272539272904,0.002553393831476569,0.03912334516644478,0.03176892548799515,0.06135527417063713,-0.002262507565319538,0.0,0.0,0.0,0.0,0.00010176671639783308,0.0
adam,1191,0.4423125982284546,0.0018459637649357319,0.00255040405318141,0.03918558731675148,0.031840886920690536,0.061295926570892334,-0.0022600283846259117,0.0,0.0,0.0,0.0,0.00010124679101863876,0.0
adam,1192,0.4420390725135803,0.001846345723606646,0.002547718118876219,0.03915579989552498,0.03183608129620552,0.06127142533659935,-0.0022577736526727676,0.0,0.0,0.0,0.0,0.00010078767809318379,0.0
adam,1193,0.4416346549987793,0.0018338905647397041,0.0025454505812376738,0.03911201283335686,0.03182078152894974,0.06125297024846077,-0.0022556681651622057,0.0,0.0,0.0,0.0,0.00010113124153576791,0.0
adam,1194,0.44121053814888,0.0018335860222578049,0.0025429977104067802,0.03916056454181671,0.03188176825642586,0.061195868998765945,-0.002253376878798008,0.0,0.0,0.0,0.0,0.0001004451114567928,0.0
adam,1195,0.44092753529548645,0.0018354549538344145,0.002540089190006256,0.039192210882902145,0.031881626695394516,0.06114530563354492,-0.0022508513648062944,0.0,0.0,0.0,0.0,0.00010008542449213564,0.0
adam,1196,0.4404565989971161,0.0018178378231823444,0.002537722699344158,0.03913932293653488,0.031791191548109055,0.06112997978925705,-0.002248691627755761,0.0,0.0,0.0,0.0,0.0001008682229439728,0.0
adam,1197,0.44017574191093445,0.0018185588996857405,0.0025355257093906403,0.03916287049651146,0.0317746065557003,0.061083510518074036,-0.002246630610898137,0.0,0.0,0.0,0.0,0.00010061893408419564,0.0
adam,1198,0.4397472143173218,0.0018210497219115496,0.0025327426847070456,0.03928995877504349,0.03186391666531563,0.06099496781826019,-0.002244136296212673,0.0,0.0,0.0,0.0,9.991337719839066e-05,0.0
adam,1199,0.4394359588623047,0.0018151868134737015,0.002530304016545415,0.039322007447481155,0.03190767765045166,0.060944125056266785,-0.002241817768663168,0.0,0.0,0.0,0.0,0.00010013347491621971,0.0
adam,1200,0.43903082609176636,0.0018080268055200577,0.002527995500713587,0.03923399746417999,0.03180919960141182,0.06094095855951309,-0.0022397697903215885,0.0,0.0,0.0,0.0,9.998815221479163e-05,0.0
adam,1201,0.43888217210769653,0.0018054656684398651,0.0025271433405578136,0.03922645002603531,0.03179830312728882,0.060932327061891556,-0.0022390689700841904,0.0,0.0,0.0,0.0,9.993611456593499e-05,0.0
adam,1202,0.4387354552745819,0.0018032174557447433,0.002526212716475129,0.03924045339226723,0.031817205250263214,0.060914672911167145,-0.0022382312454283237,0.0,0.0,0.0,0.0,9.988985402742401e-05,0.0
adam,1203,0.4386417865753174,0.001802527578547597,0.0025253011845052242,0.039266977459192276,0.03185549005866051,0.06089192256331444,-0.002237368607893586,0.0,0.0,0.0,0.0,9.98748218989931e-05,0.0
adam,1204,0.4385487735271454,0.0018021396826952696,0.002524493495002389,0.0392938069999218,0.031898077577352524,0.06086902692914009,-0.002236554864794016,0.0,0.0,0.0,0.0,9.982334449887276e-05,0.0
adam,1205,0.4384230077266693,0.0018013259395956993,0.00252379453741014,0.03930934518575668,0.03192600607872009,0.06085055321455002,-0.002235814929008484,0.0,0.0,0.0,0.0,9.969216625904664e-05,0.0
adam,1206,0.4383009672164917,0.0018009458435699344,0.002523125847801566,0.03930985927581787,0.031931545585393906,0.060837917029857635,-0.002235108520835638,0.0,0.0,0.0,0.0,9.951983520295471e-05,0.0
adam,1207,0.43819138407707214,0.001800372963771224,0.002522398717701435,0.03929978981614113,0.03192138671875,0.06082937866449356,-0.0022343697492033243,0.0,0.0,0.0,0.0,9.940162271959707e-05,0.0
adam,1208,0.4380708932876587,0.001798192854039371,0.0025215735659003258,0.039289917796850204,0.03191152215003967,0.06082072854042053,-0.002233552746474743,0.0,0.0,0.0,0.0,9.940828749677166e-05,0.0
adam,1209,0.4379560351371765,0.0017952800262719393,0.0025206676218658686,0.03929009288549423,0.03191481530666351,0.060807958245277405,-0.0022326603066176176,0.0,0.0,0.0,0.0,9.95217778836377e-05,0.0
adam,1210,0.43785005807876587,0.0017929722089320421,0.0025197253562510014,0.03930341452360153,0.031931955367326736,0.060789916664361954,-0.002231721766293049,0.0,0.0,0.0,0.0,9.962902549887076e-05,0.0
adam,1211,0.4377211034297943,0.0017914040945470333,0.0025187998544424772,0.03932470455765724,0.031952761113643646,0.06076867878437042,-0.0022307836916297674,0.0,0.0,0.0,0.0,9.96119633782655e-05,0.0
adam,1212,0.4375919997692108,0.0017910676542669535,0.0025179353542625904,0.03934071213006973,0.03196192532777786,0.06074993312358856,-0.0022299238480627537,0.0,0.0,0.0,0.0,9.946911450242624e-05,0.0
adam,1213,0.4374896287918091,0.0017919189995154738,0.0025170978624373674,0.039347823709249496,0.03196005895733833,0.06073465943336487,-0.002229103585705161,0.0,0.0,0.0,0.0,9.928536019288003e-05,0.0
adam,1214,0.437369167804718,0.0017915574135258794,0.002516251988708973,0.039345450699329376,0.03195147588849068,0.06072298064827919,-0.0022282979916781187,0.0,0.0,0.0,0.0,9.914041584124789e-05,0.0
adam,1215,0.4372333586215973,0.0017899323720484972,0.0025153555907309055,0.03933831304311752,0.03194103389978409,0.06071293726563454,-0.0022274721413850784,0.0,0.0,0.0,0.0,9.905912156682462e-05,0.0
adam,1216,0.43712159991264343,0.0017886499408632517,0.0025143991224467754,0.0393330343067646,0.03193366900086403,0.060701917856931686,-0.0022266069427132607,0.0,0.0,0.0,0.0,9.902841702569276e-05,0.0
adam,1217,0.4370132088661194,0.0017873388715088367,0.0025134235620498657,0.039335429668426514,0.03193578124046326,0.06068769097328186,-0.002225720789283514,0.0,0.0,0.0,0.0,9.902510646497831e-05,0.0
adam,1218,0.4368785321712494,0.001784983673132956,0.0025124805979430676,0.03934798017144203,0.03195205330848694,0.060669463127851486,-0.0022248418536037207,0.0,0.0,0.0,0.0,9.904873149935156e-05,0.0
adam,1219,0.43675071001052856,0.0017827991396188736,0.002511567436158657,0.039368659257888794,0.03197866678237915,0.06064803898334503,-0.0022239661775529385,0.0,0.0,0.0,0.0,9.908805077429861e-05,0.0
adam,1220,0.43664607405662537,0.0017819369677454233,0.0025106295943260193,0.03939107805490494,0.03200288489460945,0.06062586233019829,-0.00222306651994586,0.0,0.0,0.0,0.0,9.908653009915724e-05,0.0
adam,1221,0.4365196228027344,0.0017812266014516354,0.0025096251629292965,0.03940657898783684,0.0320124551653862,0.0606062151491642,-0.0022221277467906475,0.0,0.0,0.0,0.0,9.90053522400558e-05,0.0
adam,1222,0.4363844692707062,0.0017799778142943978,0.002508536446839571,0.03940703347325325,0.032006729394197464,0.06059275195002556,-0.0022211740724742413,0.0,0.0,0.0,0.0,9.891705849440768e-05,0.0
adam,1223,0.43626639246940613,0.0017786519601941109,0.0025074658915400505,0.039396464824676514,0.03199545666575432,0.06058355048298836,-0.0022202334366738796,0.0,0.0,0.0,0.0,9.886083716992289e-05,0.0
adam,1224,0.4361441433429718,0.001776978257112205,0.002506434917449951,0.039383627474308014,0.03198724240064621,0.06057518348097801,-0.0022193004842847586,0.0,0.0,0.0,0.0,9.880967991193756e-05,0.0
adam,1225,0.43601399660110474,0.0017759962938725948,0.002505385549739003,0.03938006982207298,0.03198568522930145,0.060562893748283386,-0.0022183300461620092,0.0,0.0,0.0,0.0,9.869125642580912e-05,0.0
adam,1226,0.43589115142822266,0.0017762891948223114,0.0025042558554559946,0.039392370730638504,0.03199431300163269,0.060543932020664215,-0.0022172899916768074,0.0,0.0,0.0,0.0,9.852011135080829e-05,0.0
adam,1227,0.435769259929657,0.001776164397597313,0.0025030565448105335,0.03941555321216583,0.032015081495046616,0.06052037328481674,-0.0022162115201354027,0.0,0.0,0.0,0.0,9.841680730460212e-05,0.0
adam,1228,0.43563953042030334,0.0017741487827152014,0.002501847455278039,0.03943425044417381,0.0320395827293396,0.060498517006635666,-0.002215165179222822,0.0,0.0,0.0,0.0,9.845015301834792e-05,0.0
adam,1229,0.435513436794281,0.0017712870612740517,0.00250067887827754,0.03943619132041931,0.03205275535583496,0.06048325076699257,-0.002214194741100073,0.0,0.0,0.0,0.0,9.853604569798335e-05,0.0
adam,1230,0.4353870153427124,0.0017688102088868618,0.002499571768566966,0.03942430019378662,0.032051172107458115,0.060473449528217316,-0.0022132908925414085,0.0,0.0,0.0,0.0,9.855769167188555e-05,0.0
adam,1231,0.43526002764701843,0.0017670386005192995,0.0024985100608319044,0.03941378369927406,0.03204689919948578,0.06046326458454132,-0.002212400548160076,0.0,0.0,0.0,0.0,9.851645154412836e-05,0.0
adam,1232,0.43512865900993347,0.0017661219462752342,0.0024974248372018337,0.039422228932380676,0.03205236792564392,0.060446131974458694,-0.002211471553891897,0.0,0.0,0.0,0.0,9.842395957093686e-05,0.0
adam,1233,0.43500038981437683,0.0017664988990873098,0.002496245549991727,0.03944588825106621,0.03206039220094681,0.06042301654815674,-0.0022104578092694283,0.0,0.0,0.0,0.0,9.82705460046418e-05,0.0
adam,1234,0.43487316370010376,0.0017673508264124393,0.0024949784856289625,0.039467960596084595,0.03205979987978935,0.06040041148662567,-0.0022093914449214935,0.0,0.0,0.0,0.0,9.808855247683823e-05,0.0
adam,1235,0.4347429871559143,0.0017662335885688663,0.0024937191046774387,0.03947294503450394,0.03205346316099167,0.06038454920053482,-0.002208342310041189,0.0,0.0,0.0,0.0,9.803463763091713e-05,0.0
adam,1236,0.43461140990257263,0.001763049280270934,0.00249250466004014,0.039461929351091385,0.03204870596528053,0.060374967753887177,-0.0022073157597333193,0.0,0.0,0.0,0.0,9.811163181439042e-05,0.0
adam,1237,0.434483140707016,0.0017602704465389252,0.0024912601802498102,0.03945007175207138,0.03204815462231636,0.060365356504917145,-0.0022062426432967186,0.0,0.0,0.0,0.0,9.81518387561664e-05,0.0
adam,1238,0.4343533217906952,0.0017586550675332546,0.002489942591637373,0.03945142403244972,0.032056983560323715,0.060350049287080765,-0.002205108292400837,0.0,0.0,0.0,0.0,9.811256313696504e-05,0.0
adam,1239,0.43422091007232666,0.001757750054821372,0.002488593105226755,0.03946618735790253,0.032078538089990616,0.06032901257276535,-0.002203975338488817,0.0,0.0,0.0,0.0,9.802837303141132e-05,0.0
adam,1240,0.434091180562973,0.0017579798586666584,0.0024872426874935627,0.039480164647102356,0.03209908679127693,0.06030784174799919,-0.002202894538640976,0.0,0.0,0.0,0.0,9.784613212104887e-05,0.0
adam,1241,0.43395882844924927,0.0017578956903889775,0.002485909964889288,0.03948112204670906,0.03210676088929176,0.06029166653752327,-0.0022018528543412685,0.0,0.0,0.0,0.0,9.766379662323743e-05,0.0
adam,1242,0.43382447957992554,0.0017552848439663649,0.002484655473381281,0.03946998715400696,0.03210630267858505,0.060281798243522644,-0.002200883813202381,0.0,0.0,0.0,0.0,9.766936273081228e-05,0.0
adam,1243,0.43369269371032715,0.0017521767877042294,0.0024833721108734608,0.03946453332901001,0.032112639397382736,0.060270026326179504,-0.002199842594563961,0.0,0.0,0.0,0.0,9.773598139872774e-05,0.0
adam,1244,0.4335602819919586,0.001750798081047833,0.002481982111930847,0.03947021812200546,0.03211366385221481,0.060253921896219254,-0.0021987054497003555,0.0,0.0,0.0,0.0,9.768603194970638e-05,0.0
adam,1245,0.43342825770378113,0.0017503739800304174,0.0024805415887385607,0.03948167711496353,0.03210873529314995,0.06023546680808067,-0.002197549445554614,0.0,0.0,0.0,0.0,9.758172382134944e-05,0.0
adam,1246,0.43329495191574097,0.0017500582616776228,0.0024791311006993055,0.03949261084198952,0.03211037814617157,0.060216933488845825,-0.002196429530158639,0.0,0.0,0.0,0.0,9.744935960043222e-05,0.0
adam,1247,0.43316182494163513,0.0017491155304014683,0.0024776975624263287,0.03949621692299843,0.03211337700486183,0.060200899839401245,-0.0021952856332063675,0.0,0.0,0.0,0.0,9.73527057794854e-05,0.0
adam,1248,0.4330276846885681,0.0017461974639445543,0.0024762225802987814,0.0394926592707634,0.0321212112903595,0.06018747389316559,-0.0021940842270851135,0.0,0.0,0.0,0.0,9.741199028212577e-05,0.0
adam,1249,0.4328940212726593,0.0017435664776712656,0.0024747317656874657,0.03949109464883804,0.03214337304234505,0.06017289310693741,-0.0021928539499640465,0.0,0.0,0.0,0.0,9.742529800860211e-05,0.0
adam,1250,0.43276044726371765,0.001742518157698214,0.0024731983430683613,0.03949056565761566,0.03215867280960083,0.06015760824084282,-0.002191610634326935,0.0,0.0,0.0,0.0,9.730621241033077e-05,0.0
adam,1251,0.43262627720832825,0.0017421591328456998,0.0024716672487556934,0.03949268162250519,0.03216719627380371,0.06014114245772362,-0.0021903812885284424,0.0,0.0,0.0,0.0,9.714561747387052e-05,0.0
adam,1252,0.43248996138572693,0.001741638407111168,0.0024702325463294983,0.03949785232543945,0.032178476452827454,0.060124050825834274,-0.0021892583463340998,0.0,0.0,0.0,0.0,9.69905813690275e-05,0.0
adam,1253,0.43235212564468384,0.0017397527117282152,0.0024687370751053095,0.039494968950748444,0.032172322273254395,0.06011028587818146,-0.0021880902349948883,0.0,0.0,0.0,0.0,9.69712928053923e-05,0.0
adam,1254,0.4322173595428467,0.00173825747333467,0.0024672269355505705,0.039488956332206726,0.032165784388780594,0.060097746551036835,-0.002186900470405817,0.0,0.0,0.0,0.0,9.691096056485549e-05,0.0
adam,1255,0.4320811629295349,0.001736161415465176,0.0024657256435602903,0.03948565572500229,0.03217032179236412,0.06008417531847954,-0.002185703022405505,0.0,0.0,0.0,0.0,9.689078433439136e-05,0.0
adam,1256,0.4319457411766052,0.0017352205468341708,0.0024641614872962236,0.03949003294110298,0.03217623755335808,0.0600673146545887,-0.0021844557486474514,0.0,0.0,0.0,0.0,9.679149661678821e-05,0.0
adam,1257,0.43181008100509644,0.0017344162333756685,0.0024625943042337894,0.03950297459959984,0.032192107290029526,0.06004664674401283,-0.00218321499414742,0.0,0.0,0.0,0.0,9.669800783740357e-05,0.0
adam,1258,0.4316721260547638,0.0017333758296445012,0.0024609810207039118,0.03951181098818779,0.03219623863697052,0.06002725660800934,-0.0021819560788571835,0.0,0.0,0.0,0.0,9.663627133704722e-05,0.0
adam,1259,0.43153607845306396,0.0017322843195870519,0.00245933816768229,0.03951360657811165,0.03219445422291756,0.0600103884935379,-0.0021806666627526283,0.0,0.0,0.0,0.0,9.657417831476778e-05,0.0
adam,1260,0.4313996434211731,0.0017296022269874811,0.0024577125441282988,0.03951194882392883,0.03220486268401146,0.0599949024617672,-0.0021793702617287636,0.0,0.0,0.0,0.0,9.662634693086147e-05,0.0
adam,1261,0.4312646687030792,0.0017291756812483072,0.0024560035672038794,0.03950934112071991,0.032210659235715866,0.059979572892189026,-0.002178007969632745,0.0,0.0,0.0,0.0,9.646840044297278e-05,0.0
adam,1262,0.4311336278915405,0.001726318383589387,0.0024543472100049257,0.03950214013457298,0.032223835587501526,0.05996733903884888,-0.0021767672151327133,0.0,0.0,0.0,0.0,9.650834545027465e-05,0.0
adam,1263,0.4310207664966583,0.001730005955323577,0.0024526608176529408,0.039506930857896805,0.032242272049188614,0.05994987115263939,-0.0021754754707217216,0.0,0.0,0.0,0.0,9.600156772648916e-05,0.0
adam,1264,0.43092161417007446,0.0017237160354852676,0.002451038220897317,0.03949948772788048,0.03224499896168709,0.059938348829746246,-0.002174203284084797,0.0,0.0,0.0,0.0,9.650421270634979e-05,0.0
adam,1265,0.43076324462890625,0.0017266655340790749,0.0024495983961969614,0.03951745107769966,0.032269466668367386,0.05991634353995323,-0.0021730386652052402,0.0,0.0,0.0,0.0,9.59501339821145e-05,0.0
adam,1266,0.43060123920440674,0.0017227664357051253,0.0024480768479406834,0.039520420134067535,0.032249566167593,0.05990119278430939,-0.002171791158616543,0.0,0.0,0.0,0.0,9.609288827050477e-05,0.0
adam,1267,0.4305192530155182,0.0017199368448927999,0.00244666519574821,0.03951992094516754,0.032237809151411057,0.05988714098930359,-0.002170609775930643,0.0,0.0,0.0,0.0,9.636614413466305e-05,0.0
adam,1268,0.4303722381591797,0.0017231039237231016,0.0024453646037727594,0.03953608497977257,0.03225473314523697,0.05986583232879639,-0.0021694705355912447,0.0,0.0,0.0,0.0,9.583798964740708e-05,0.0
adam,1269,0.4302302896976471,0.001720402273349464,0.002443932229653001,0.03955049812793732,0.03226768970489502,0.05984549969434738,-0.0021681981161236763,0.0,0.0,0.0,0.0,9.591062553226948e-05,0.0
adam,1270,0.430142343044281,0.0017158037517219782,0.0024424868170171976,0.039556678384542465,0.03228510916233063,0.05982834845781326,-0.002166950609534979,0.0,0.0,0.0,0.0,9.63089769356884e-05,0.0
adam,1271,0.4299812912940979,0.0017167116748169065,0.002441130578517914,0.03956671804189682,0.03231270983815193,0.059809502214193344,-0.002165817189961672,0.0,0.0,0.0,0.0,9.590844274498522e-05,0.0
adam,1272,0.4298747181892395,0.0017178943380713463,0.0024397261440753937,0.03956449404358864,0.03232337534427643,0.0597965307533741,-0.002164549194276333,0.0,0.0,0.0,0.0,9.563193452777341e-05,0.0
adam,1273,0.42973968386650085,0.0017124083824455738,0.0024384676944464445,0.039553359150886536,0.032334018498659134,0.059787627309560776,-0.0021634220611304045,0.0,0.0,0.0,0.0,9.588048851583153e-05,0.0
adam,1274,0.4296127259731293,0.0017116882372647524,0.00243702856823802,0.039551008492708206,0.03232908248901367,0.0597752146422863,-0.0021621761843562126,0.0,0.0,0.0,0.0,9.575398871675134e-05,0.0
adam,1275,0.42948800325393677,0.0017124773003160954,0.0024356236681342125,0.03955729305744171,0.03233957663178444,0.05975887179374695,-0.0021609824616461992,0.0,0.0,0.0,0.0,9.549334208713844e-05,0.0
adam,1276,0.42937442660331726,0.0017095691291615367,0.0024344101548194885,0.03956574574112892,0.03237120434641838,0.059741850942373276,-0.0021599391475319862,0.0,0.0,0.0,0.0,9.559650789014995e-05,0.0
adam,1277,0.42923322319984436,0.001707891235128045,0.0024330602027475834,0.03957618400454521,0.03237329423427582,0.05972469970583916,-0.00215880642645061,0.0,0.0,0.0,0.0,9.555095311952755e-05,0.0
adam,1278,0.42912349104881287,0.0017080216202884912,0.0024316643830388784,0.03957274183630943,0.03234624117612839,0.05971292406320572,-0.002157709328457713,0.0,0.0,0.0,0.0,9.544030035613105e-05,0.0
adam,1279,0.42899972200393677,0.001705671427771449,0.0024304015096277,0.039564620703458786,0.03234070912003517,0.05970245599746704,-0.0021567465737462044,0.0,0.0,0.0,0.0,9.547005174681544e-05,0.0
adam,1280,0.42886894941329956,0.001705254428088665,0.002429054118692875,0.039573222398757935,0.03236517682671547,0.05968501791357994,-0.0021556136198341846,0.0,0.0,0.0,0.0,9.529010276310146e-05,0.0
adam,1281,0.42875581979751587,0.0017039179801940918,0.0024276822805404663,0.03957847133278847,0.032384149730205536,0.05966876447200775,-0.002154442248865962,0.0,0.0,0.0,0.0,9.526174108032137e-05,0.0
adam,1282,0.42862576246261597,0.0017001659143716097,0.0024263064842671156,0.03956638276576996,0.032379016280174255,0.05965977534651756,-0.0021532950922846794,0.0,0.0,0.0,0.0,9.539426537230611e-05,0.0
adam,1283,0.42850208282470703,0.0017006921116262674,0.0024248252157121897,0.039566170424222946,0.03237292543053627,0.059646256268024445,-0.0021520343143492937,0.0,0.0,0.0,0.0,9.517024591332301e-05,0.0
adam,1284,0.42837366461753845,0.0017001021187752485,0.002423508558422327,0.039581384509801865,0.03239814192056656,0.059626683592796326,-0.002150850836187601,0.0,0.0,0.0,0.0,9.503349428996444e-05,0.0
adam,1285,0.428261399269104,0.0016971349250525236,0.0024223041255027056,0.039590563625097275,0.03242834657430649,0.0596093088388443,-0.0021497891284525394,0.0,0.0,0.0,0.0,9.515455894870684e-05,0.0
adam,1286,0.42812612652778625,0.0016967121046036482,0.002420858247205615,0.0395914725959301,0.03242551535367966,0.05959497019648552,-0.0021485937759280205,0.0,0.0,0.0,0.0,9.499006409896538e-05,0.0
adam,1287,0.428007036447525,0.001695482525974512,0.0024193653371185064,0.03958096727728844,0.03240445628762245,0.05958499386906624,-0.0021474394015967846,0.0,0.0,0.0,0.0,9.495707490714267e-05,0.0
adam,1288,0.42788973450660706,0.0016929472330957651,0.002418025629594922,0.03957633301615715,0.032399896532297134,0.05957263335585594,-0.0021464182063937187,0.0,0.0,0.0,0.0,9.504807530902326e-05,0.0
adam,1289,0.4277588427066803,0.0016943945083767176,0.0024166780058294535,0.03959052637219429,0.03241366147994995,0.05955251678824425,-0.0021453280933201313,0.0,0.0,0.0,0.0,9.473806858295575e-05,0.0
adam,1290,0.42763710021972656,0.0016928506083786488,0.0024153711274266243,0.039596911519765854,0.032425545156002045,0.05953530594706535,-0.0021442710421979427,0.0,0.0,0.0,0.0,9.473152022110298e-05,0.0
adam,1291,0.42751553654670715,0.0016890596598386765,0.0024139757733792067,0.03959573805332184,0.03242771327495575,0.05952103063464165,-0.0021431646309792995,0.0,0.0,0.0,0.0,9.494191181147471e-05,0.0
adam,1292,0.4273921847343445,0.0016893756110221148,0.0024124428164213896,0.039602331817150116,0.03242521733045578,0.059503745287656784,-0.0021419189870357513,0.0,0.0,0.0,0.0,9.47786247706972e-05,0.0
adam,1293,0.427257239818573,0.0016876733861863613,0.0024110886733978987,0.03959778696298599,0.03242618963122368,0.05949096009135246,-0.0021408195607364178,0.0,0.0,0.0,0.0,9.472123929299414e-05,0.0
adam,1294,0.42713767290115356,0.0016873115673661232,0.0024097070563584566,0.039595358073711395,0.032429151237010956,0.059477537870407104,-0.0021396882366389036,0.0,0.0,0.0,0.0,9.45822466746904e-05,0.0
adam,1295,0.42701607942581177,0.001687483279965818,0.002408193191513419,0.039601441472768784,0.03243102878332138,0.059461019933223724,-0.0021384803112596273,0.0,0.0,0.0,0.0,9.441754082217813e-05,0.0
adam,1296,0.42688876390457153,0.0016833654372021556,0.002406754996627569,0.03959840536117554,0.03243069723248482,0.0594480000436306,-0.0021374085918068886,0.0,0.0,0.0,0.0,9.463093738304451e-05,0.0
adam,1297,0.4267618656158447,0.0016833289992064238,0.0024052592925727367,0.03960150480270386,0.032433390617370605,0.0594320148229599,-0.0021362858824431896,0.0,0.0,0.0,0.0,9.446559124626219e-05,0.0
adam,1298,0.42663684487342834,0.001682925969362259,0.002403802936896682,0.03960796445608139,0.03244773671030998,0.05941461771726608,-0.002135168993845582,0.0,0.0,0.0,0.0,9.433158265892416e-05,0.0
adam,1299,0.4265187382698059,0.001680129673331976,0.0024023849982768297,0.03960262984037399,0.032449983060359955,0.05940205231308937,-0.0021341375540941954,0.0,0.0,0.0,0.0,9.443528688279912e-05,0.0
adam,1300,0.42639243602752686,0.0016811771783977747,0.0024008227046579123,0.03959253057837486,0.03242480382323265,0.05939129739999771,-0.002133036032319069,0.0,0.0,0.0,0.0,9.417253750143573e-05,0.0
adam,1301,0.4262651205062866,0.0016784961335361004,0.0023993339855223894,0.039585404098033905,0.032411810010671616,0.059379205107688904,-0.0021319608204066753,0.0,0.0,0.0,0.0,9.426585893379524e-05,0.0
adam,1302,0.4261343479156494,0.0016771911177784204,0.002397845033556223,0.039602067321538925,0.032432518899440765,0.059356946498155594,-0.00213076313957572,0.0,0.0,0.0,0.0,9.424533345736563e-05,0.0
adam,1303,0.4260127544403076,0.0016767384950071573,0.0023963938001543283,0.039620447903871536,0.03245891258120537,0.059334058314561844,-0.002129569184035063,0.0,0.0,0.0,0.0,9.416312241228297e-05,0.0
adam,1304,0.42588841915130615,0.0016739817801862955,0.0023949460592120886,0.03961578384041786,0.03245857357978821,0.059320807456970215,-0.00212843157351017,0.0,0.0,0.0,0.0,9.425779717275873e-05,0.0
adam,1305,0.4257631301879883,0.0016760474536567926,0.0023932878393679857,0.03961389139294624,0.03244337439537048,0.05930685997009277,-0.0021271524019539356,0.0,0.0,0.0,0.0,9.390703053213656e-05,0.0
adam,1306,0.42563381791114807,0.0016735782846808434,0.002391722984611988,0.03960641101002693,0.0324421264231205,0.05929485335946083,-0.0021259861532598734,0.0,0.0,0.0,0.0,9.394467633683234e-05,0.0
adam,1307,0.4255068898200989,0.0016722176223993301,0.002390142995864153,0.03960258513689041,0.032450102269649506,0.05928100645542145,-0.0021248015109449625,0.0,0.0,0.0,0.0,9.388000762555748e-05,0.0
adam,1308,0.42538338899612427,0.0016708059702068567,0.0023885471746325493,0.03960458189249039,0.0324619859457016,0.059264905750751495,-0.002123607322573662,0.0,0.0,0.0,0.0,9.384678560309112e-05,0.0
adam,1309,0.42526283860206604,0.0016687845345586538,0.0023869711440056562,0.039610300213098526,0.032473813742399216,0.059247490018606186,-0.0021224720403552055,0.0,0.0,0.0,0.0,9.389757906319574e-05,0.0
adam,1310,0.42514151334762573,0.0016712043434381485,0.002385308500379324,0.03962057828903198,0.032475072890520096,0.05922839418053627,-0.0021212701685726643,0.0,0.0,0.0,0.0,9.3543749244418e-05,0.0
adam,1311,0.4250156581401825,0.001666372874751687,0.0023838027846068144,0.03961047902703285,0.03247174620628357,0.05921761691570282,-0.0021201830822974443,0.0,0.0,0.0,0.0,9.381950076203793e-05,0.0
adam,1312,0.4248848557472229,0.0016662431880831718,0.002382183913141489,0.03959842026233673,0.032463688403367996,0.0592070035636425,-0.0021189898252487183,0.0,0.0,0.0,0.0,9.362173295812681e-05,0.0
adam,1313,0.42475625872612,0.0016642214031890035,0.002380561316385865,0.039586324244737625,0.03246452659368515,0.05919623002409935,-0.0021178012248128653,0.0,0.0,0.0,0.0,9.360235708300024e-05,0.0
adam,1314,0.4246327877044678,0.0016633141785860062,0.0023789687547832727,0.03958667069673538,0.03247886523604393,0.059180568903684616,-0.0021166238002479076,0.0,0.0,0.0,0.0,9.35094358283095e-05,0.0
adam,1315,0.4245125651359558,0.0016636650543659925,0.002377355471253395,0.03960169479250908,0.03249812871217728,0.05915966257452965,-0.002115401206538081,0.0,0.0,0.0,0.0,9.334326023235917e-05,0.0
adam,1316,0.42439261078834534,0.0016599806258454919,0.0023757671006023884,0.03960141912102699,0.032496895641088486,0.05914515629410744,-0.0021142771001905203,0.0,0.0,0.0,0.0,9.355844667879865e-05,0.0
adam,1317,0.4242680072784424,0.0016621806425973773,0.0023740415927022696,0.03961377963423729,0.032494839280843735,0.05912568047642708,-0.0021129949018359184,0.0,0.0,0.0,0.0,9.32249313336797e-05,0.0
adam,1318,0.4241386950016022,0.001658863853663206,0.0023724199272692204,0.03960898518562317,0.03249577805399895,0.05911276489496231,-0.0021117953583598137,0.0,0.0,0.0,0.0,9.335126378573477e-05,0.0
adam,1319,0.4240114092826843,0.0016579998191446066,0.002370741916820407,0.03959823027253151,0.0324917733669281,0.05910201743245125,-0.002110558794811368,0.0,0.0,0.0,0.0,9.322827099822462e-05,0.0
adam,1320,0.42389214038848877,0.001657653134316206,0.0023690725211054087,0.0395963229238987,0.03249969333410263,0.05908771604299545,-0.0021093294490128756,0.0,0.0,0.0,0.0,9.309097367804497e-05,0.0
adam,1321,0.4237746000289917,0.0016551916487514973,0.0023674271069467068,0.039593763649463654,0.03250173479318619,0.05907397344708443,-0.002108132466673851,0.0,0.0,0.0,0.0,9.31769100134261e-05,0.0
adam,1322,0.4236544370651245,0.001656281528994441,0.002365772845223546,0.03960922360420227,0.03252462297677994,0.05905367061495781,-0.0021069059148430824,0.0,0.0,0.0,0.0,9.291746391681954e-05,0.0
adam,1323,0.42352715134620667,0.001651923288591206,0.002364254556596279,0.03959308937191963,0.03252425789833069,0.059045858681201935,-0.0021058698184788227,0.0,0.0,0.0,0.0,9.309918823419139e-05,0.0
adam,1324,0.4234035313129425,0.0016513027949258685,0.0023626238107681274,0.039589013904333115,0.03253646567463875,0.05903314799070358,-0.0021046497859060764,0.0,0.0,0.0,0.0,9.294314077124e-05,0.0
adam,1325,0.42328357696533203,0.0016516668256372213,0.002361084334552288,0.039590492844581604,0.03255104646086693,0.05901826545596123,-0.0021034530363976955,0.0,0.0,0.0,0.0,9.271864837501198e-05,0.0
adam,1326,0.4231688678264618,0.0016487652901560068,0.002359500154852867,0.039581846445798874,0.03254636749625206,0.059007663279771805,-0.0021022981964051723,0.0,0.0,0.0,0.0,9.283552208216861e-05,0.0
adam,1327,0.4230533242225647,0.001649683341383934,0.00235779513604939,0.03959425911307335,0.03255326673388481,0.0589887909591198,-0.002101010410115123,0.0,0.0,0.0,0.0,9.262935054721311e-05,0.0
adam,1328,0.42292970418930054,0.0016465324442833662,0.0023563560098409653,0.039602771401405334,0.032569024711847305,0.05897150933742523,-0.0020998893305659294,0.0,0.0,0.0,0.0,9.276454511564225e-05,0.0
adam,1329,0.4228125512599945,0.001647316967137158,0.0023547308519482613,0.03961027413606644,0.03257334232330322,0.0589546300470829,-0.002098632976412773,0.0,0.0,0.0,0.0,9.25506537896581e-05,0.0
adam,1330,0.4227040112018585,0.001645964803174138,0.0023531122133135796,0.03962085023522377,0.03259607031941414,0.0589362271130085,-0.0020973323844373226,0.0,0.0,0.0,0.0,9.255404438590631e-05,0.0
adam,1331,0.4225873649120331,0.0016457352321594954,0.0023516870569437742,0.03960267826914787,0.032583218067884445,0.05892913043498993,-0.002096247859299183,0.0,0.0,0.0,0.0,9.23798797884956e-05,0.0
adam,1332,0.4224593937397003,0.0016424334608018398,0.0023501955438405275,0.039622776210308075,0.03261333703994751,0.05890654772520065,-0.0020949924364686012,0.0,0.0,0.0,0.0,9.254363249056041e-05,0.0
adam,1333,0.42234712839126587,0.0016439305618405342,0.0023486660793423653,0.03962527960538864,0.03261282667517662,0.05889103189110756,-0.0020937740337103605,0.0,0.0,0.0,0.0,9.227457485394552e-05,0.0
adam,1334,0.4222297668457031,0.0016406876966357231,0.002347244182601571,0.039612967520952225,0.03261294960975647,0.05888182297348976,-0.0020927288569509983,0.0,0.0,0.0,0.0,9.239087376045063e-05,0.0
adam,1335,0.42211174964904785,0.0016409677919000387,0.002345714485272765,0.03962692618370056,0.03263862058520317,0.05886214226484299,-0.0020915574859827757,0.0,0.0,0.0,0.0,9.220602078130469e-05,0.0
adam,1336,0.4219996929168701,0.0016379536828026175,0.002344222739338875,0.03962768614292145,0.032654061913490295,0.05884796380996704,-0.002090354450047016,0.0,0.0,0.0,0.0,9.23334519029595e-05,0.0
adam,1337,0.421881765127182,0.0016391240060329437,0.0023427181877195835,0.03961619734764099,0.03264344856142998,0.05883827060461044,-0.0020892310421913862,0.0,0.0,0.0,0.0,9.203751687891781e-05,0.0
adam,1338,0.42176732420921326,0.0016362483147531748,0.0023411985021084547,0.03962618485093117,0.032656479626894,0.05882042273879051,-0.0020880780648440123,0.0,0.0,0.0,0.0,9.21884347917512e-05,0.0
adam,1339,0.42165419459342957,0.0016368580982089043,0.0023396946489810944,0.039641689509153366,0.03266334906220436,0.058800626546144485,-0.0020868806168437004,0.0,0.0,0.0,0.0,9.202909132000059e-05,0.0
adam,1340,0.42153745889663696,0.0016343439929187298,0.002338277641683817,0.039635661989450455,0.032658904790878296,0.05878940224647522,-0.0020857471972703934,0.0,0.0,0.0,0.0,9.210372081724927e-05,0.0
adam,1341,0.42142707109451294,0.0016344663454219699,0.0023366871755570173,0.03964058309793472,0.032664667814970016,0.05877304449677467,-0.002084508538246155,0.0,0.0,0.0,0.0,9.197238250635564e-05,0.0
adam,1342,0.4213007986545563,0.001633167383261025,0.0023350995033979416,0.039648547768592834,0.032686747610569,0.05875542759895325,-0.0020832056179642677,0.0,0.0,0.0,0.0,9.190587297780439e-05,0.0
adam,1343,0.42118555307388306,0.0016325184842571616,0.0023335053119808435,0.03965231403708458,0.032707031816244125,0.058739542961120605,-0.002081905025988817,0.0,0.0,0.0,0.0,9.179621702060103e-05,0.0
adam,1344,0.42106351256370544,0.0016293340595439076,0.0023320168256759644,0.03964140638709068,0.0327068492770195,0.0587298721075058,-0.0020807189866900444,0.0,0.0,0.0,0.0,9.189593401970342e-05,0.0
adam,1345,0.42094680666923523,0.001629785168915987,0.002330460585653782,0.03963940218091011,0.03269948810338974,0.05871640518307686,-0.002079456113278866,0.0,0.0,0.0,0.0,9.17090947041288e-05,0.0
adam,1346,0.4208330512046814,0.0016278076218441129,0.002328877104446292,0.03965014964342117,0.03272160887718201,0.05869755148887634,-0.0020781236235052347,0.0,0.0,0.0,0.0,9.176605817629024e-05,0.0
adam,1347,0.4207272231578827,0.0016298149712383747,0.002327250549569726,0.03966143727302551,0.032745346426963806,0.05867811664938927,-0.0020767985843122005,0.0,0.0,0.0,0.0,9.145585499936715e-05,0.0
adam,1348,0.4206363558769226,0.0016239937394857407,0.0023258249275386333,0.039649538695812225,0.03274638578295708,0.0586690828204155,-0.002075705211609602,0.0,0.0,0.0,0.0,9.191205026581883e-05,0.0
adam,1349,0.420517235994339,0.0016296289395540953,0.0023243259638547897,0.039673324674367905,0.03275721147656441,0.05864538624882698,-0.0020744679495692253,0.0,0.0,0.0,0.0,9.126651275437325e-05,0.0
adam,1350,0.4203684329986572,0.0016247434541583061,0.0023229343350976706,0.03967878222465515,0.032773736864328384,0.05862948298454285,-0.0020732651464641094,0.0,0.0,0.0,0.0,9.147349919658154e-05,0.0
adam,1351,0.42028117179870605,0.0016219902317970991,0.0023215757682919502,0.03966512158513069,0.03277246654033661,0.05862104147672653,-0.0020721275359392166,0.0,0.0,0.0,0.0,9.163423965219408e-05,0.0
adam,1352,0.4201679527759552,0.001625332748517394,0.0023200884461402893,0.0396735742688179,0.03277907148003578,0.058603379875421524,-0.002070911228656769,0.0,0.0,0.0,0.0,9.11828174139373e-05,0.0
adam,1353,0.4200285077095032,0.0016216475050896406,0.0023187557235360146,0.03968656808137894,0.032803744077682495,0.058584704995155334,-0.0020697913132607937,0.0,0.0,0.0,0.0,9.131069964496419e-05,0.0
adam,1354,0.4199424684047699,0.0016191571485251188,0.002317379228770733,0.0396815650165081,0.032805826514959335,0.05857318267226219,-0.002068671165034175,0.0,0.0,0.0,0.0,9.14725023903884e-05,0.0
adam,1355,0.41981106996536255,0.001620753901079297,0.0023159394040703773,0.039684899151325226,0.03282080963253975,0.058557480573654175,-0.002067463006824255,0.0,0.0,0.0,0.0,9.109462553169578e-05,0.0
adam,1356,0.41970205307006836,0.0016194343334063888,0.0023145435843616724,0.039698343724012375,0.032853081822395325,0.05853761360049248,-0.002066310029476881,0.0,0.0,0.0,0.0,9.108839003602043e-05,0.0
adam,1357,0.41960087418556213,0.001615805085748434,0.0023131375201046467,0.03969459980726242,0.032844461500644684,0.058524928987026215,-0.002065259963274002,0.0,0.0,0.0,0.0,9.13554395083338e-05,0.0
adam,1358,0.4194710850715637,0.0016166374552994967,0.00231180596165359,0.03968825191259384,0.03283890336751938,0.0585130900144577,-0.0020642373710870743,0.0,0.0,0.0,0.0,9.106564539251849e-05,0.0
adam,1359,0.4193803668022156,0.001618015579879284,0.0023104939609766006,0.03969983011484146,0.032868918031454086,0.058493923395872116,-0.0020631863735616207,0.0,0.0,0.0,0.0,9.0848705440294e-05,0.0
adam,1360,0.4192551076412201,0.001613088883459568,0.0023091246839612722,0.03970460593700409,0.0328756645321846,0.05847783014178276,-0.0020621418952941895,0.0,0.0,0.0,0.0,9.116609726333991e-05,0.0
adam,1361,0.41915273666381836,0.0016122179804369807,0.002307789633050561,0.03970230370759964,0.032863616943359375,0.05846410617232323,-0.0020611281506717205,0.0,0.0,0.0,0.0,9.1175279521849e-05,0.0
adam,1362,0.41903379559516907,0.0016143237007781863,0.0023064170964062214,0.03971218690276146,0.03287707641720772,0.0584443099796772,-0.0020599947310984135,0.0,0.0,0.0,0.0,9.084460907615721e-05,0.0
adam,1363,0.41891908645629883,0.0016127971466630697,0.002305069472640753,0.039719995111227036,0.03288964182138443,0.05842573940753937,-0.002058893907815218,0.0,0.0,0.0,0.0,9.087770013138652e-05,0.0
adam,1364,0.41880640387535095,0.0016094682505354285,0.002303622430190444,0.039707086980342865,0.03286119922995567,0.05841580033302307,-0.0020577963441610336,0.0,0.0,0.0,0.0,9.109814709518105e-05,0.0
adam,1365,0.4186928868293762,0.0016098017804324627,0.002302214503288269,0.03970726951956749,0.032848525792360306,0.05840018764138222,-0.0020566661842167377,0.0,0.0,0.0,0.0,9.097663132706657e-05,0.0
adam,1366,0.41857826709747314,0.0016102971276268363,0.0023009725846350193,0.03973383456468582,0.03288544341921806,0.05837392061948776,-0.0020555593073368073,0.0,0.0,0.0,0.0,9.083522309083492e-05,0.0
adam,1367,0.41846907138824463,0.0016090841963887215,0.002299595857039094,0.039748433977365494,0.03290329873561859,0.05835290625691414,-0.002054471056908369,0.0,0.0,0.0,0.0,9.086801583180204e-05,0.0
adam,1368,0.418355792760849,0.0016080718487501144,0.00229814019985497,0.03973456844687462,0.032875075936317444,0.05834323540329933,-0.002053414937108755,0.0,0.0,0.0,0.0,9.085213969228789e-05,0.0
adam,1369,0.4182438850402832,0.00160694750957191,0.002296845428645611,0.03972518444061279,0.03286469355225563,0.05833141505718231,-0.0020524084102362394,0.0,0.0,0.0,0.0,9.083560871658847e-05,0.0
adam,1370,0.41813722252845764,0.00160579988732934,0.002295530866831541,0.039740581065416336,0.03289145231246948,0.05830974876880646,-0.0020513383205980062,0.0,0.0,0.0,0.0,9.085847705136985e-05,0.0
adam,1371,0.4180228114128113,0.0016051975544542074,0.002294114325195551,0.03973938524723053,0.03289399668574333,0.058295030146837234,-0.0020503862760961056,0.0,0.0,0.0,0.0,9.078075527213514e-05,0.0
adam,1372,0.4179078936576843,0.0016045395750552416,0.002292710356414318,0.03973385691642761,0.03287326544523239,0.05828065425157547,-0.0020493774209171534,0.0,0.0,0.0,0.0,9.076543210539967e-05,0.0
adam,1373,0.4177923798561096,0.0016038552857935429,0.0022913175635039806,0.0397498719394207,0.032878126949071884,0.05825777351856232,-0.002048296155408025,0.0,0.0,0.0,0.0,9.07826324691996e-05,0.0
adam,1374,0.4176804721355438,0.0016043521463871002,0.0022899098694324493,0.03978222981095314,0.03289696201682091,0.05822853744029999,-0.0020471648313105106,0.0,0.0,0.0,0.0,9.072854300029576e-05,0.0
adam,1375,0.4175662100315094,0.001603338518179953,0.0022884481586515903,0.03978721797466278,0.032893020659685135,0.05821062624454498,-0.002046029083430767,0.0,0.0,0.0,0.0,9.074620174942538e-05,0.0
adam,1376,0.41745278239250183,0.0016003090422600508,0.0022869822569191456,0.03976573795080185,0.03286980092525482,0.05820395424962044,-0.0020449133589863777,0.0,0.0,0.0,0.0,9.088760270969942e-05,0.0
adam,1377,0.41734129190444946,0.0016007989179342985,0.0022854756098240614,0.03976738452911377,0.032867394387722015,0.05818786844611168,-0.0020437417551875114,0.0,0.0,0.0,0.0,9.073787805391476e-05,0.0
adam,1378,0.4172286093235016,0.0016012833220884204,0.002284025074914098,0.0397891029715538,0.03288817033171654,0.05816354230046272,-0.0020426157861948013,0.0,0.0,0.0,0.0,9.062095341505483e-05,0.0
adam,1379,0.41711661219596863,0.0016003194032236934,0.0022824592888355255,0.039806295186281204,0.03289955481886864,0.05814144015312195,-0.002041451632976532,0.0,0.0,0.0,0.0,9.06471032067202e-05,0.0
adam,1380,0.41700780391693115,0.0015970019157975912,0.0022810297086834908,0.03979208320379257,0.03288602456450462,0.05813268944621086,-0.0020404402166604996,0.0,0.0,0.0,0.0,9.082793985726312e-05,0.0
adam,1381,0.4169025123119354,0.0015976221766322851,0.0022795465774834156,0.03978753834962845,0.0328819639980793,0.05812019854784012,-0.0020393021404743195,0.0,0.0,0.0,0.0,9.064423647942021e-05,0.0
adam,1382,0.41680553555488586,0.0015958829317241907,0.0022782047744840384,0.03979721665382385,0.032895661890506744,0.05810133367776871,-0.002038213424384594,0.0,0.0,0.0,0.0,9.075563866645098e-05,0.0
adam,1383,0.41671237349510193,0.0016003807540982962,0.0022765430621802807,0.039819031953811646,0.03290102258324623,0.05807764455676079,-0.0020368648692965508,0.0,0.0,0.0,0.0,9.03277104953304e-05,0.0
adam,1384,0.4165830910205841,0.0015935313422232866,0.00227536354213953,0.03979986160993576,0.0328938364982605,0.05807143822312355,-0.002035935176536441,0.0,0.0,0.0,0.0,9.07474968698807e-05,0.0
adam,1385,0.41645511984825134,0.0015931716188788414,0.0022740084677934647,0.03980337828397751,0.03289514034986496,0.05805622786283493,-0.002034843433648348,0.0,0.0,0.0,0.0,9.060009324457496e-05,0.0
adam,1386,0.41637158393859863,0.0015954256523400545,0.0022726240567862988,0.03982344642281532,0.032914500683546066,0.0580345056951046,-0.0020336571615189314,0.0,0.0,0.0,0.0,9.036706615006551e-05,0.0
adam,1387,0.4162733554840088,0.001591655658558011,0.0022714745718985796,0.03982815146446228,0.03293571621179581,0.05801941081881523,-0.0020326473750174046,0.0,0.0,0.0,0.0,9.060825686901808e-05,0.0
adam,1388,0.4161384701728821,0.0015913777751848102,0.0022700480185449123,0.039831820875406265,0.03293490409851074,0.05800461396574974,-0.0020314790308475494,0.0,0.0,0.0,0.0,9.04272819752805e-05,0.0
adam,1389,0.41605982184410095,0.0015918952412903309,0.0022686582524329424,0.039822448045015335,0.03292715549468994,0.05799490585923195,-0.0020303826313465834,0.0,0.0,0.0,0.0,9.03159161680378e-05,0.0
adam,1390,0.4159550666809082,0.0015872593503445387,0.002267507603392005,0.0398140512406826,0.032945532351732254,0.0579850934445858,-0.0020294561982154846,0.0,0.0,0.0,0.0,9.05712804524228e-05,0.0
adam,1391,0.41583284735679626,0.001587900915183127,0.0022661148104816675,0.039829157292842865,0.03296562656760216,0.05796591565012932,-0.0020283302292227745,0.0,0.0,0.0,0.0,9.033818787429482e-05,0.0
adam,1392,0.41574612259864807,0.001590083702467382,0.0022647182922810316,0.039826899766922,0.03297378867864609,0.05795346572995186,-0.0020271725952625275,0.0,0.0,0.0,0.0,9.002540173241869e-05,0.0
adam,1393,0.41563406586647034,0.0015851062489673495,0.0022634139750152826,0.0398116298019886,0.03297927975654602,0.05794692784547806,-0.0020261025056242943,0.0,0.0,0.0,0.0,9.028210479300469e-05,0.0
adam,1394,0.41551947593688965,0.0015837005339562893,0.002262225141748786,0.03980487957596779,0.03299536928534508,0.057936638593673706,-0.0020250896923244,0.0,0.0,0.0,0.0,9.019114804686978e-05,0.0
adam,1395,0.4154207706451416,0.0015850013587623835,0.002260915469378233,0.03982141613960266,0.03301826864480972,0.05791691690683365,-0.002023981884121895,0.0,0.0,0.0,0.0,8.996961696539074e-05,0.0
adam,1396,0.41531872749328613,0.0015825291629880667,0.0022595806512981653,0.03983001410961151,0.03302016109228134,0.05790075659751892,-0.0020228892099112272,0.0,0.0,0.0,0.0,9.012225200422108e-05,0.0
adam,1397,0.41520899534225464,0.0015822001732885838,0.0022584248799830675,0.03981948643922806,0.03300483524799347,0.05789225175976753,-0.0020219353027641773,0.0,0.0,0.0,0.0,8.999205601867288e-05,0.0
adam,1398,0.41510650515556335,0.0015823852736502886,0.002257248153910041,0.03981691598892212,0.033013030886650085,0.05788050591945648,-0.0020209155045449734,0.0,0.0,0.0,0.0,8.981522114481777e-05,0.0
adam,1399,0.41500920057296753,0.001579495845362544,0.0022559307981282473,0.039823394268751144,0.03303888067603111,0.05786499008536339,-0.0020197490230202675,0.0,0.0,0.0,0.0,8.99635924724862e-05,0.0
adam,1400,0.41489723324775696,0.0015794031787663698,0.0022546055261045694,0.03982904180884361,0.03305191919207573,0.057849228382110596,-0.002018609317019582,0.0,0.0,0.0,0.0,8.981938299257308e-05,0.0
adam,1401,0.4148004949092865,0.0015800425317138433,0.002253325656056404,0.03982735052704811,0.03305712714791298,0.05783635750412941,-0.00201756926253438,0.0,0.0,0.0,0.0,8.96401033969596e-05,0.0
adam,1402,0.41468945145606995,0.0015774602070450783,0.002252086065709591,0.03982120007276535,0.03307058662176132,0.05782502144575119,-0.0020164749585092068,0.0,0.0,0.0,0.0,8.970075577963144e-05,0.0
adam,1403,0.41458064317703247,0.0015767571749165654,0.0022508169058710337,0.03981965780258179,0.03308367729187012,0.05781189724802971,-0.0020153443329036236,0.0,0.0,0.0,0.0,8.960063860286027e-05,0.0
adam,1404,0.4144776463508606,0.0015758736990392208,0.002249555429443717,0.03981660306453705,0.033086806535720825,0.05779918283224106,-0.0020142486318945885,0.0,0.0,0.0,0.0,8.95581251825206e-05,0.0
adam,1405,0.41436925530433655,0.0015746112912893295,0.002248276025056839,0.03981728479266167,0.03308651223778725,0.05778460204601288,-0.002013137564063072,0.0,0.0,0.0,0.0,8.956583042163402e-05,0.0
adam,1406,0.4142640233039856,0.0015758101362735033,0.0022469621617347,0.03983171656727791,0.03309526666998863,0.05776427686214447,-0.002011957112699747,0.0,0.0,0.0,0.0,8.93803226063028e-05,0.0
adam,1407,0.41415584087371826,0.0015736224595457315,0.0022457053419202566,0.03983674198389053,0.033107396215200424,0.057748034596443176,-0.002010853961110115,0.0,0.0,0.0,0.0,8.94698896445334e-05,0.0
adam,1408,0.41405147314071655,0.0015713665634393692,0.0022444340866059065,0.03983054310083389,0.03310954198241234,0.05773628130555153,-0.0020098350942134857,0.0,0.0,0.0,0.0,8.955360681284219e-05,0.0
adam,1409,0.41394758224487305,0.0015724014956504107,0.002243081107735634,0.039832428097724915,0.03311387076973915,0.05772089958190918,-0.0020087743178009987,0.0,0.0,0.0,0.0,8.934666402637959e-05,0.0
adam,1410,0.41383907198905945,0.001570768654346466,0.0022417535074055195,0.03984403982758522,0.03313145041465759,0.057701416313648224,-0.0020076772198081017,0.0,0.0,0.0,0.0,8.94057156983763e-05,0.0
adam,1411,0.41373205184936523,0.0015715921763330698,0.0022403807379305363,0.03985989838838577,0.033147793263196945,0.05767997354269028,-0.002006515394896269,0.0,0.0,0.0,0.0,8.924958092393354e-05,0.0
adam,1412,0.4136205017566681,0.001571085536852479,0.002238944638520479,0.039860498160123825,0.03314651548862457,0.05766427516937256,-0.0020054050255566835,0.0,0.0,0.0,0.0,8.919273386709392e-05,0.0
adam,1413,0.4135124683380127,0.0015684009995311499,0.0022375795524567366,0.03984874486923218,0.03314479440450668,0.05765371397137642,-0.002004351234063506,0.0,0.0,0.0,0.0,8.930953481467441e-05,0.0
adam,1414,0.41340458393096924,0.0015686603728681803,0.0022361946757882833,0.039849672466516495,0.033156950026750565,0.05763790011405945,-0.0020032310858368874,0.0,0.0,0.0,0.0,8.915778016671538e-05,0.0
adam,1415,0.4132945239543915,0.0015655753668397665,0.0022347618360072374,0.039856694638729095,0.03317156434059143,0.05761989951133728,-0.0020020531956106424,0.0,0.0,0.0,0.0,8.934980724006891e-05,0.0
adam,1416,0.4131821095943451,0.0015676559414714575,0.0022332645021378994,0.03986767306923866,0.03317692130804062,0.05760005861520767,-0.0020008538849651814,0.0,0.0,0.0,0.0,8.90606315806508e-05,0.0
adam,1417,0.4130706489086151,0.0015672380104660988,0.002231899183243513,0.03986663743853569,0.033180978149175644,0.05758519098162651,-0.0019998042844235897,0.0,0.0,0.0,0.0,8.897250518202782e-05,0.0
adam,1418,0.41296282410621643,0.0015661080833524466,0.0022304903250187635,0.03986804559826851,0.03318915143609047,0.057569533586502075,-0.0019987220875918865,0.0,0.0,0.0,0.0,8.896580402506515e-05,0.0
adam,1419,0.4128538966178894,0.0015655630268156528,0.0022289957851171494,0.03987427055835724,0.033195506781339645,0.05755218490958214,-0.001997543964534998,0.0,0.0,0.0,0.0,8.891811012290418e-05,0.0
adam,1420,0.4127482771873474,0.0015630380949005485,0.002227596240118146,0.03987392038106918,0.03319936990737915,0.05753771960735321,-0.0019964221864938736,0.0,0.0,0.0,0.0,8.905217691790313e-05,0.0
adam,1421,0.41264426708221436,0.0015646475367248058,0.0022261415142565966,0.03988061100244522,0.033204905688762665,0.05752002075314522,-0.0019952512811869383,0.0,0.0,0.0,0.0,8.88119320734404e-05,0.0
adam,1422,0.41253751516342163,0.001560518518090248,0.002224667463451624,0.03988897055387497,0.033218856900930405,0.05750181898474693,-0.001994097139686346,0.0,0.0,0.0,0.0,8.912139310268685e-05,0.0
adam,1423,0.4124259054660797,0.0015637802425771952,0.0022231906186789274,0.0399036705493927,0.03323082625865936,0.05748086795210838,-0.001992897829040885,0.0,0.0,0.0,0.0,8.871098543750122e-05,0.0
adam,1424,0.41230782866477966,0.0015603951178491116,0.0022218425292521715,0.03989867493510246,0.033236291259527206,0.05746835097670555,-0.0019918240141123533,0.0,0.0,0.0,0.0,8.886442810762674e-05,0.0
adam,1425,0.41219422221183777,0.001559490687213838,0.002220351481810212,0.03989739343523979,0.03323470428586006,0.05745434761047363,-0.0019906647503376007,0.0,0.0,0.0,0.0,8.881723624654114e-05,0.0
adam,1426,0.4120919704437256,0.0015595760196447372,0.0022189002484083176,0.03989985212683678,0.033241160213947296,0.05743866786360741,-0.001989516196772456,0.0,0.0,0.0,0.0,8.870934107108042e-05,0.0
adam,1427,0.4119909107685089,0.0015569932293146849,0.002217535860836506,0.039908796548843384,0.0332629419863224,0.05742057412862778,-0.0019883704371750355,0.0,0.0,0.0,0.0,8.886146679287776e-05,0.0
adam,1428,0.4118814170360565,0.0015599997714161873,0.002216055290773511,0.03992696478962898,0.03327518329024315,0.057398878037929535,-0.0019871292170137167,0.0,0.0,0.0,0.0,8.848723518894985e-05,0.0
adam,1429,0.41176438331604004,0.0015558896120637655,0.0022146939300000668,0.039925795048475266,0.033278826624155045,0.05738547071814537,-0.0019860221073031425,0.0,0.0,0.0,0.0,8.872670150594786e-05,0.0
adam,1430,0.41165682673454285,0.0015540958847850561,0.0022132964804768562,0.03993137553334236,0.03329078108072281,0.057369183748960495,-0.0019848551601171494,0.0,0.0,0.0,0.0,8.877887012204155e-05,0.0
adam,1431,0.41155973076820374,0.0015567485243082047,0.002211878541857004,0.0399339385330677,0.0332917757332325,0.05735384300351143,-0.001983712427318096,0.0,0.0,0.0,0.0,8.843828254612163e-05,0.0
adam,1432,0.4114503860473633,0.0015528184594586492,0.0022104561794549227,0.03992262855172157,0.03328990936279297,0.05734434723854065,-0.0019826849456876516,0.0,0.0,0.0,0.0,8.86569541762583e-05,0.0
adam,1433,0.4113360047340393,0.0015532069373875856,0.0022089267149567604,0.03993680700659752,0.0333070233464241,0.05732427537441254,-0.0019815112464129925,0.0,0.0,0.0,0.0,8.849942241795361e-05,0.0
adam,1434,0.4112303853034973,0.001552804373204708,0.0022074992302805185,0.03993893042206764,0.033307041972875595,0.05730918422341347,-0.0019803973846137524,0.0,0.0,0.0,0.0,8.843513205647469e-05,0.0
adam,1435,0.41112273931503296,0.0015508721116930246,0.002206017728894949,0.03993721306324005,0.03331317752599716,0.05729556083679199,-0.001979250693693757,0.0,0.0,0.0,0.0,8.848740253597498e-05,0.0
adam,1436,0.41102126240730286,0.0015520444139838219,0.0022044749930500984,0.03994685411453247,0.03333263471722603,0.0572771281003952,-0.001978053478524089,0.0,0.0,0.0,0.0,8.827225974528119e-05,0.0
adam,1437,0.4109134376049042,0.0015493662795051932,0.002203085459768772,0.03993791341781616,0.03332512080669403,0.057266779243946075,-0.0019769794307649136,0.0,0.0,0.0,0.0,8.839255315251648e-05,0.0
adam,1438,0.41080334782600403,0.0015488393837586045,0.0022016088478267193,0.039946094155311584,0.03333177790045738,0.05724924057722092,-0.001975810853764415,0.0,0.0,0.0,0.0,8.833689207676798e-05,0.0
adam,1439,0.41070032119750977,0.00154854916036129,0.002200234914198518,0.039958808571100235,0.033352967351675034,0.057229749858379364,-0.0019747549667954445,0.0,0.0,0.0,0.0,8.826919656712562e-05,0.0
adam,1440,0.4105939567089081,0.001547961845062673,0.0021988358348608017,0.0399559885263443,0.033350519835948944,0.05721680447459221,-0.0019737216643989086,0.0,0.0,0.0,0.0,8.820265793474391e-05,0.0
adam,1441,0.41049396991729736,0.0015480192378163338,0.0021973459515720606,0.03995279595255852,0.03335253521800041,0.05720368027687073,-0.0019725714810192585,0.0,0.0,0.0,0.0,8.808608981780708e-05,0.0
adam,1442,0.4103868901729584,0.0015444755554199219,0.0021958828438073397,0.03996086120605469,0.033377498388290405,0.0571853443980217,-0.001971352379769087,0.0,0.0,0.0,0.0,8.831290324451402e-05,0.0
adam,1443,0.41027718782424927,0.0015462220180779696,0.002194290980696678,0.03996240347623825,0.03337310254573822,0.05716969817876816,-0.001970093697309494,0.0,0.0,0.0,0.0,8.804099343251437e-05,0.0
adam,1444,0.4101710319519043,0.0015442034928128123,0.002192828571423888,0.03996218368411064,0.03338496387004852,0.05715496838092804,-0.0019689020700752735,0.0,0.0,0.0,0.0,8.810841245576739e-05,0.0
adam,1445,0.4100657105445862,0.0015440413262695074,0.002191334031522274,0.03996285796165466,0.03339327499270439,0.05713967606425285,-0.0019677365198731422,0.0,0.0,0.0,0.0,8.80084844538942e-05,0.0
adam,1446,0.4099600613117218,0.0015427472535520792,0.0021896588150411844,0.03998451307415962,0.03340885415673256,0.05711633339524269,-0.001966382609680295,0.0,0.0,0.0,0.0,8.808892744127661e-05,0.0
adam,1447,0.4098488986492157,0.0015427287435159087,0.0021882420405745506,0.039979852735996246,0.03340401127934456,0.05710363760590553,-0.0019652596674859524,0.0,0.0,0.0,0.0,8.795484609436244e-05,0.0
adam,1448,0.4097486138343811,0.0015412878710776567,0.002186784753575921,0.039971500635147095,0.03340467810630798,0.05709235370159149,-0.001964110881090164,0.0,0.0,0.0,0.0,8.797166810836643e-05,0.0
adam,1449,0.4096451997756958,0.0015409686602652073,0.0021851276978850365,0.03998933359980583,0.03342791274189949,0.05707027390599251,-0.001962793292477727,0.0,0.0,0.0,0.0,8.793215965852141e-05,0.0
adam,1450,0.4095381200313568,0.001540680881589651,0.0021836403757333755,0.03999119997024536,0.03344126418232918,0.05705445632338524,-0.001961642410606146,0.0,0.0,0.0,0.0,8.783332305029035e-05,0.0
adam,1451,0.40943968296051025,0.0015387157909572124,0.002182232914492488,0.03998061269521713,0.033439308404922485,0.057044096291065216,-0.001960545778274536,0.0,0.0,0.0,0.0,8.790461288299412e-05,0.0
adam,1452,0.4093362092971802,0.0015404203440994024,0.0021806571166962385,0.03999437391757965,0.03345495089888573,0.057023655623197556,-0.0019592647440731525,0.0,0.0,0.0,0.0,8.766217797528952e-05,0.0
adam,1453,0.4092457890510559,0.0015368148451671004,0.0021792477928102016,0.03999440371990204,0.03346957266330719,0.057009339332580566,-0.0019581634551286697,0.0,0.0,0.0,0.0,8.792673179414123e-05,0.0
adam,1454,0.40915483236312866,0.0015417690156027675,0.002177834277972579,0.0399961918592453,0.03347279876470566,0.05699370801448822,-0.0019570421427488327,0.0,0.0,0.0,0.0,8.737772441236302e-05,0.0
adam,1455,0.4090319871902466,0.0015352715272456408,0.002176540670916438,0.039980702102184296,0.03346821665763855,0.05698598921298981,-0.0019560218788683414,0.0,0.0,0.0,0.0,8.779462950769812e-05,0.0
adam,1456,0.4089115560054779,0.0015345840947702527,0.0021751918829977512,0.040003702044487,0.033503029495477676,0.05696229264140129,-0.0019548963755369186,0.0,0.0,0.0,0.0,8.772265573497862e-05,0.0
adam,1457,0.4088391959667206,0.0015386336017400026,0.0021738200448453426,0.040012434124946594,0.03350652754306793,0.05694448575377464,-0.0019537811167538166,0.0,0.0,0.0,0.0,8.734577568247914e-05,0.0
adam,1458,0.408730149269104,0.0015345111023634672,0.0021726100239902735,0.03999452292919159,0.033496953547000885,0.056938186287879944,-0.0019527911208570004,0.0,0.0,0.0,0.0,8.756439638091251e-05,0.0
adam,1459,0.40861278772354126,0.0015337883960455656,0.002171348314732313,0.040000833570957184,0.033522829413414,0.056921251118183136,-0.0019517424516379833,0.0,0.0,0.0,0.0,8.745318336877972e-05,0.0
adam,1460,0.40854087471961975,0.0015353038907051086,0.002169984858483076,0.04000457748770714,0.033535923808813095,0.0569051057100296,-0.001950661651790142,0.0,0.0,0.0,0.0,8.729274850338697e-05,0.0
adam,1461,0.40842491388320923,0.0015304726548492908,0.0021687352564185858,0.03999456390738487,0.03353961557149887,0.05689533054828644,-0.0019496709574013948,0.0,0.0,0.0,0.0,8.756786701269448e-05,0.0
adam,1462,0.408317893743515,0.001530489418655634,0.0021674970630556345,0.03999282792210579,0.03355632349848747,0.056881435215473175,-0.0019486279925331473,0.0,0.0,0.0,0.0,8.740681369090453e-05,0.0
adam,1463,0.40823209285736084,0.001533518428914249,0.002166150137782097,0.03999398276209831,0.03355757147073746,0.05686617270112038,-0.001947531825862825,0.0,0.0,0.0,0.0,8.706726657692343e-05,0.0
adam,1464,0.4081152677536011,0.0015292724128812551,0.002164883306249976,0.040006592869758606,0.03358796238899231,0.05684676021337509,-0.0019464659271761775,0.0,0.0,0.0,0.0,8.732645801501349e-05,0.0
adam,1465,0.4080210030078888,0.0015282613458111882,0.002163587836548686,0.0400124117732048,0.03358893468976021,0.05683017522096634,-0.0019454227294772863,0.0,0.0,0.0,0.0,8.737492316868156e-05,0.0
adam,1466,0.4079252779483795,0.00153038976714015,0.0021622993517667055,0.03999989107251167,0.03356444835662842,0.05682066082954407,-0.0019444446079432964,0.0,0.0,0.0,0.0,8.708882523933426e-05,0.0
adam,1467,0.40781739354133606,0.001527576008811593,0.0021610043477267027,0.0400039479136467,0.03358984738588333,0.056804411113262177,-0.0019433964043855667,0.0,0.0,0.0,0.0,8.721343328943476e-05,0.0
adam,1468,0.40772485733032227,0.0015267885755747557,0.002159565920010209,0.04001854360103607,0.03360859304666519,0.056784141808748245,-0.001942196860909462,0.0,0.0,0.0,0.0,8.724462531972677e-05,0.0
adam,1469,0.4076246917247772,0.0015289289876818657,0.0021582450717687607,0.040012892335653305,0.03359181806445122,0.05677195265889168,-0.0019411444664001465,0.0,0.0,0.0,0.0,8.695298311067745e-05,0.0
adam,1470,0.40752407908439636,0.0015264323446899652,0.0021571055985987186,0.03999727591872215,0.03359484672546387,0.05676380172371864,-0.0019402769394218922,0.0,0.0,0.0,0.0,8.703338244231418e-05,0.0
adam,1471,0.40743231773376465,0.0015237708576023579,0.002155771479010582,0.039999935775995255,0.03360491991043091,0.05674845352768898,-0.0019392941612750292,0.0,0.0,0.0,0.0,8.722070924704894e-05,0.0
adam,1472,0.40732407569885254,0.0015252809971570969,0.0021543013863265514,0.04001406952738762,0.03360240161418915,0.056728050112724304,-0.0019381161546334624,0.0,0.0,0.0,0.0,8.702275954419747e-05,0.0
adam,1473,0.4072275459766388,0.0015261289663612843,0.002152979839593172,0.040023986250162125,0.03361349180340767,0.056709568947553635,-0.0019370074151083827,0.0,0.0,0.0,0.0,8.687613444635645e-05,0.0
adam,1474,0.40712770819664,0.0015228469856083393,0.0021517453715205193,0.04001995921134949,0.03363034874200821,0.05669683218002319,-0.0019359528087079525,0.0,0.0,0.0,0.0,8.705449727131054e-05,0.0
adam,1475,0.40702569484710693,0.0015214825980365276,0.0021503842435777187,0.04002019762992859,0.033634815365076065,0.056681763380765915,-0.0019348433706909418,0.0,0.0,0.0,0.0,8.709184476174414e-05,0.0
adam,1476,0.4069279730319977,0.0015222602523863316,0.0021489548962563276,0.040038228034973145,0.033642396330833435,0.0566595233976841,-0.001933697727508843,0.0,0.0,0.0,0.0,8.700026228325441e-05,0.0
adam,1477,0.40683096647262573,0.0015215667663142085,0.0021475940011441708,0.040046870708465576,0.03365102782845497,0.05664150416851044,-0.0019326001638546586,0.0,0.0,0.0,0.0,8.700704347575083e-05,0.0
adam,1478,0.4067264199256897,0.0015216127503663301,0.002146269893273711,0.040036726742982864,0.0336548313498497,0.056630901992321014,-0.0019315569661557674,0.0,0.0,0.0,0.0,8.68464121595025e-05,0.0
adam,1479,0.40663254261016846,0.001521072001196444,0.0021449262276291847,0.040034208446741104,0.03367256000638008,0.05661693215370178,-0.001930490368977189,0.0,0.0,0.0,0.0,8.678578888066113e-05,0.0
adam,1480,0.4065321385860443,0.001519280718639493,0.0021434728987514973,0.0400552973151207,0.033696938306093216,0.05659382417798042,-0.0019292749930173159,0.0,0.0,0.0,0.0,8.691021503182128e-05,0.0
adam,1481,0.4064297080039978,0.0015192413702607155,0.00214199791662395,0.04006209596991539,0.03368428349494934,0.05657651275396347,-0.0019281127024441957,0.0,0.0,0.0,0.0,8.68756978888996e-05,0.0
adam,1482,0.40632814168930054,0.0015198934124782681,0.0021405962761491537,0.04006629064679146,0.033672939985990524,0.05655889958143234,-0.0019269835902377963,0.0,0.0,0.0,0.0,8.678322774358094e-05,0.0
adam,1483,0.40622639656066895,0.0015169945545494556,0.002139237243682146,0.04006066173315048,0.03367285802960396,0.05654565989971161,-0.0019259213004261255,0.0,0.0,0.0,0.0,8.69689101818949e-05,0.0
adam,1484,0.4061329662799835,0.0015184625517576933,0.002137715695425868,0.04007609561085701,0.0337018258869648,0.05652357265353203,-0.001924685901030898,0.0,0.0,0.0,0.0,8.677611913299188e-05,0.0
adam,1485,0.40605875849723816,0.0015163419302552938,0.0021363506093621254,0.040068939328193665,0.03370820730924606,0.056510526686906815,-0.0019236673833802342,0.0,0.0,0.0,0.0,8.696111763129011e-05,0.0
adam,1486,0.4059704840183258,0.0015214786399155855,0.0021348476875573397,0.04009411484003067,0.03373073413968086,0.05648510158061981,-0.0019223833223804832,0.0,0.0,0.0,0.0,8.64663888933137e-05,0.0
adam,1487,0.40584680438041687,0.0015150151448324323,0.0021336902864277363,0.040080565959215164,0.03372203931212425,0.056476570665836334,-0.0019214617786929011,0.0,0.0,0.0,0.0,8.689534297445789e-05,0.0
adam,1488,0.40573665499687195,0.0015145400539040565,0.002132439287379384,0.040083929896354675,0.03373191878199577,0.05646085739135742,-0.0019204200943931937,0.0,0.0,0.0,0.0,8.680739119881764e-05,0.0
adam,1489,0.4056782126426697,0.0015181731432676315,0.002131065586581826,0.04009528458118439,0.03374992311000824,0.05644160881638527,-0.0019192892359569669,0.0,0.0,0.0,0.0,8.650241943541914e-05,0.0
adam,1490,0.40556541085243225,0.0015127194346860051,0.0021298739593476057,0.04008563980460167,0.033751342445611954,0.05643153190612793,-0.0019183865515515208,0.0,0.0,0.0,0.0,8.68597489898093e-05,0.0
adam,1491,0.4054611921310425,0.0015126315411180258,0.002128568012267351,0.040098827332258224,0.03377000242471695,0.05641217157244682,-0.001917351852171123,0.0,0.0,0.0,0.0,8.677046571392566e-05,0.0
adam,1492,0.4053754508495331,0.0015157721936702728,0.002127228071913123,0.04010263457894325,0.03376224637031555,0.05639659985899925,-0.0019163211109116673,0.0,0.0,0.0,0.0,8.644037006888539e-05,0.0
adam,1493,0.4052610695362091,0.0015123446937650442,0.002125953324139118,0.04009708762168884,0.03376299887895584,0.05638521537184715,-0.0019153639441356063,0.0,0.0,0.0,0.0,8.660370076540858e-05,0.0
adam,1494,0.4051852226257324,0.0015101316384971142,0.0021246906835585833,0.04009941220283508,0.033771924674510956,0.05637083575129509,-0.0019144057296216488,0.0,0.0,0.0,0.0,8.6786545580253e-05,0.0
adam,1495,0.4050742983818054,0.0015121109317988157,0.0021233828738331795,0.04010291397571564,0.03376854583621025,0.05635625496506691,-0.0019134206231683493,0.0,0.0,0.0,0.0,8.646244532428682e-05,0.0
adam,1496,0.4049851596355438,0.001511600916273892,0.0021221123170107603,0.04010017216205597,0.03377560153603554,0.05634448304772377,-0.001912437379360199,0.0,0.0,0.0,0.0,8.640341548016295e-05,0.0
adam,1497,0.40489232540130615,0.0015081146266311407,0.002120833145454526,0.040091995149850845,0.033791717141866684,0.056334320455789566,-0.001911476836539805,0.0,0.0,0.0,0.0,8.659440936753526e-05,0.0
adam,1498,0.404791921377182,0.0015089679509401321,0.0021193951833993196,0.04008966684341431,0.033788252621889114,0.056321047246456146,-0.0019104505190625787,0.0,0.0,0.0,0.0,8.641042222734541e-05,0.0
adam,1499,0.4046989679336548,0.0015098029980435967,0.002117950702086091,0.0400950126349926,0.033794134855270386,0.05630474165081978,-0.001909345854073763,0.0,0.0,0.0,0.0,8.62635497469455e-05,0.0
adam,1500,0.5743545889854431,0.0064820703119039536,0.003805931657552719,0.04365513101220131,0.03755767643451691,0.05811799690127373,-0.001892715459689498,0.0,0.0,0.0,0.0,0.0001032726577250287,0.0
adam,1501,0.5674305558204651,0.006258037406951189,0.003804390551522374,0.04368646815419197,0.0374709889292717,0.05809891223907471,-0.0018919339636340737,0.0,0.0,0.0,0.0,0.00010304508759872988,0.0
adam,1502,0.5636901259422302,0.006136228330433369,0.003803285537287593,0.043733399361371994,0.03742368146777153,0.05807524174451828,-0.0018911693478003144,0.0,0.0,0.0,0.0,0.00010315419785911217,0.0
adam,1503,0.5593377351760864,0.005990228615701199,0.003802334424108267,0.04378942772746086,0.037380751222372055,0.05804968997836113,-0.0018904950702562928,0.0,0.0,0.0,0.0,0.0001036425237543881,0.0
adam,1504,0.554883599281311,0.005839930381625891,0.0038015793543308973,0.04385684058070183,0.03735039755702019,0.05801984295248985,-0.0018899632850661874,0.0,0.0,0.0,0.0,0.00010423652565805241,0.0
adam,1505,0.5504122972488403,0.005690952762961388,0.0038010335993021727,0.04393985494971275,0.03734317421913147,0.05798187851905823,-0.0018895829562097788,0.0,0.0,0.0,0.0,0.00010468634718563408,0.0
adam,1506,0.5459306836128235,0.005543833132833242,0.0038005628157407045,0.04404257610440254,0.037356846034526825,0.05793296918272972,-0.0018892595544457436,0.0,0.0,0.0,0.0,0.00010500358621357009,0.0
adam,1507,0.5415318608283997,0.005399925634264946,0.0038000792264938354,0.04415620490908623,0.037371497601270676,0.05787896737456322,-0.0018889810889959335,0.0,0.0,0.0,0.0,0.00010533288877923042,0.0
adam,1508,0.5373495817184448,0.005261532962322235,0.003799578407779336,0.04426848888397217,0.03737002611160278,0.05782751366496086,-0.0018888181075453758,0.0,0.0,0.0,0.0,0.00010583087714621797,0.0
adam,1509,0.5334241986274719,0.005129345692694187,0.0037991038989275694,0.044371213763952255,0.03734641522169113,0.057783108204603195,-0.0018888553604483604,0.0,0.0,0.0,0.0,0.00010652198398020118,0.0
adam,1510,0.5297133922576904,0.005002910271286964,0.0037988643161952496,0.04446221515536308,0.0373133160173893,0.05774629861116409,-0.0018891481449827552,0.0,0.0,0.0,0.0,0.00010727566404966637,0.0
adam,1511,0.5262961387634277,0.004885577596724033,0.0037989458069205284,0.04454782232642174,0.03729280084371567,0.05771308019757271,-0.001889609731733799,0.0,0.0,0.0,0.0,0.00010802060569403693,0.0
adam,1512,0.5241758227348328,0.004814586602151394,0.003798403311520815,0.04465052857995033,0.03725983202457428,0.057674188166856766,-0.0018895765533670783,0.0,0.0,0.0,0.0,0.00010853864660020918,0.0
adam,1513,0.5221022367477417,0.004738188348710537,0.0037980827037245035,0.04474903270602226,0.03726144880056381,0.05763693526387215,-0.0018895415123552084,0.0,0.0,0.0,0.0,0.00010965450201183558,0.0
adam,1514,0.5206297039985657,0.004679189063608646,0.0037979609332978725,0.04484559968113899,0.03728668764233589,0.057601358741521835,-0.0018895829562097788,0.0,0.0,0.0,0.0,0.00011095497757196426,0.0
adam,1515,0.5189871788024902,0.00462182704359293,0.0037979779299348593,0.04493236914277077,0.03731933608651161,0.05757111310958862,-0.0018897759728133678,0.0,0.0,0.0,0.0,0.00011144197196699679,0.0
adam,1516,0.5173268914222717,0.004569657146930695,0.003797885961830616,0.0450047105550766,0.03734862804412842,0.0575481653213501,-0.0018900150898844004,0.0,0.0,0.0,0.0,0.00011127064499305561,0.0
adam,1517,0.5156601667404175,0.004514434840530157,0.0037976312451064587,0.0450621135532856,0.03737494722008705,0.05753304064273834,-0.001890175393782556,0.0,0.0,0.0,0.0,0.00011129486665595323,0.0
adam,1518,0.5136652588844299,0.004443302750587463,0.0037972538266330957,0.04510529711842537,0.037401337176561356,0.05752507224678993,-0.001890223124064505,0.0,0.0,0.0,0.0,0.00011172980157425627,0.0
adam,1519,0.5119068026542664,0.004380696453154087,0.0037967897951602936,0.04513590782880783,0.037429530173540115,0.05752287432551384,-0.0018902163719758391,0.0,0.0,0.0,0.0,0.00011202931636944413,0.0
adam,1520,0.5099165439605713,0.004316624719649553,0.00379634159617126,0.04515477269887924,0.03746289387345314,0.05752578377723694,-0.0018902334850281477,0.0,0.0,0.0,0.0,0.00011163302406203002,0.0
adam,1521,0.5080937743186951,0.004259453155100346,0.003795949975028634,0.045165255665779114,0.03750359266996384,0.05753283575177193,-0.0018902538577094674,0.0,0.0,0.0,0.0,0.00011103834549430758,0.0
adam,1522,0.5067748427391052,0.004211610183119774,0.003796254750341177,0.04517184942960739,0.03753996640443802,0.05754123255610466,-0.0018907038029283285,0.0,0.0,0.0,0.0,0.00011118615657323971,0.0
adam,1523,0.5052990913391113,0.004151991102844477,0.003796688746660948,0.045175131410360336,0.03758518025279045,0.05755149945616722,-0.0018910806393250823,0.0,0.0,0.0,0.0,0.00011194445687578991,0.0
adam,1524,0.504170298576355,0.0041037085466086864,0.0037970850244164467,0.04518356919288635,0.03764034062623978,0.05755901336669922,-0.0018912964733317494,0.0,0.0,0.0,0.0,0.00011273595737293363,0.0
adam,1525,0.5028852820396423,0.004058295860886574,0.003797271754592657,0.04520026966929436,0.037699345499277115,0.05756165832281113,-0.0018913156818598509,0.0,0.0,0.0,0.0,0.00011277270095888525,0.0
adam,1526,0.5014783143997192,0.00401616794988513,0.003797227283939719,0.04522041603922844,0.037753403186798096,0.057562220841646194,-0.0018911599181592464,0.0,0.0,0.0,0.0,0.00011211297533009201,0.0
adam,1527,0.5002836585044861,0.003981244284659624,0.0037970796693116426,0.04523642361164093,0.03779739513993263,0.057565443217754364,-0.001890884479507804,0.0,0.0,0.0,0.0,0.00011142899165861309,0.0
adam,1528,0.49886175990104675,0.0039337631314992905,0.003796972334384918,0.045244306325912476,0.03783177584409714,0.05757388845086098,-0.0018905396573245525,0.0,0.0,0.0,0.0,0.00011119771806988865,0.0
adam,1529,0.49748027324676514,0.003884443547576666,0.0037969627883285284,0.045247986912727356,0.03786288946866989,0.05758528783917427,-0.001890154555439949,0.0,0.0,0.0,0.0,0.00011125290620839223,0.0
adam,1530,0.49628058075904846,0.0038441759534180164,0.0037970072589814663,0.045254383236169815,0.037897661328315735,0.05759499967098236,-0.0018897304544225335,0.0,0.0,0.0,0.0,0.00011102163989562541,0.0
adam,1531,0.4949178397655487,0.003805323038250208,0.0037970480043441057,0.045267507433891296,0.03793923929333687,0.05759992077946663,-0.0018892490770667791,0.0,0.0,0.0,0.0,0.00011015363270416856,0.0
adam,1532,0.49392396211624146,0.0037781083956360817,0.003797193756327033,0.045277487486600876,0.037985265254974365,0.05760776251554489,-0.0018890880746766925,0.0,0.0,0.0,0.0,0.00010930015560006723,0.0
adam,1533,0.4930466413497925,0.0037509575486183167,0.003797337180003524,0.0452897846698761,0.038031935691833496,0.057613782584667206,-0.0018888390623033047,0.0,0.0,0.0,0.0,0.00010885208757827058,0.0
adam,1534,0.4920352101325989,0.003713623620569706,0.003797460813075304,0.045301176607608795,0.038073454052209854,0.05761999636888504,-0.0018885175231844187,0.0,0.0,0.0,0.0,0.00010898601613007486,0.0
adam,1535,0.4911714196205139,0.0036791139282286167,0.003797514596953988,0.045312538743019104,0.03810575231909752,0.057625699788331985,-0.0018881575670093298,0.0,0.0,0.0,0.0,0.00010935984755633399,0.0
adam,1536,0.4902837872505188,0.003648077603429556,0.003797451499849558,0.04532914236187935,0.0381331741809845,0.0576273612678051,-0.001887770602479577,0.0,0.0,0.0,0.0,0.00010937373008346185,0.0
adam,1537,0.48929786682128906,0.003619412425905466,0.003797325072810054,0.045354705303907394,0.03816617280244827,0.05762249976396561,-0.001887342776171863,0.0,0.0,0.0,0.0,0.00010889767145272344,0.0
adam,1538,0.48845240473747253,0.0035963566042482853,0.0037972433492541313,0.04538695141673088,0.038211338222026825,0.05761260911822319,-0.001886857789941132,0.0,0.0,0.0,0.0,0.00010836838919203728,0.0
adam,1539,0.48752325773239136,0.0035665836185216904,0.0037972754798829556,0.04541752114892006,0.038262803107500076,0.05760274827480316,-0.0018863306613638997,0.0,0.0,0.0,0.0,0.00010822022159118205,0.0
adam,1540,0.4865799844264984,0.0035326993092894554,0.0037973772268742323,0.04543730616569519,0.03830389678478241,0.057598091661930084,-0.0018858090043067932,0.0,0.0,0.0,0.0,0.00010839868627954274,0.0
adam,1541,0.4857475161552429,0.0035037300549447536,0.003797418437898159,0.045442502945661545,0.03831995651125908,0.05760052055120468,-0.001885334844700992,0.0,0.0,0.0,0.0,0.0001084294926840812,0.0
adam,1542,0.4849010705947876,0.003479248844087124,0.003797319484874606,0.04542778432369232,0.03831356763839722,0.05761467292904854,-0.001884948113001883,0.0,0.0,0.0,0.0,0.00010786896746139973,0.0
adam,1543,0.48415061831474304,0.0034607197158038616,0.0037970917765051126,0.04541552811861038,0.03830929100513458,0.05762649327516556,-0.0018845027079805732,0.0,0.0,0.0,0.0,0.0001070615035132505,0.0
adam,1544,0.4834396541118622,0.0034412862733006477,0.003796833101660013,0.045413900166749954,0.03833022341132164,0.05763128772377968,-0.0018839454278349876,0.0,0.0,0.0,0.0,0.00010650940384948626,0.0
adam,1545,0.48261964321136475,0.003414119128137827,0.0037966123782098293,0.045421041548252106,0.03837873414158821,0.05763011425733566,-0.0018832958303391933,0.0,0.0,0.0,0.0,0.00010638171079335734,0.0
adam,1546,0.48190128803253174,0.003389120101928711,0.0037964233197271824,0.045428045094013214,0.0384381040930748,0.05762791633605957,-0.0018826262094080448,0.0,0.0,0.0,0.0,0.00010636779188644141,0.0
adam,1547,0.48114269971847534,0.0033661716151982546,0.0037962093483656645,0.04542391002178192,0.0384846068918705,0.05763052776455879,-0.0018820238765329123,0.0,0.0,0.0,0.0,0.00010599106462905183,0.0
adam,1548,0.48030367493629456,0.003343831282109022,0.003795958124101162,0.04540221020579338,0.038507793098688126,0.057641249150037766,-0.0018815136281773448,0.0,0.0,0.0,0.0,0.00010524559183977544,0.0
adam,1549,0.4795733094215393,0.003323646727949381,0.0037957194726914167,0.04536428675055504,0.0385175384581089,0.05765947699546814,-0.0018810529727488756,0.0,0.0,0.0,0.0,0.00010459101758897305,0.0
adam,1550,0.47877785563468933,0.003296400886029005,0.0037955183070153,0.04531781002879143,0.03853212296962738,0.057681381702423096,-0.0018805739236995578,0.0,0.0,0.0,0.0,0.0001043729207594879,0.0
adam,1551,0.47798898816108704,0.003266418818384409,0.0037952964194118977,0.04527203366160393,0.03856286033987999,0.05770231783390045,-0.0018800338730216026,0.0,0.0,0.0,0.0,0.00010442727943882346,0.0
adam,1552,0.4773308336734772,0.0032446207478642464,0.003794983495026827,0.04523725435137749,0.03858707472681999,0.057717591524124146,-0.001879486138932407,0.0,0.0,0.0,0.0,0.00010418266901979223,0.0
adam,1553,0.4766245484352112,0.003225131891667843,0.003794520627707243,0.045208677649497986,0.03862158581614494,0.05772951990365982,-0.001878895447589457,0.0,0.0,0.0,0.0,0.00010356457642046735,0.0
adam,1554,0.47598880529403687,0.003208623733371496,0.0037940002512186766,0.0451776459813118,0.03865493834018707,0.05774291977286339,-0.0018783166306093335,0.0,0.0,0.0,0.0,0.0001028674523695372,0.0
adam,1555,0.4753403663635254,0.0031886487267911434,0.003793539246544242,0.0451367124915123,0.038679443299770355,0.057761725038290024,-0.001877781469374895,0.0,0.0,0.0,0.0,0.00010242836287943646,0.0
adam,1556,0.47467681765556335,0.0031656797509640455,0.003793140407651663,0.04508865997195244,0.03870038688182831,0.05778418108820915,-0.0018772520124912262,0.0,0.0,0.0,0.0,0.0001022021533572115,0.0
adam,1557,0.4740367531776428,0.0031446353532373905,0.003792719217017293,0.04504239186644554,0.03872871771454811,0.057805415242910385,-0.0018766737775877118,0.0,0.0,0.0,0.0,0.0001018609618768096,0.0
adam,1558,0.47338348627090454,0.0031258128583431244,0.003792235627770424,0.045001737773418427,0.038768138736486435,0.05782364308834076,-0.001876047346740961,0.0,0.0,0.0,0.0,0.00010126433335244656,0.0
adam,1559,0.4727601408958435,0.0031076990999281406,0.0037917308509349823,0.044961415231227875,0.03881068900227547,0.05784229934215546,-0.0018754294142127037,0.0,0.0,0.0,0.0,0.00010068163828691468,0.0
adam,1560,0.4721047580242157,0.0030852355994284153,0.003791247261688113,0.04491472989320755,0.03884631767868996,0.057865094393491745,-0.0018748515285551548,0.0,0.0,0.0,0.0,0.00010038917389465496,0.0
adam,1561,0.4714873135089874,0.0030618933960795403,0.003790730843320489,0.04486279934644699,0.038873497396707535,0.057891033589839935,-0.0018742737593129277,0.0,0.0,0.0,0.0,0.00010029068653238937,0.0
adam,1562,0.47092294692993164,0.0030423435382544994,0.0037901797331869602,0.044807013124227524,0.038888730108737946,0.057917140424251556,-0.0018737827194854617,0.0,0.0,0.0,0.0,0.00010002424096455798,0.0
adam,1563,0.4703613221645355,0.0030255322344601154,0.0037895808927714825,0.04475453495979309,0.03890389949083328,0.05794164538383484,-0.0018732816679403186,0.0,0.0,0.0,0.0,9.951229731086642e-05,0.0
adam,1564,0.46983516216278076,0.0030095851980149746,0.003789079375565052,0.04470080882310867,0.03891707956790924,0.05796746164560318,-0.001872862922027707,0.0,0.0,0.0,0.0,9.901787416310981e-05,0.0
adam,1565,0.46926048398017883,0.002989817876368761,0.0037886998616158962,0.044643890112638474,0.0389249324798584,0.0579959936439991,-0.0018725510453805327,0.0,0.0,0.0,0.0,9.8718075605575e-05,0.0
adam,1566,0.46873733401298523,0.0029716123826801777,0.0037882791366428137,0.044589996337890625,0.03892841935157776,0.05802387744188309,-0.0018722490640357137,0.0,0.0,0.0,0.0,9.844799933489412e-05,0.0
adam,1567,0.4681980609893799,0.0029554273933172226,0.003787663532420993,0.044546447694301605,0.0389317162334919,0.05804687738418579,-0.0018718503415584564,0.0,0.0,0.0,0.0,9.798010432859883e-05,0.0
adam,1568,0.46767064929008484,0.0029404645320028067,0.0037869445513933897,0.04451143741607666,0.03893741965293884,0.05806606635451317,-0.0018713719910010695,0.0,0.0,0.0,0.0,9.746762225404382e-05,0.0
adam,1569,0.46714794635772705,0.0029228392522782087,0.0037863298784941435,0.04447680711746216,0.03894424811005592,0.058086052536964417,-0.0018709123833104968,0.0,0.0,0.0,0.0,9.722012327983975e-05,0.0
adam,1570,0.4666236340999603,0.0029029089491814375,0.0037858663126826286,0.044439006596803665,0.03894805908203125,0.058108724653720856,-0.001870522042736411,0.0,0.0,0.0,0.0,9.716713248053566e-05,0.0
adam,1571,0.4661084711551666,0.0028850920498371124,0.003785393899306655,0.044402461498975754,0.03894677758216858,0.05813152343034744,-0.0018701411318033934,0.0,0.0,0.0,0.0,9.693999163573608e-05,0.0
adam,1572,0.4656396508216858,0.002870736178010702,0.0037849126383662224,0.04436751827597618,0.03894740715622902,0.05815298855304718,-0.0018697712803259492,0.0,0.0,0.0,0.0,9.653568122303113e-05,0.0
adam,1573,0.46517252922058105,0.0028555155731737614,0.003784340573474765,0.04434127360582352,0.03895213454961777,0.05817066878080368,-0.0018693117890506983,0.0,0.0,0.0,0.0,9.625659004086629e-05,0.0
adam,1574,0.4647069275379181,0.0028384095057845116,0.003783762687817216,0.04432472586631775,0.03896739333868027,0.058184150606393814,-0.0018688032869249582,0.0,0.0,0.0,0.0,9.619358752388507e-05,0.0
adam,1575,0.4642678201198578,0.0028235875070095062,0.003783180145546794,0.044317495077848434,0.03899158164858818,0.058193501085042953,-0.001868300256319344,0.0,0.0,0.0,0.0,9.601726196706295e-05,0.0
adam,1576,0.4638071060180664,0.0028107650578022003,0.00378257199190557,0.044314708560705185,0.03901463747024536,0.05820111930370331,-0.0018678324995562434,0.0,0.0,0.0,0.0,9.558984311297536e-05,0.0
adam,1577,0.46337705850601196,0.0027981437742710114,0.003781952429562807,0.04431067407131195,0.03902893140912056,0.05820989981293678,-0.0018673848826438189,0.0,0.0,0.0,0.0,9.524865890853107e-05,0.0
adam,1578,0.46292489767074585,0.0027823715936392546,0.0037813032977283,0.044309161603450775,0.03904115781188011,0.058217793703079224,-0.0018668966367840767,0.0,0.0,0.0,0.0,9.516262070974335e-05,0.0
adam,1579,0.46249791979789734,0.002768361708149314,0.003780563361942768,0.0443195141851902,0.03906412050127983,0.0582197941839695,-0.0018663196824491024,0.0,0.0,0.0,0.0,9.502984903519973e-05,0.0
adam,1580,0.4620659649372101,0.002756528090685606,0.003779751481488347,0.04434050992131233,0.03909808397293091,0.05821649357676506,-0.001865689060650766,0.0,0.0,0.0,0.0,9.470069198869169e-05,0.0
adam,1581,0.4616377651691437,0.0027433130890130997,0.0037789589259773493,0.04435953125357628,0.03912828117609024,0.058214545249938965,-0.0018650779966264963,0.0,0.0,0.0,0.0,9.451301593799144e-05,0.0
adam,1582,0.4612436294555664,0.0027276426553726196,0.0037784473970532417,0.044365402311086655,0.039143942296504974,0.05821922421455383,-0.001864604651927948,0.0,0.0,0.0,0.0,9.463816968491301e-05,0.0
adam,1583,0.4608560800552368,0.0027144080959260464,0.0037777831312268972,0.04437536746263504,0.03915504366159439,0.05822159722447395,-0.0018640485359355807,0.0,0.0,0.0,0.0,9.458154090680182e-05,0.0
adam,1584,0.4604698717594147,0.002703974721953273,0.0037770073395222425,0.04439515992999077,0.03917348012328148,0.05821871757507324,-0.0018634083680808544,0.0,0.0,0.0,0.0,9.429678175365552e-05,0.0
adam,1585,0.46008941531181335,0.002691887319087982,0.003776302095502615,0.044416237622499466,0.03919525444507599,0.058215223252773285,-0.0018627949757501483,0.0,0.0,0.0,0.0,9.419587877346203e-05,0.0
adam,1586,0.45971134305000305,0.002678795251995325,0.0037756096571683884,0.04443342983722687,0.039208319038152695,0.05821359157562256,-0.0018622353672981262,0.0,0.0,0.0,0.0,9.42019178182818e-05,0.0
adam,1587,0.4593307375907898,0.0026688589714467525,0.0037747344467788935,0.04445352032780647,0.039213038980960846,0.058209892362356186,-0.001861640135757625,0.0,0.0,0.0,0.0,9.393147774972022e-05,0.0
adam,1588,0.4589639902114868,0.0026599839329719543,0.0037737395614385605,0.04448116943240166,0.03922249749302864,0.058201733976602554,-0.001860974938608706,0.0,0.0,0.0,0.0,9.364684228785336e-05,0.0
adam,1589,0.45857930183410645,0.0026471978053450584,0.0037727977614849806,0.04451166093349457,0.03924139216542244,0.05819167196750641,-0.0018603052012622356,0.0,0.0,0.0,0.0,9.369654435431585e-05,0.0
adam,1590,0.4582177400588989,0.0026354584842920303,0.0037718461826443672,0.04453844577074051,0.039256539195775986,0.058182794600725174,-0.0018596792360767722,0.0,0.0,0.0,0.0,9.371593478135765e-05,0.0
adam,1591,0.4578409492969513,0.00262527447193861,0.0037707816809415817,0.04455652832984924,0.03925531357526779,0.0581774078309536,-0.0018590987892821431,0.0,0.0,0.0,0.0,9.353027417091653e-05,0.0
adam,1592,0.4574964642524719,0.0026128622703254223,0.0037698904052376747,0.04457126185297966,0.03925933688879013,0.05817389488220215,-0.001858613919466734,0.0,0.0,0.0,0.0,9.363912249682471e-05,0.0
adam,1593,0.4571552574634552,0.0025993920862674713,0.0037689069285988808,0.04458880051970482,0.039270974695682526,0.05816834792494774,-0.0018580753821879625,0.0,0.0,0.0,0.0,9.387415775563568e-05,0.0
adam,1594,0.4568122327327728,0.0025894534774124622,0.00376779749058187,0.04460897669196129,0.03928648680448532,0.05816062539815903,-0.0018575032008811831,0.0,0.0,0.0,0.0,9.377147944178432e-05,0.0
adam,1595,0.4564766585826874,0.002579733729362488,0.0037667027208954096,0.044614192098379135,0.03928277641534805,0.058159492909908295,-0.0018570302054286003,0.0,0.0,0.0,0.0,9.36417345656082e-05,0.0
adam,1596,0.4561360776424408,0.002567369258031249,0.003765633562579751,0.04460461437702179,0.03926153481006622,0.058164965361356735,-0.0018566460348665714,0.0,0.0,0.0,0.0,9.372532076667994e-05,0.0
adam,1597,0.45579463243484497,0.0025573219172656536,0.003764389082789421,0.04460146650671959,0.039249058812856674,0.058166347444057465,-0.001856192946434021,0.0,0.0,0.0,0.0,9.36073629418388e-05,0.0
adam,1598,0.45546281337738037,0.0025481553748250008,0.003763015614822507,0.04460354894399643,0.03924572095274925,0.058164261281490326,-0.001855688402429223,0.0,0.0,0.0,0.0,9.345768921775743e-05,0.0
adam,1599,0.4551238715648651,0.0025354325771331787,0.003761699888855219,0.04459263011813164,0.03922776132822037,0.05816788971424103,-0.0018552910769358277,0.0,0.0,0.0,0.0,9.360948752146214e-05,0.0
adam,1600,0.45478424429893494,0.002524099312722683,0.003760361345484853,0.0445723682641983,0.039196331053972244,0.05817525461316109,-0.0018549985252320766,0.0,0.0,0.0,0.0,9.361102274851874e-05,0.0
adam,1601,0.4546809196472168,0.002520923037081957,0.003759930841624737,0.04456673189997673,0.039188504219055176,0.05817699432373047,-0.001854914939031005,0.0,0.0,0.0,0.0,9.358748502563685e-05,0.0
adam,1602,0.4545845091342926,0.0025179004296660423,0.0037595145404338837,0.04456479847431183,0.03918541967868805,0.05817709118127823,-0.001854828093200922,0.0,0.0,0.0,0.0,9.35792995733209e-05,0.0
adam,1603,0.4544845223426819,0.002514192834496498,0.0037590821739286184,0.044562213122844696,0.039182763546705246,0.05817735567688942,-0.0018547473009675741,0.0,0.0,0.0,0.0,9.36252690735273e-05,0.0
adam,1604,0.45438313484191895,0.002509898040443659,0.003758635139092803,0.04455793276429176,0.03917849436402321,0.05817832425236702,-0.0018546796636655927,0.0,0.0,0.0,0.0,9.372174827149138e-05,0.0
adam,1605,0.454284131526947,0.0025056134909391403,0.00375817040912807,0.044551339000463486,0.039171140640974045,0.058180250227451324,-0.0018546279752627015,0.0,0.0,0.0,0.0,9.382150165038183e-05,0.0
adam,1606,0.4541833996772766,0.002501770853996277,0.003757684724405408,0.04454250633716583,0.03916037082672119,0.05818312615156174,-0.0018545929342508316,0.0,0.0,0.0,0.0,9.386878809891641e-05,0.0
adam,1607,0.4540793299674988,0.0024984003975987434,0.003757182043045759,0.04453178867697716,0.03914721682667732,0.05818675458431244,-0.0018545733764767647,0.0,0.0,0.0,0.0,9.385520388605073e-05,0.0
adam,1608,0.4539778530597687,0.002495243214070797,0.003756673075258732,0.044519420713186264,0.039132922887802124,0.05819103494286537,-0.0018545679049566388,0.0,0.0,0.0,0.0,9.382474672747776e-05,0.0
adam,1609,0.4538731873035431,0.002491589169949293,0.0037561594508588314,0.044505778700113297,0.03911838307976723,0.05819585546851158,-0.00185457244515419,0.0,0.0,0.0,0.0,9.382794087287039e-05,0.0
adam,1610,0.45376676321029663,0.0024874273221939802,0.003755633719265461,0.04449116811156273,0.0391036793589592,0.05820104479789734,-0.0018545794300734997,0.0,0.0,0.0,0.0,9.387258614879102e-05,0.0
adam,1611,0.45366033911705017,0.0024833139032125473,0.003755073295906186,0.04447616636753082,0.03908810019493103,0.05820630490779877,-0.0018545830389484763,0.0,0.0,0.0,0.0,9.391419007442892e-05,0.0
adam,1612,0.45355695486068726,0.002479944610968232,0.003754484700039029,0.04446589574217796,0.03907525911927223,0.05820956826210022,-0.0018545491620898247,0.0,0.0,0.0,0.0,9.390729246661067e-05,0.0
adam,1613,0.4534534215927124,0.0024769874289631844,0.00375387049280107,0.04445549100637436,0.039061881601810455,0.05821281671524048,-0.0018545177299529314,0.0,0.0,0.0,0.0,9.386070451000705e-05,0.0
adam,1614,0.4533511698246002,0.00247392151504755,0.0037532574497163296,0.04444427415728569,0.039048321545124054,0.05821642279624939,-0.0018544988706707954,0.0,0.0,0.0,0.0,9.382545977132395e-05,0.0
adam,1615,0.45324626564979553,0.0024702255614101887,0.003752656513825059,0.044431623071432114,0.039034463465213776,0.058220695704221725,-0.0018544956110417843,0.0,0.0,0.0,0.0,9.38375378609635e-05,0.0
adam,1616,0.45314309000968933,0.0024663154035806656,0.003752052318304777,0.04441756010055542,0.03901955112814903,0.05822562798857689,-0.0018545013153925538,0.0,0.0,0.0,0.0,9.387147292727605e-05,0.0
adam,1617,0.45303982496261597,0.002462660660967231,0.0037514164578169584,0.04440249502658844,0.03900310769677162,0.058230943977832794,-0.0018545059720054269,0.0,0.0,0.0,0.0,9.387906175106764e-05,0.0
adam,1618,0.45293334126472473,0.0024592983536422253,0.0037507396191358566,0.044386960566043854,0.038985539227724075,0.05823639780282974,-0.0018545048078522086,0.0,0.0,0.0,0.0,9.384838631376624e-05,0.0
adam,1619,0.4528290331363678,0.002455872716382146,0.003750037867575884,0.044371169060468674,0.03896802291274071,0.05824194476008415,-0.0018545029452070594,0.0,0.0,0.0,0.0,9.38298981054686e-05,0.0
adam,1620,0.45272281765937805,0.0024518053978681564,0.0037493326235562563,0.044355228543281555,0.038951605558395386,0.05824759230017662,-0.001854509231634438,0.0,0.0,0.0,0.0,9.386584133608267e-05,0.0
adam,1621,0.4526170790195465,0.0024474267847836018,0.003748625284060836,0.044339295476675034,0.03893604874610901,0.05825325474143028,-0.001854526111856103,0.0,0.0,0.0,0.0,9.393185609951615e-05,0.0
adam,1622,0.45251381397247314,0.002443694043904543,0.003747897455468774,0.04432549327611923,0.038921646773815155,0.05825803056359291,-0.0018545426428318024,0.0,0.0,0.0,0.0,9.394878725288436e-05,0.0
adam,1623,0.45241039991378784,0.002440538490191102,0.0037471388932317495,0.044311635196208954,0.03890581429004669,0.058262769132852554,-0.0018545601051300764,0.0,0.0,0.0,0.0,9.391177445650101e-05,0.0
adam,1624,0.45230790972709656,0.002437431365251541,0.003746358910575509,0.04429721087217331,0.03888858109712601,0.05826772749423981,-0.0018545773345977068,0.0,0.0,0.0,0.0,9.387409227201715e-05,0.0
adam,1625,0.45220381021499634,0.0024337326176464558,0.0037455696146935225,0.044282373040914536,0.03887119144201279,0.05827286094427109,-0.0018545944476500154,0.0,0.0,0.0,0.0,9.388847684022039e-05,0.0
adam,1626,0.4521012604236603,0.002429777290672064,0.003744766814634204,0.04426775127649307,0.038854777812957764,0.058277860283851624,-0.0018546070205047727,0.0,0.0,0.0,0.0,9.393324580742046e-05,0.0
adam,1627,0.45199790596961975,0.0024261162616312504,0.003743934677913785,0.0442538745701313,0.038838956505060196,0.05828247219324112,-0.0018546091159805655,0.0,0.0,0.0,0.0,9.394910011906177e-05,0.0
adam,1628,0.4518929421901703,0.0024227884132415056,0.0037430718075484037,0.04424003139138222,0.03882206231355667,0.05828705057501793,-0.001854603411629796,0.0,0.0,0.0,0.0,9.392942592967302e-05,0.0
adam,1629,0.4517902135848999,0.002419322496280074,0.0037421879824250937,0.04422537609934807,0.03880321606993675,0.05829203501343727,-0.0018545904895290732,0.0,0.0,0.0,0.0,9.393067011842504e-05,0.0
adam,1630,0.45168524980545044,0.002415359951555729,0.0037412955425679684,0.044210199266672134,0.038783613592386246,0.058297283947467804,-0.0018545703496783972,0.0,0.0,0.0,0.0,9.397278336109594e-05,0.0
adam,1631,0.45158082246780396,0.0024116323329508305,0.00374038377776742,0.044196099042892456,0.03876557946205139,0.058302007615566254,-0.001854535425081849,0.0,0.0,0.0,0.0,9.399576811119914e-05,0.0
adam,1632,0.4514780044555664,0.002408514963462949,0.0037394892424345016,0.044182535260915756,0.03875089809298515,0.05830651894211769,-0.0018545106286183,0.0,0.0,0.0,0.0,9.39574238145724e-05,0.0
adam,1633,0.4513760805130005,0.0024056266993284225,0.0037385686300694942,0.04416963830590248,0.03873641416430473,0.05831073597073555,-0.0018544741906225681,0.0,0.0,0.0,0.0,9.390219202032313e-05,0.0
adam,1634,0.45127347111701965,0.0024022450670599937,0.0037376300897449255,0.04415598511695862,0.0387202613055706,0.05831538140773773,-0.001854432513937354,0.0,0.0,0.0,0.0,9.389263141201809e-05,0.0
adam,1635,0.4511719048023224,0.002398640150204301,0.0037366694305092096,0.04414208605885506,0.03870335966348648,0.05832018330693245,-0.0018543789628893137,0.0,0.0,0.0,0.0,9.390852937940508e-05,0.0
adam,1636,0.4510696232318878,0.00239545782096684,0.0037356805987656116,0.04412930831313133,0.03868808224797249,0.05832434818148613,-0.0018543071346357465,0.0,0.0,0.0,0.0,9.388405305799097e-05,0.0
adam,1637,0.45096713304519653,0.002392503432929516,0.003734671976417303,0.0441175140440464,0.03867456689476967,0.05832795053720474,-0.001854219357483089,0.0,0.0,0.0,0.0,9.383906581206247e-05,0.0
adam,1638,0.4508652687072754,0.00238906592130661,0.003733656834810972,0.04410542920231819,0.03866058215498924,0.058331720530986786,-0.001854126458056271,0.0,0.0,0.0,0.0,9.384332224726677e-05,0.0
adam,1639,0.4507623016834259,0.00238526938483119,0.0037326228339225054,0.04409322887659073,0.038645435124635696,0.05833553150296211,-0.0018540261080488563,0.0,0.0,0.0,0.0,9.388243779540062e-05,0.0
adam,1640,0.4506603181362152,0.002382029313594103,0.003731546923518181,0.04408297687768936,0.0386313870549202,0.05833834037184715,-0.0018539050361141562,0.0,0.0,0.0,0.0,9.387864702148363e-05,0.0
adam,1641,0.4505574703216553,0.00237913616001606,0.0037304346915334463,0.044075317680835724,0.03862064704298973,0.058339815586805344,-0.0018537580035626888,0.0,0.0,0.0,0.0,9.384554869029671e-05,0.0
adam,1642,0.4504563808441162,0.002375667914748192,0.003729407675564289,0.04406534880399704,0.03861044719815254,0.05834253504872322,-0.001853658352047205,0.0,0.0,0.0,0.0,9.385951125295833e-05,0.0
adam,1643,0.45035648345947266,0.0023722941987216473,0.003728361101821065,0.044055353850126266,0.038599658757448196,0.058345284312963486,-0.0018535465933382511,0.0,0.0,0.0,0.0,9.38687298912555e-05,0.0
adam,1644,0.4502566456794739,0.002369504887610674,0.0037272844929248095,0.04404497891664505,0.03858698531985283,0.058348193764686584,-0.0018534226110205054,0.0,0.0,0.0,0.0,9.382247662870213e-05,0.0
adam,1645,0.4501569867134094,0.0023666350170969963,0.003726185532286763,0.04403447359800339,0.038574133068323135,0.05835115537047386,-0.0018532839603722095,0.0,0.0,0.0,0.0,9.378464164910838e-05,0.0
adam,1646,0.45005711913108826,0.0023632028605788946,0.00372507655993104,0.04402461647987366,0.03856316953897476,0.05835377424955368,-0.0018531272653490305,0.0,0.0,0.0,0.0,9.380197298014536e-05,0.0
adam,1647,0.44995757937431335,0.0023599984124302864,0.003723941743373871,0.04401591047644615,0.0385538786649704,0.05835574120283127,-0.0018529468216001987,0.0,0.0,0.0,0.0,9.380221308674663e-05,0.0
adam,1648,0.4498582184314728,0.0023571979254484177,0.003722783410921693,0.04400751739740372,0.0385439470410347,0.058357518166303635,-0.0018527518259361386,0.0,0.0,0.0,0.0,9.376658999826759e-05,0.0
adam,1649,0.44975781440734863,0.0023539692629128695,0.003721622982993722,0.043998830020427704,0.03853321820497513,0.058359429240226746,-0.0018525513587519526,0.0,0.0,0.0,0.0,9.377048263559118e-05,0.0
adam,1650,0.44965773820877075,0.002350627677515149,0.00372044718824327,0.043991200625896454,0.03852412477135658,0.058360785245895386,-0.0018523363396525383,0.0,0.0,0.0,0.0,9.378961840411648e-05,0.0
adam,1651,0.44955742359161377,0.0023479177616536617,0.0037192299496382475,0.04398560896515846,0.0385175459086895,0.058361031115055084,-0.0018520912854000926,0.0,0.0,0.0,0.0,9.375304216518998e-05,0.0
adam,1652,0.44945985078811646,0.0023450469598174095,0.003718086751177907,0.04397807642817497,0.03850940242409706,0.058362528681755066,-0.0018519023433327675,0.0,0.0,0.0,0.0,9.372860222356394e-05,0.0
adam,1653,0.44936278462409973,0.0023417349439114332,0.00371694122441113,0.0439692884683609,0.03849954530596733,0.05836469307541847,-0.0018517113057896495,0.0,0.0,0.0,0.0,9.374606452183798e-05,0.0
adam,1654,0.4492653012275696,0.002338878810405731,0.003715778701007366,0.043960463255643845,0.03848930820822716,0.058366816490888596,-0.0018515101401135325,0.0,0.0,0.0,0.0,9.371807391289622e-05,0.0
adam,1655,0.44916924834251404,0.0023362687788903713,0.0037145952228456736,0.04395250231027603,0.038480307906866074,0.05836844444274902,-0.0018512904644012451,0.0,0.0,0.0,0.0,9.367368329549208e-05,0.0
adam,1656,0.44907212257385254,0.002333046868443489,0.003713396145030856,0.043945178389549255,0.038472194224596024,0.05836974456906319,-0.0018510540248826146,0.0,0.0,0.0,0.0,9.36887226998806e-05,0.0
adam,1657,0.44897493720054626,0.002330105286091566,0.0037121709901839495,0.04393860697746277,0.03846454247832298,0.05837057903409004,-0.001850802800618112,0.0,0.0,0.0,0.0,9.368058090331033e-05,0.0
adam,1658,0.44887953996658325,0.0023275217972695827,0.0037109339609742165,0.04393225163221359,0.03845694288611412,0.05837125703692436,-0.001850546570494771,0.0,0.0,0.0,0.0,9.364444122184068e-05,0.0
adam,1659,0.4487830102443695,0.0023243138566613197,0.0037096983287483454,0.04392512887716293,0.038448791950941086,0.05837225541472435,-0.0018502874299883842,0.0,0.0,0.0,0.0,9.366498125018552e-05,0.0
adam,1660,0.4486863613128662,0.0023214370012283325,0.003708431264385581,0.04391847550868988,0.03844074532389641,0.058372899889945984,-0.0018500103615224361,0.0,0.0,0.0,0.0,9.365627920487896e-05,0.0
adam,1661,0.4485895037651062,0.0023189419880509377,0.0037071299739181995,0.043912820518016815,0.03843379765748978,0.05837297812104225,-0.0018497167620807886,0.0,0.0,0.0,0.0,9.361349657410756e-05,0.0
adam,1662,0.4484942853450775,0.002315754536539316,0.0037059166934341192,0.04390513524413109,0.038425784558057785,0.05837462097406387,-0.0018494835821911693,0.0,0.0,0.0,0.0,9.362653509015217e-05,0.0
adam,1663,0.44839972257614136,0.002313138684257865,0.0037046782672405243,0.043897002935409546,0.0384162999689579,0.05837637186050415,-0.0018492426024749875,0.0,0.0,0.0,0.0,9.358720853924751e-05,0.0
adam,1664,0.4483065605163574,0.002310579875484109,0.0037034209817647934,0.043889500200748444,0.038407884538173676,0.05837773531675339,-0.0018489898648113012,0.0,0.0,0.0,0.0,9.354929352412e-05,0.0
adam,1665,0.4482121169567108,0.002307443879544735,0.0037021522875875235,0.043882694095373154,0.038401052355766296,0.058378756046295166,-0.0018487282795831561,0.0,0.0,0.0,0.0,9.356536611448973e-05,0.0
adam,1666,0.44811856746673584,0.0023049612063914537,0.0037008554209023714,0.04387577623128891,0.03839309141039848,0.05837973579764366,-0.001848459942266345,0.0,0.0,0.0,0.0,9.352259803563356e-05,0.0
adam,1667,0.4480249285697937,0.002301853848621249,0.0036995604168623686,0.04386746510863304,0.03838343918323517,0.05838138982653618,-0.0018481939332559705,0.0,0.0,0.0,0.0,9.353806672152132e-05,0.0
adam,1668,0.44793185591697693,0.002298887586221099,0.0036982514429837465,0.043859973549842834,0.03837519884109497,0.0583825558423996,-0.0018479175632819533,0.0,0.0,0.0,0.0,9.354398207506165e-05,0.0
adam,1669,0.4478388726711273,0.002296521095559001,0.0036969066131860018,0.04385373741388321,0.038367100059986115,0.05838305130600929,-0.0018476301338523626,0.0,0.0,0.0,0.0,9.349858009954914e-05,0.0
adam,1670,0.4477456510066986,0.002293485915288329,0.003695555031299591,0.04384773224592209,0.03835876286029816,0.05838349089026451,-0.0018473435193300247,0.0,0.0,0.0,0.0,9.352006600238383e-05,0.0
adam,1671,0.44765251874923706,0.002291521057486534,0.0036941717844456434,0.04384329169988632,0.038352224975824356,0.05838300287723541,-0.0018470360664650798,0.0,0.0,0.0,0.0,9.344246063847095e-05,0.0
adam,1672,0.4475598633289337,0.0022882651537656784,0.0036928639747202396,0.043833352625370026,0.03834265097975731,0.05838555470108986,-0.0018467787886038423,0.0,0.0,0.0,0.0,9.34647032408975e-05,0.0
adam,1673,0.44746828079223633,0.0022857440635561943,0.003691529855132103,0.04382475093007088,0.03833431378006935,0.05838736519217491,-0.0018465097527951002,0.0,0.0,0.0,0.0,9.342349221697077e-05,0.0
adam,1674,0.4473778009414673,0.002282882109284401,0.0036901747807860374,0.04381732642650604,0.038326531648635864,0.058388616889715195,-0.001846230123192072,0.0,0.0,0.0,0.0,9.342509292764589e-05,0.0
adam,1675,0.4472874104976654,0.0022801205050200224,0.003688796889036894,0.043810922652482986,0.0383191779255867,0.0583893246948719,-0.0018459369894117117,0.0,0.0,0.0,0.0,9.342302655568346e-05,0.0
adam,1676,0.4471967816352844,0.002277740743011236,0.0036874120123684406,0.04380444437265396,0.038311079144477844,0.058390043675899506,-0.001845644204877317,0.0,0.0,0.0,0.0,9.338348172605038e-05,0.0
adam,1677,0.4471072852611542,0.0022746778558939695,0.0036860269028693438,0.043796420097351074,0.03829964995384216,0.05839161574840546,-0.0018453574739396572,0.0,0.0,0.0,0.0,9.341318218503147e-05,0.0
adam,1678,0.4470169246196747,0.002272798214107752,0.0036846105940639973,0.04379162937402725,0.03829188644886017,0.058391451835632324,-0.0018450465286150575,0.0,0.0,0.0,0.0,9.333468187833205e-05,0.0
adam,1679,0.44692879915237427,0.002269551157951355,0.0036832254845649004,0.04378555342555046,0.03828177973628044,0.058392029255628586,-0.001844750135205686,0.0,0.0,0.0,0.0,9.339641110273078e-05,0.0
adam,1680,0.4468393325805664,0.0022680112160742283,0.003681819187477231,0.04378193989396095,0.03827352449297905,0.05839123576879501,-0.0018444396555423737,0.0,0.0,0.0,0.0,9.329568274552003e-05,0.0
adam,1681,0.44675013422966003,0.0022646605502814054,0.0036804364062845707,0.04377785325050354,0.038266297429800034,0.05839070677757263,-0.0018441267311573029,0.0,0.0,0.0,0.0,9.337121446151286e-05,0.0
adam,1682,0.4466624855995178,0.0022628046572208405,0.0036790522281080484,0.043770089745521545,0.038254283368587494,0.05839209631085396,-0.0018438250990584493,0.0,0.0,0.0,0.0,9.329019667347893e-05,0.0
adam,1683,0.44657468795776367,0.0022596046328544617,0.0036777390632778406,0.04376278072595596,0.038247961550951004,0.05839329585433006,-0.001843536039814353,0.0,0.0,0.0,0.0,9.333189518656582e-05,0.0
adam,1684,0.4464888274669647,0.002257291227579117,0.0036763534881174564,0.04375268518924713,0.038229040801525116,0.058395832777023315,-0.0018432475626468658,0.0,0.0,0.0,0.0,9.330492321169004e-05,0.0
adam,1685,0.4464032053947449,0.002255151979625225,0.0036750040017068386,0.043750301003456116,0.038226496428251266,0.05839446559548378,-0.0018429349875077605,0.0,0.0,0.0,0.0,9.3270224169828e-05,0.0
adam,1686,0.4463188648223877,0.002252367790788412,0.00367363216355443,0.04374874755740166,0.0382232628762722,0.05839282274246216,-0.001842622528783977,0.0,0.0,0.0,0.0,9.330874308943748e-05,0.0
adam,1687,0.4462345540523529,0.0022507107350975275,0.00367224239744246,0.04374200478196144,0.03820590302348137,0.058393675833940506,-0.0018423328874632716,0.0,0.0,0.0,0.0,9.323814447270706e-05,0.0
adam,1688,0.4461504817008972,0.002247738419100642,0.0036710076965391636,0.043734852224588394,0.03819699585437775,0.05839476361870766,-0.0018420856213197112,0.0,0.0,0.0,0.0,9.327659790869802e-05,0.0
adam,1689,0.4460662305355072,0.002245670184493065,0.0036696677561849356,0.04373285919427872,0.03819195553660393,0.05839325860142708,-0.0018417967949062586,0.0,0.0,0.0,0.0,9.324671555077657e-05,0.0
adam,1690,0.4459831416606903,0.0022436208091676235,0.0036682700738310814,0.0437290221452713,0.038178350776433945,0.058392658829689026,-0.0018415127415210009,0.0,0.0,0.0,0.0,9.322811820311472e-05,0.0
adam,1691,0.44590020179748535,0.002240964211523533,0.003667005803436041,0.04372282698750496,0.03816730156540871,0.05839315429329872,-0.0018412771169096231,0.0,0.0,0.0,0.0,9.325163409812376e-05,0.0
adam,1692,0.4458160102367401,0.0022390387021005154,0.0036657091695815325,0.043715670704841614,0.038158152252435684,0.058394573628902435,-0.0018410430056974292,0.0,0.0,0.0,0.0,9.318047523265705e-05,0.0
adam,1693,0.44573092460632324,0.0022356549743562937,0.0036643785424530506,0.04370696842670441,0.0381447859108448,0.0583968311548233,-0.0018407913157716393,0.0,0.0,0.0,0.0,9.325178689323366e-05,0.0
adam,1694,0.44564759731292725,0.0022341343574225903,0.003663049079477787,0.04369974881410599,0.038132328540086746,0.05839820206165314,-0.0018405462615191936,0.0,0.0,0.0,0.0,9.315176430391148e-05,0.0
adam,1695,0.4455646872520447,0.0022314086090773344,0.0036617647856473923,0.04369498789310455,0.03812654688954353,0.058398328721523285,-0.0018403022550046444,0.0,0.0,0.0,0.0,9.317296644439921e-05,0.0
adam,1696,0.44548341631889343,0.002228917321190238,0.0036604665219783783,0.04369029775261879,0.038121674209833145,0.05839841067790985,-0.0018400506814941764,0.0,0.0,0.0,0.0,9.317445801571012e-05,0.0
adam,1697,0.4454021155834198,0.002227230928838253,0.003659115405753255,0.043684788048267365,0.03811518847942352,0.05839873105287552,-0.0018397659296169877,0.0,0.0,0.0,0.0,9.309746383223683e-05,0.0
adam,1698,0.4453217089176178,0.002224218100309372,0.0036577724386006594,0.04367581754922867,0.038104765117168427,0.058400798588991165,-0.0018394695362076163,0.0,0.0,0.0,0.0,9.314389899373055e-05,0.0
adam,1699,0.44523993134498596,0.0022227305453270674,0.0036564685869961977,0.04366861283779144,0.038096167147159576,0.05840194970369339,-0.0018391734920442104,0.0,0.0,0.0,0.0,9.304018749389797e-05,0.0
adam,1700,0.44515976309776306,0.0022203060798346996,0.0036551523953676224,0.04366448521614075,0.03809158131480217,0.058401599526405334,-0.0018388405442237854,0.0,0.0,0.0,0.0,9.304413106292486e-05,0.0
adam,1701,0.4450796842575073,0.002217989880591631,0.0036537807900458574,0.043660297989845276,0.0380820669233799,0.058401260524988174,-0.0018384888535365462,0.0,0.0,0.0,0.0,9.30486130528152e-05,0.0
adam,1702,0.444998174905777,0.002215699292719364,0.0036524892784655094,0.0436503030359745,0.03806531801819801,0.05840442702174187,-0.0018382288981229067,0.0,0.0,0.0,0.0,9.301823592977598e-05,0.0
adam,1703,0.44491785764694214,0.002213133266195655,0.003651185892522335,0.04364701360464096,0.038057900965213776,0.05840432643890381,-0.0018379382090643048,0.0,0.0,0.0,0.0,9.303621482104063e-05,0.0
adam,1704,0.444837749004364,0.0022111013531684875,0.0036498508416116238,0.04364670440554619,0.03805246204137802,0.05840274319052696,-0.0018376342486590147,0.0,0.0,0.0,0.0,9.30146561586298e-05,0.0
adam,1705,0.4447583854198456,0.002209283411502838,0.003648512763902545,0.04364413768053055,0.038043394684791565,0.05840222164988518,-0.0018373389029875398,0.0,0.0,0.0,0.0,9.297025098931044e-05,0.0
adam,1706,0.4446803331375122,0.0022066119126975536,0.0036471993662416935,0.04364027827978134,0.03803718090057373,0.05840218812227249,-0.0018370323814451694,0.0,0.0,0.0,0.0,9.300380042986944e-05,0.0
adam,1707,0.4446009397506714,0.0022046249359846115,0.0036458205431699753,0.04363671690225601,0.03803179785609245,0.05840174853801727,-0.0018366865115240216,0.0,0.0,0.0,0.0,9.296827192883939e-05,0.0
adam,1708,0.444522887468338,0.00220193387940526,0.0036443916615098715,0.04363036900758743,0.03802202641963959,0.058402594178915024,-0.001836324343457818,0.0,0.0,0.0,0.0,9.300345118390396e-05,0.0
adam,1709,0.4444462060928345,0.002200325019657612,0.003642959287390113,0.04362659156322479,0.03801663964986801,0.05840185657143593,-0.0018359232926741242,0.0,0.0,0.0,0.0,9.294479968957603e-05,0.0
adam,1710,0.4443693459033966,0.0021977415308356285,0.0036415925715118647,0.04361672326922417,0.0380016528069973,0.058404263108968735,-0.001835591858252883,0.0,0.0,0.0,0.0,9.296742791775614e-05,0.0
adam,1711,0.44429337978363037,0.0021969834342598915,0.0036402016412466764,0.04361700266599655,0.03800169751048088,0.05840134248137474,-0.0018351954640820622,0.0,0.0,0.0,0.0,9.284033149015158e-05,0.0
adam,1712,0.4442172348499298,0.0021929778158664703,0.003638968337327242,0.043610624969005585,0.03799349442124367,0.058402691036462784,-0.0018348980229347944,0.0,0.0,0.0,0.0,9.300083183916286e-05,0.0
adam,1713,0.44413650035858154,0.002192164771258831,0.0036377140786498785,0.04360995441675186,0.037986744195222855,0.05840136110782623,-0.001834584167227149,0.0,0.0,0.0,0.0,9.285488340537995e-05,0.0
adam,1714,0.44405892491340637,0.0021900266874581575,0.0036364970728754997,0.043611977249383926,0.037990204989910126,0.05839858576655388,-0.001834263326600194,0.0,0.0,0.0,0.0,9.284557745559141e-05,0.0
adam,1715,0.443986177444458,0.002187124453485012,0.003635314293205738,0.04361184686422348,0.0379941500723362,0.058396849781274796,-0.0018339577363803983,0.0,0.0,0.0,0.0,9.291553578805178e-05,0.0
adam,1716,0.4439089298248291,0.002186399418860674,0.0036340798251330853,0.04360956326127052,0.03798716887831688,0.05839613825082779,-0.0018336564535275102,0.0,0.0,0.0,0.0,9.276630589738488e-05,0.0
adam,1717,0.44383493065834045,0.002184410812333226,0.0036328015848994255,0.04360640048980713,0.03798122704029083,0.05839550122618675,-0.0018333274638280272,0.0,0.0,0.0,0.0,9.275259799323976e-05,0.0
adam,1718,0.4437617063522339,0.0021809188183397055,0.003631582483649254,0.043601054698228836,0.037978094071149826,0.058395642787218094,-0.00183301221113652,0.0,0.0,0.0,0.0,9.287749708164483e-05,0.0
adam,1719,0.44368571043014526,0.0021795271895825863,0.003630357328802347,0.043594587594270706,0.03796766325831413,0.058396246284246445,-0.0018327218713238835,0.0,0.0,0.0,0.0,9.279490768676624e-05,0.0
adam,1720,0.4436148405075073,0.0021783881820738316,0.003629042999818921,0.04358798637986183,0.03795415908098221,0.05839679762721062,-0.001832415466196835,0.0,0.0,0.0,0.0,9.271263115806505e-05,0.0
adam,1721,0.4435407221317291,0.002175400499254465,0.0036277601029723883,0.04358139634132385,0.03794730827212334,0.05839727073907852,-0.0018321009119972587,0.0,0.0,0.0,0.0,9.279028745368123e-05,0.0
adam,1722,0.443464457988739,0.00217325147241354,0.0036266078241169453,0.04357227683067322,0.037937190383672714,0.05839946120977402,-0.001831796602346003,0.0,0.0,0.0,0.0,9.276125638280064e-05,0.0
adam,1723,0.4433906674385071,0.0021718363277614117,0.0036253798753023148,0.0435711070895195,0.037935756146907806,0.0583978146314621,-0.0018314499175176024,0.0,0.0,0.0,0.0,9.269249130738899e-05,0.0
adam,1724,0.4433150589466095,0.002169119194149971,0.0036241167690604925,0.043571069836616516,0.037934496998786926,0.058395855128765106,-0.0018310915911570191,0.0,0.0,0.0,0.0,9.27500514080748e-05,0.0
adam,1725,0.4432421326637268,0.0021669475827366114,0.0036229025572538376,0.04357028007507324,0.037934619933366776,0.058394160121679306,-0.001830754685215652,0.0,0.0,0.0,0.0,9.275621414417401e-05,0.0
adam,1726,0.4431687891483307,0.002165726851671934,0.0036217139568179846,0.04356835037469864,0.03793466091156006,0.05839286372065544,-0.0018304308177903295,0.0,0.0,0.0,0.0,9.266175766242668e-05,0.0
adam,1727,0.44309669733047485,0.002163421828299761,0.003620461095124483,0.0435640849173069,0.03792816027998924,0.05839276686310768,-0.00183009821921587,0.0,0.0,0.0,0.0,9.268087160307914e-05,0.0
adam,1728,0.4430239498615265,0.002160938922315836,0.0036191479302942753,0.043559834361076355,0.037921033799648285,0.058392349630594254,-0.0018297479255124927,0.0,0.0,0.0,0.0,9.272259194403887e-05,0.0
adam,1729,0.4429519772529602,0.0021592150442302227,0.003617896931245923,0.04355417937040329,0.037914469838142395,0.058392394334077835,-0.001829430810175836,0.0,0.0,0.0,0.0,9.26850552787073e-05,0.0
adam,1730,0.442880779504776,0.0021572979167103767,0.0036166985519230366,0.0435461662709713,0.0379045233130455,0.05839380621910095,-0.0018291474552825093,0.0,0.0,0.0,0.0,9.266005508834496e-05,0.0
adam,1731,0.44280996918678284,0.0021558133885264397,0.0036154191475361586,0.043540891259908676,0.03789474070072174,0.05839397758245468,-0.0018288256833329797,0.0,0.0,0.0,0.0,9.260696242563426e-05,0.0
adam,1732,0.44273486733436584,0.002153536770492792,0.0036141688469797373,0.04353110119700432,0.03788454830646515,0.05839649215340614,-0.0018285111291334033,0.0,0.0,0.0,0.0,9.259126818506047e-05,0.0
adam,1733,0.44266217947006226,0.0021511877421289682,0.0036129651125520468,0.04352425038814545,0.037879738956689835,0.05839776620268822,-0.0018282266100868583,0.0,0.0,0.0,0.0,9.259207581635565e-05,0.0
adam,1734,0.44258829951286316,0.002149144886061549,0.0036117886193096638,0.043522220104932785,0.03788048028945923,0.05839680880308151,-0.001827953732572496,0.0,0.0,0.0,0.0,9.257121564587578e-05,0.0
adam,1735,0.4425164461135864,0.002147482940927148,0.0036105606704950333,0.043521661311388016,0.03788149729371071,0.05839511379599571,-0.0018276619957759976,0.0,0.0,0.0,0.0,9.25273125176318e-05,0.0
adam,1736,0.44244369864463806,0.0021452754735946655,0.003609273349866271,0.043517038226127625,0.03787769004702568,0.05839529260993004,-0.0018273679306730628,0.0,0.0,0.0,0.0,9.252470772480592e-05,0.0
adam,1737,0.44237223267555237,0.0021433434449136257,0.003607934806495905,0.04351149499416351,0.037873219698667526,0.05839565768837929,-0.0018270604778081179,0.0,0.0,0.0,0.0,9.2499511083588e-05,0.0
adam,1738,0.44230103492736816,0.0021414277143776417,0.003606603480875492,0.04350567236542702,0.03786743804812431,0.05839598923921585,-0.0018267494160681963,0.0,0.0,0.0,0.0,9.247769776266068e-05,0.0
adam,1739,0.442229688167572,0.002139332238584757,0.0036052893847227097,0.04349938780069351,0.037859927862882614,0.058396581560373306,-0.0018264480167999864,0.0,0.0,0.0,0.0,9.247410343959928e-05,0.0
adam,1740,0.44215911626815796,0.0021381094120442867,0.0036039231345057487,0.04349508136510849,0.037852250039577484,0.05839625373482704,-0.0018261331133544445,0.0,0.0,0.0,0.0,9.239700011676177e-05,0.0
adam,1741,0.4420877993106842,0.0021364171989262104,0.003602523822337389,0.04349110275506973,0.03784370794892311,0.058395866304636,-0.0018258154159411788,0.0,0.0,0.0,0.0,9.236688492819667e-05,0.0
adam,1742,0.44201433658599854,0.002134018111974001,0.0036011876072734594,0.04348089545965195,0.037837885320186615,0.058398451656103134,-0.001825499814003706,0.0,0.0,0.0,0.0,9.235883771907538e-05,0.0
adam,1743,0.44194158911705017,0.00213197385892272,0.003599882824346423,0.043473295867443085,0.03783604875206947,0.058399830013513565,-0.0018252000445500016,0.0,0.0,0.0,0.0,9.232207230525091e-05,0.0
adam,1744,0.4418692886829376,0.0021294786129146814,0.003598567331209779,0.04346725344657898,0.03783344104886055,0.05840058624744415,-0.001824894337914884,0.0,0.0,0.0,0.0,9.234076424036175e-05,0.0
adam,1745,0.4417988359928131,0.0021280075889080763,0.003597177565097809,0.04346722736954689,0.03783538192510605,0.05839838460087776,-0.0018245478859171271,0.0,0.0,0.0,0.0,9.228771523339674e-05,0.0
adam,1746,0.44172799587249756,0.0021256166510283947,0.0035957845393568277,0.043463077396154404,0.03783159330487251,0.05839822068810463,-0.001824233098886907,0.0,0.0,0.0,0.0,9.231449803337455e-05,0.0
adam,1747,0.4416576325893402,0.0021243374794721603,0.003594354260712862,0.04345870018005371,0.037827018648386,0.05839785560965538,-0.001823904225602746,0.0,0.0,0.0,0.0,9.223753295373172e-05,0.0
adam,1748,0.4415876269340515,0.00212184339761734,0.0035929291043430567,0.04345196858048439,0.03782133013010025,0.05839855968952179,-0.001823563827201724,0.0,0.0,0.0,0.0,9.227350528817624e-05,0.0
adam,1749,0.4415168762207031,0.0021205260418355465,0.0035914485342800617,0.04344755411148071,0.03781648725271225,0.058397963643074036,-0.0018231949070468545,0.0,0.0,0.0,0.0,9.220353967975825e-05,0.0
adam,1750,0.44144728779792786,0.00211848272010684,0.003589953761547804,0.043441012501716614,0.037807397544384,0.05839841067790985,-0.001822835416533053,0.0,0.0,0.0,0.0,9.220752690453082e-05,0.0
adam,1751,0.44137734174728394,0.0021173288114368916,0.0035884252283722162,0.04344039410352707,0.03780625760555267,0.0583958625793457,-0.0018224426312372088,0.0,0.0,0.0,0.0,9.213919111061841e-05,0.0
adam,1752,0.44130775332450867,0.0021149569656699896,0.003587067825719714,0.04342569783329964,0.037790678441524506,0.058400772511959076,-0.0018221434438601136,0.0,0.0,0.0,0.0,9.213580779032782e-05,0.0
adam,1753,0.4412379860877991,0.0021133720874786377,0.0035856887698173523,0.04342150688171387,0.037791553884744644,0.0584004744887352,-0.001821795362047851,0.0,0.0,0.0,0.0,9.207681432599202e-05,0.0
adam,1754,0.44116896390914917,0.002110646106302738,0.0035843434743583202,0.04341679438948631,0.03778965026140213,0.058400657027959824,-0.0018214668380096555,0.0,0.0,0.0,0.0,9.213427256327122e-05,0.0
adam,1755,0.4411000907421112,0.0021092137321829796,0.0035829893313348293,0.043412283062934875,0.037783462554216385,0.058400824666023254,-0.0018211451824754477,0.0,0.0,0.0,0.0,9.207263792632148e-05,0.0
adam,1756,0.44103243947029114,0.002107003005221486,0.003581617958843708,0.0434124693274498,0.03778614103794098,0.05839873105287552,-0.0018207950051873922,0.0,0.0,0.0,0.0,9.209875133819878e-05,0.0
adam,1757,0.44096389412879944,0.002106091007590294,0.00358020281419158,0.04340894892811775,0.037777673453092575,0.05839826166629791,-0.001820467528887093,0.0,0.0,0.0,0.0,9.199992928188294e-05,0.0
adam,1758,0.44089603424072266,0.0021036923862993717,0.0035788146778941154,0.04340333864092827,0.03776996210217476,0.05839872360229492,-0.0018201465718448162,0.0,0.0,0.0,0.0,9.20396123547107e-05,0.0
adam,1759,0.4408285617828369,0.002102102153003216,0.003577368799597025,0.04340284317731857,0.03776616230607033,0.05839647725224495,-0.001819770084694028,0.0,0.0,0.0,0.0,9.20238671824336e-05,0.0
adam,1760,0.44076094031333923,0.0021004590671509504,0.003575915703549981,0.043400269001722336,0.03775491192936897,0.0583953782916069,-0.0018193954601883888,0.0,0.0,0.0,0.0,9.201581997331232e-05,0.0
adam,1761,0.44069400429725647,0.0020991347264498472,0.0035744705237448215,0.043399836868047714,0.03774985298514366,0.05839316174387932,-0.0018190101254731417,0.0,0.0,0.0,0.0,9.197749750455841e-05,0.0
adam,1762,0.44062569737434387,0.0020971919875591993,0.003573051420971751,0.043393004685640335,0.03774325177073479,0.058394186198711395,-0.001818657387048006,0.0,0.0,0.0,0.0,9.196089376928285e-05,0.0
adam,1763,0.4405582845211029,0.002094737719744444,0.0035716621205210686,0.043384235352277756,0.037734340876340866,0.05839637666940689,-0.001818333868868649,0.0,0.0,0.0,0.0,9.1988877102267e-05,0.0
adam,1764,0.44049185514450073,0.0020939214155077934,0.00357025396078825,0.04338151961565018,0.03773157671093941,0.05839558318257332,-0.0018179863691329956,0.0,0.0,0.0,0.0,9.187760588247329e-05,0.0
adam,1765,0.4404269754886627,0.0020911754108965397,0.0035688818898051977,0.043377939611673355,0.037729352712631226,0.05839527025818825,-0.0018176318844780326,0.0,0.0,0.0,0.0,9.195705933962017e-05,0.0
adam,1766,0.4403604567050934,0.0020906312856823206,0.003567527048289776,0.04337376728653908,0.03772171214222908,0.05839516967535019,-0.0018173045245930552,0.0,0.0,0.0,0.0,9.182161011267453e-05,0.0
adam,1767,0.4402932822704315,0.002087823348119855,0.003566207131370902,0.043368641287088394,0.037715598940849304,0.058395493775606155,-0.0018169824033975601,0.0,0.0,0.0,0.0,9.190168930217624e-05,0.0
adam,1768,0.44022732973098755,0.0020863725803792477,0.0035648373886942863,0.043369609862565994,0.03771401569247246,0.05839269235730171,-0.001816633972339332,0.0,0.0,0.0,0.0,9.187743853544816e-05,0.0
adam,1769,0.44016462564468384,0.0020858491770923138,0.0035634739324450493,0.0433691032230854,0.037707723677158356,0.05839058384299278,-0.001816299045458436,0.0,0.0,0.0,0.0,9.177427273243666e-05,0.0
adam,1770,0.4400990605354309,0.0020829481072723866,0.003562171244993806,0.043365005403757095,0.03770029544830322,0.05839027464389801,-0.0018159615574404597,0.0,0.0,0.0,0.0,9.188026160700247e-05,0.0
adam,1771,0.44003403186798096,0.0020816545002162457,0.0035608417820185423,0.04336767643690109,0.037699855864048004,0.05838652327656746,-0.0018155802972614765,0.0,0.0,0.0,0.0,9.185245289700106e-05,0.0
adam,1772,0.439969539642334,0.0020806139800697565,0.00355949136428535,0.04336485266685486,0.03769221901893616,0.05838603526353836,-0.0018152266275137663,0.0,0.0,0.0,0.0,9.177652100333944e-05,0.0
adam,1773,0.4399045407772064,0.002078054239973426,0.003558217315003276,0.04335867241024971,0.03768697753548622,0.05838701128959656,-0.0018148876260966063,0.0,0.0,0.0,0.0,9.182830399367958e-05,0.0
adam,1774,0.43983960151672363,0.002076540607959032,0.003556874580681324,0.0433545745909214,0.037679992616176605,0.058386921882629395,-0.0018145341891795397,0.0,0.0,0.0,0.0,9.179305197903886e-05,0.0
adam,1775,0.43977561593055725,0.002075250493362546,0.00355556164868176,0.04335155710577965,0.03767463564872742,0.05838640034198761,-0.001814214512705803,0.0,0.0,0.0,0.0,9.173933358397335e-05,0.0
adam,1776,0.4397118091583252,0.002073365030810237,0.003554269205778837,0.04334777966141701,0.03766782954335213,0.0583861768245697,-0.001813913811929524,0.0,0.0,0.0,0.0,9.174601291306317e-05,0.0
adam,1777,0.4396483600139618,0.0020720711909234524,0.003552911803126335,0.043346256017684937,0.03765955939888954,0.05838471278548241,-0.0018135840073227882,0.0,0.0,0.0,0.0,9.171374404104427e-05,0.0
adam,1778,0.43958476185798645,0.002070177812129259,0.0035515641793608665,0.043344080448150635,0.03765483945608139,0.058383483439683914,-0.0018132644472643733,0.0,0.0,0.0,0.0,9.173011494567618e-05,0.0
adam,1779,0.43952298164367676,0.0020683989860117435,0.003550207009539008,0.04333918169140816,0.037644777446985245,0.05838356539607048,-0.0018129642121493816,0.0,0.0,0.0,0.0,9.173824219033122e-05,0.0
adam,1780,0.43945881724357605,0.0020673589315265417,0.0035488312132656574,0.04333784431219101,0.03763723000884056,0.05838179588317871,-0.0018126355716958642,0.0,0.0,0.0,0.0,9.168096585199237e-05,0.0
adam,1781,0.4393966794013977,0.0020655174739658833,0.0035474745091050863,0.0433378629386425,0.03763767331838608,0.05837933346629143,-0.0018122923793271184,0.0,0.0,0.0,0.0,9.170056000584736e-05,0.0
adam,1782,0.4393327832221985,0.0020641316659748554,0.00354614295065403,0.04333456978201866,0.03762945532798767,0.05837917700409889,-0.001811998663470149,0.0,0.0,0.0,0.0,9.165777737507597e-05,0.0
adam,1783,0.43926820158958435,0.002062048763036728,0.0035448181442916393,0.043331876397132874,0.037626054137945175,0.058378688991069794,-0.0018116850405931473,0.0,0.0,0.0,0.0,9.167565440293401e-05,0.0
adam,1784,0.439205527305603,0.002060523023828864,0.0035434532910585403,0.043330270797014236,0.03762179613113403,0.058377768844366074,-0.0018113611731678247,0.0,0.0,0.0,0.0,9.165098163066432e-05,0.0
adam,1785,0.43914276361465454,0.0020596699323505163,0.0035420903004705906,0.0433252714574337,0.03761006519198418,0.05837848782539368,-0.001811069785617292,0.0,0.0,0.0,0.0,9.155671432381496e-05,0.0
adam,1786,0.4390796720981598,0.002057598903775215,0.0035407498944550753,0.043320175260305405,0.037602998316287994,0.05837900936603546,-0.001810770365409553,0.0,0.0,0.0,0.0,9.157566091744229e-05,0.0
adam,1787,0.43901732563972473,0.0020561949349939823,0.0035393396392464638,0.043318767100572586,0.03759760037064552,0.058377545326948166,-0.001810434740036726,0.0,0.0,0.0,0.0,9.155108273262158e-05,0.0
adam,1788,0.43895506858825684,0.002054487122222781,0.003537911456078291,0.04331445321440697,0.03758488968014717,0.05837744101881981,-0.0018101211171597242,0.0,0.0,0.0,0.0,9.155857696896419e-05,0.0
adam,1789,0.4388926923274994,0.0020529732573777437,0.00353653309866786,0.04331125319004059,0.03757859021425247,0.058376677334308624,-0.0018098211148753762,0.0,0.0,0.0,0.0,9.153946302831173e-05,0.0
adam,1790,0.4388299584388733,0.002051815390586853,0.003535053227096796,0.04331266134977341,0.03757613152265549,0.05837368592619896,-0.0018094765255227685,0.0,0.0,0.0,0.0,9.150119876721874e-05,0.0
adam,1791,0.43876874446868896,0.002049808856099844,0.0035335763823240995,0.04331088066101074,0.03757316991686821,0.058372076600790024,-0.0018091298406943679,0.0,0.0,0.0,0.0,9.153849532594904e-05,0.0
adam,1792,0.4387061893939972,0.002048357157036662,0.0035322229377925396,0.04330602288246155,0.03756457567214966,0.05837244912981987,-0.0018088361248373985,0.0,0.0,0.0,0.0,9.150280675385147e-05,0.0
adam,1793,0.43864426016807556,0.002046124543994665,0.0035308105871081352,0.0432979054749012,0.037548232823610306,0.058374594897031784,-0.0018085363553836942,0.0,0.0,0.0,0.0,9.154345752904192e-05,0.0
adam,1794,0.4385826289653778,0.002045817207545042,0.0035294233821332455,0.04329785704612732,0.03754722699522972,0.05837257206439972,-0.0018082133028656244,0.0,0.0,0.0,0.0,9.140753536485136e-05,0.0
adam,1795,0.4385216534137726,0.002042985986918211,0.003528109285980463,0.043290842324495316,0.03754018247127533,0.058374010026454926,-0.001807917607948184,0.0,0.0,0.0,0.0,9.149867400992662e-05,0.0
adam,1796,0.43845951557159424,0.0020424469839781523,0.003526786807924509,0.043284617364406586,0.03753076493740082,0.05837489292025566,-0.001807619584724307,0.0,0.0,0.0,0.0,9.136970766121522e-05,0.0
adam,1797,0.43839913606643677,0.002040720544755459,0.0035254242829978466,0.04328169301152229,0.037527237087488174,0.058374132961034775,-0.0018072840757668018,0.0,0.0,0.0,0.0,9.137133747572079e-05,0.0
adam,1798,0.4383401572704315,0.002038653939962387,0.0035240696743130684,0.04328048601746559,0.03752804920077324,0.058372464030981064,-0.0018069318030029535,0.0,0.0,0.0,0.0,9.141252667177469e-05,0.0
adam,1799,0.4382801055908203,0.002038138685747981,0.0035227208863943815,0.04327956214547157,0.03752491995692253,0.05837053805589676,-0.0018065868644043803,0.0,0.0,0.0,0.0,9.130792022915557e-05,0.0
adam,1800,0.4382201135158539,0.0020359926857054234,0.0035213513765484095,0.04327700287103653,0.03751770406961441,0.05836956948041916,-0.001806225860491395,0.0,0.0,0.0,0.0,9.136373410001397e-05,0.0
adam,1801,0.4381602704524994,0.0020343277137726545,0.0035200135316699743,0.04327816143631935,0.03751897066831589,0.058366596698760986,-0.0018058507703244686,0.0,0.0,0.0,0.0,9.137712186202407e-05,0.0
adam,1802,0.43809953331947327,0.0020333172287791967,0.0035186875611543655,0.04327573627233505,0.03751259297132492,0.058365099132061005,-0.001805557287298143,0.0,0.0,0.0,0.0,9.132365084951743e-05,0.0
adam,1803,0.438038170337677,0.0020310739055275917,0.0035173981450498104,0.04326702654361725,0.03749984875321388,0.058366741985082626,-0.0018052803352475166,0.0,0.0,0.0,0.0,9.136860171565786e-05,0.0
adam,1804,0.43797725439071655,0.002029862254858017,0.0035160656552761793,0.04326140880584717,0.03748849406838417,0.05836709961295128,-0.0018049859208986163,0.0,0.0,0.0,0.0,9.132282866630703e-05,0.0
adam,1805,0.43791666626930237,0.0020287560764700174,0.003514715237542987,0.043258629739284515,0.03748409077525139,0.058366063982248306,-0.0018046811455860734,0.0,0.0,0.0,0.0,9.126800432568416e-05,0.0
adam,1806,0.4378577172756195,0.00202659098431468,0.0035133850760757923,0.04325152933597565,0.037477534264326096,0.05836709216237068,-0.0018043856834992766,0.0,0.0,0.0,0.0,9.13052135729231e-05,0.0
adam,1807,0.4377971887588501,0.002025296911597252,0.0035120267421007156,0.04324454814195633,0.03746767342090607,0.05836818367242813,-0.0018040791619569063,0.0,0.0,0.0,0.0,9.125654469244182e-05,0.0
adam,1808,0.4377377927303314,0.002023958833888173,0.003510667011141777,0.04324304684996605,0.03746684268116951,0.05836666747927666,-0.0018037520349025726,0.0,0.0,0.0,0.0,9.122557094087824e-05,0.0
adam,1809,0.4376775920391083,0.0020226105116307735,0.0035092502366751432,0.04324188083410263,0.03746391832828522,0.05836508423089981,-0.00180341477971524,0.0,0.0,0.0,0.0,9.119826427195221e-05,0.0
adam,1810,0.4376194477081299,0.0020214258693158627,0.0035078111104667187,0.04324138164520264,0.03746333345770836,0.058363065123558044,-0.0018030554056167603,0.0,0.0,0.0,0.0,9.116160799749196e-05,0.0
adam,1811,0.4375600814819336,0.002019209321588278,0.0035064362455159426,0.04323954880237579,0.03746532276272774,0.058361511677503586,-0.0018026886973530054,0.0,0.0,0.0,0.0,9.121345647145063e-05,0.0
adam,1812,0.4374960958957672,0.0020181452855467796,0.0035050432197749615,0.043236326426267624,0.03745454549789429,0.05836081877350807,-0.0018023512093350291,0.0,0.0,0.0,0.0,9.115324064623564e-05,0.0
adam,1813,0.43743419647216797,0.0020167664624750614,0.003503649029880762,0.04323335736989975,0.03744260594248772,0.05836007371544838,-0.0018020099960267544,0.0,0.0,0.0,0.0,9.113457053899765e-05,0.0
adam,1814,0.43737220764160156,0.0020151115022599697,0.0035023035015910864,0.04323218762874603,0.03743794560432434,0.05835830420255661,-0.001801669946871698,0.0,0.0,0.0,0.0,9.1138957941439e-05,0.0
adam,1815,0.4373110234737396,0.002013583667576313,0.0035009460989385843,0.043227966874837875,0.03742840141057968,0.05835815519094467,-0.0018013415392488241,0.0,0.0,0.0,0.0,9.112486441154033e-05,0.0
adam,1816,0.437250018119812,0.0020116118248552084,0.003499548649415374,0.04322454705834389,0.037419840693473816,0.05835769325494766,-0.0018009879859164357,0.0,0.0,0.0,0.0,9.11568567971699e-05,0.0
adam,1817,0.4371894299983978,0.002010756405070424,0.0034981470089405775,0.04322531074285507,0.03742041811347008,0.05835501477122307,-0.001800621161237359,0.0,0.0,0.0,0.0,9.108443919103593e-05,0.0
adam,1818,0.43712908029556274,0.0020089554600417614,0.0034968077670782804,0.04321954399347305,0.03741638362407684,0.05835540220141411,-0.001800311147235334,0.0,0.0,0.0,0.0,9.108225640375167e-05,0.0
adam,1819,0.4370688498020172,0.0020077424123883247,0.003495353041216731,0.04321419820189476,0.037409376353025436,0.05835544317960739,-0.001799975405447185,0.0,0.0,0.0,0.0,9.103367483476177e-05,0.0
adam,1820,0.43700963258743286,0.0020055356435477734,0.0034939111210405827,0.04320942610502243,0.037410225719213486,0.05835502967238426,-0.001799625693820417,0.0,0.0,0.0,0.0,9.107577352551743e-05,0.0
adam,1821,0.4369508624076843,0.002004539594054222,0.0034924836363643408,0.04320380091667175,0.03740989789366722,0.05835498124361038,-0.0017992864595726132,0.0,0.0,0.0,0.0,9.099676390178502e-05,0.0
adam,1822,0.4368892312049866,0.0020026438869535923,0.0034911122638732195,0.04319870099425316,0.03740164265036583,0.05835521221160889,-0.001798979239538312,0.0,0.0,0.0,0.0,9.10105518414639e-05,0.0
adam,1823,0.43682873249053955,0.0020023565739393234,0.003489706665277481,0.043198954313993454,0.037394531071186066,0.05835290625691414,-0.001798646175302565,0.0,0.0,0.0,0.0,9.089472587220371e-05,0.0
adam,1824,0.43676844239234924,0.0020000338554382324,0.0034884025808423758,0.04319831728935242,0.037392497062683105,0.05835102126002312,-0.0017983079887926579,0.0,0.0,0.0,0.0,9.096594294533134e-05,0.0
adam,1825,0.43670907616615295,0.0019993579480797052,0.003487061709165573,0.04319848492741585,0.03738866746425629,0.058348484337329865,-0.0017979374388232827,0.0,0.0,0.0,0.0,9.088893420994282e-05,0.0
adam,1826,0.4366491734981537,0.0019971635192632675,0.0034857771825045347,0.04319150745868683,0.03737768158316612,0.05834940820932388,-0.001797610311768949,0.0,0.0,0.0,0.0,9.093741391552612e-05,0.0
adam,1827,0.4365907907485962,0.0019959716591984034,0.003484486835077405,0.04318979009985924,0.037374261766672134,0.05834759771823883,-0.0017972817877307534,0.0,0.0,0.0,0.0,9.090654202736914e-05,0.0
adam,1828,0.43653246760368347,0.0019951541908085346,0.0034831780940294266,0.043190911412239075,0.03737611323595047,0.05834421142935753,-0.001796928932890296,0.0,0.0,0.0,0.0,9.084566409001127e-05,0.0
adam,1829,0.4364747405052185,0.001992856152355671,0.0034819156862795353,0.04318295419216156,0.03736848384141922,0.058345209807157516,-0.0017966103041544557,0.0,0.0,0.0,0.0,9.090497042052448e-05,0.0
adam,1830,0.43641677498817444,0.0019921695347875357,0.0034806153271347284,0.04317815229296684,0.03736285865306854,0.05834455043077469,-0.0017962881829589605,0.0,0.0,0.0,0.0,9.081814641831443e-05,0.0
adam,1831,0.43635833263397217,0.001989923184737563,0.003479324048385024,0.04317589849233627,0.03736576437950134,0.05834268033504486,-0.0017959524411708117,0.0,0.0,0.0,0.0,9.087995567824692e-05,0.0
adam,1832,0.4362993836402893,0.0019888279493898153,0.003477951046079397,0.04317203909158707,0.03736438974738121,0.05834169685840607,-0.001795611809939146,0.0,0.0,0.0,0.0,9.082412725547329e-05,0.0
adam,1833,0.4362415075302124,0.0019878451712429523,0.003476531244814396,0.04316406697034836,0.03735148534178734,0.05834278091788292,-0.001795289572328329,0.0,0.0,0.0,0.0,9.076281276065856e-05,0.0
adam,1834,0.4361833930015564,0.001986100571230054,0.003475133329629898,0.04316161945462227,0.03734571114182472,0.05834118649363518,-0.0017949591856449842,0.0,0.0,0.0,0.0,9.079188021132722e-05,0.0
adam,1835,0.4361251890659332,0.0019852693658322096,0.0034737177193164825,0.04316394031047821,0.03734518215060234,0.058337192982435226,-0.0017946090083569288,0.0,0.0,0.0,0.0,9.074592526303604e-05,0.0
adam,1836,0.4360671043395996,0.0019834015984088182,0.0034723100252449512,0.04315713420510292,0.03733452036976814,0.058337580412626266,-0.0017942774575203657,0.0,0.0,0.0,0.0,9.077597496798262e-05,0.0
adam,1837,0.43600964546203613,0.0019820870365947485,0.0034709370229393244,0.04314832389354706,0.03732313588261604,0.05833892896771431,-0.0017939620884135365,0.0,0.0,0.0,0.0,9.074298577615991e-05,0.0
adam,1838,0.4359520375728607,0.0019810122903436422,0.003469559596851468,0.04314761981368065,0.037323638796806335,0.05833635851740837,-0.0017936263466253877,0.0,0.0,0.0,0.0,9.070427040569484e-05,0.0
adam,1839,0.43589383363723755,0.0019794227555394173,0.0034681609831750393,0.043149013072252274,0.037325240671634674,0.058332912623882294,-0.0017932893242686987,0.0,0.0,0.0,0.0,9.07222056412138e-05,0.0
adam,1840,0.43583768606185913,0.001978270709514618,0.003466756083071232,0.04314527288079262,0.03731817752122879,0.05833201855421066,-0.0017929744208231568,0.0,0.0,0.0,0.0,9.069297811947763e-05,0.0
adam,1841,0.43578091263771057,0.001976111438125372,0.003465369576588273,0.043137326836586,0.0373087041079998,0.05833305045962334,-0.0017926585860550404,0.0,0.0,0.0,0.0,9.074571426026523e-05,0.0
adam,1842,0.4357229173183441,0.001975657884031534,0.0034639122895896435,0.04314155504107475,0.03731579706072807,0.058327991515398026,-0.0017922591650858521,0.0,0.0,0.0,0.0,9.065825724974275e-05,0.0
adam,1843,0.4356650114059448,0.001973602455109358,0.0034624775871634483,0.04313744604587555,0.03731231391429901,0.05832699313759804,-0.001791865797713399,0.0,0.0,0.0,0.0,9.070759551832452e-05,0.0
adam,1844,0.4356088638305664,0.001973054138943553,0.003461018204689026,0.043129708617925644,0.03729834035038948,0.0583275631070137,-0.0017914638156071305,0.0,0.0,0.0,0.0,9.061904711415991e-05,0.0
adam,1845,0.43555164337158203,0.0019713358487933874,0.0034596258774399757,0.04312526062130928,0.037292398512363434,0.058326587080955505,-0.0017910735914483666,0.0,0.0,0.0,0.0,9.064303594641387e-05,0.0
adam,1846,0.4354954957962036,0.001970141427591443,0.0034581953659653664,0.043127045035362244,0.037291355431079865,0.058322686702013016,-0.001790685928426683,0.0,0.0,0.0,0.0,9.064123878488317e-05,0.0
adam,1847,0.4354395270347595,0.001969151897355914,0.003456760896369815,0.043124720454216,0.03728346899151802,0.05832080915570259,-0.0017903299303725362,0.0,0.0,0.0,0.0,9.061111632036045e-05,0.0
adam,1848,0.4353840947151184,0.0019669774919748306,0.003455402562394738,0.0431174710392952,0.03727521747350693,0.05832136422395706,-0.0017899982631206512,0.0,0.0,0.0,0.0,9.067323844647035e-05,0.0
adam,1849,0.4353289008140564,0.0019664629362523556,0.00345396576449275,0.04311617836356163,0.03727312013506889,0.05831907317042351,-0.001789615023881197,0.0,0.0,0.0,0.0,9.058935393113643e-05,0.0
adam,1850,0.4352729618549347,0.0019642841070890427,0.0034525750670582056,0.04311223328113556,0.03727082163095474,0.05831824615597725,-0.0017892596079036593,0.0,0.0,0.0,0.0,9.065165068022907e-05,0.0
adam,1851,0.43521761894226074,0.001963323447853327,0.003451174357905984,0.043108005076646805,0.03726642206311226,0.05831751972436905,-0.0017889168811962008,0.0,0.0,0.0,0.0,9.059801959665492e-05,0.0
adam,1852,0.43516016006469727,0.001961675938218832,0.003449761774390936,0.04311112314462662,0.037273187190294266,0.05831317976117134,-0.0017885157139971852,0.0,0.0,0.0,0.0,9.062306344276294e-05,0.0
adam,1853,0.4351043701171875,0.0019604102708399296,0.0034483408089727163,0.043110642582178116,0.037274397909641266,0.05831053480505943,-0.001788129797205329,0.0,0.0,0.0,0.0,9.060859883902594e-05,0.0
adam,1854,0.4350486695766449,0.0019595641642808914,0.0034468837548047304,0.043105315417051315,0.037266600877046585,0.05831008777022362,-0.0017877451609820127,0.0,0.0,0.0,0.0,9.054811380337924e-05,0.0
adam,1855,0.43499237298965454,0.001957891508936882,0.003445451147854328,0.04309726879000664,0.03725779801607132,0.058310817927122116,-0.0017873697215691209,0.0,0.0,0.0,0.0,9.055746340891346e-05,0.0
adam,1856,0.43493711948394775,0.001957208150997758,0.003443992231041193,0.043093059211969376,0.03725012019276619,0.05830978974699974,-0.0017869943985715508,0.0,0.0,0.0,0.0,9.048906940734014e-05,0.0
adam,1857,0.4348817467689514,0.001955535961315036,0.0034425060730427504,0.04309257119894028,0.037245310842990875,0.058307014405727386,-0.001786597422324121,0.0,0.0,0.0,0.0,9.05328561202623e-05,0.0
adam,1858,0.43482640385627747,0.001954429317265749,0.0034411242231726646,0.0430888757109642,0.037239350378513336,0.05830586701631546,-0.0017862548120319843,0.0,0.0,0.0,0.0,9.050323569681495e-05,0.0
adam,1859,0.4347709119319916,0.001952354796230793,0.0034397009294480085,0.04308544471859932,0.037232883274555206,0.058304715901613235,-0.0017858840292319655,0.0,0.0,0.0,0.0,9.057058923644945e-05,0.0
adam,1860,0.43471696972846985,0.0019520530477166176,0.0034383023157715797,0.0430837906897068,0.03722944110631943,0.0583028644323349,-0.0017855294281616807,0.0,0.0,0.0,0.0,9.046617924468592e-05,0.0
adam,1861,0.43466222286224365,0.0019499094923958182,0.003436917904764414,0.043081559240818024,0.037229593843221664,0.05830131843686104,-0.0017851598095148802,0.0,0.0,0.0,0.0,9.053107351064682e-05,0.0
adam,1862,0.43460655212402344,0.0019490940030664206,0.003435523947700858,0.043080028146505356,0.03722609579563141,0.05829961597919464,-0.0017847921699285507,0.0,0.0,0.0,0.0,9.04697590158321e-05,0.0
adam,1863,0.43455129861831665,0.0019467249512672424,0.0034341830760240555,0.04307587817311287,0.03722527623176575,0.05829915404319763,-0.0017844387330114841,0.0,0.0,0.0,0.0,9.054407564690337e-05,0.0
adam,1864,0.43449586629867554,0.0019460800103843212,0.003432763973250985,0.04307498037815094,0.03722452372312546,0.058297138661146164,-0.0017840424552559853,0.0,0.0,0.0,0.0,9.04637563508004e-05,0.0
adam,1865,0.43444207310676575,0.0019451978150755167,0.003431407269090414,0.04306930676102638,0.03721987456083298,0.058297451585531235,-0.0017836884362623096,0.0,0.0,0.0,0.0,9.03940454008989e-05,0.0
adam,1866,0.4343883693218231,0.0019432883709669113,0.0034300440456718206,0.04306482523679733,0.03721794858574867,0.058297187089920044,-0.0017833253368735313,0.0,0.0,0.0,0.0,9.042765304911882e-05,0.0
adam,1867,0.43433478474617004,0.0019427374936640263,0.003428615862503648,0.04306819662451744,0.03721987083554268,0.05829321965575218,-0.0017829108983278275,0.0,0.0,0.0,0.0,9.036040137289092e-05,0.0
adam,1868,0.4342808127403259,0.0019407322397455573,0.0034273210912942886,0.04306558147072792,0.037217941135168076,0.05829215049743652,-0.0017825658433139324,0.0,0.0,0.0,0.0,9.041171142598614e-05,0.0
adam,1869,0.43422719836235046,0.001939727459102869,0.0034259569365531206,0.04306201636791229,0.03720985725522041,0.058291349560022354,-0.0017822036752477288,0.0,0.0,0.0,0.0,9.03764448594302e-05,0.0
adam,1870,0.4341740310192108,0.0019387437496334314,0.003424575086683035,0.04306168481707573,0.03720749542117119,0.05828907713294029,-0.0017818197375163436,0.0,0.0,0.0,0.0,9.034421236719936e-05,0.0
adam,1871,0.434121310710907,0.0019371174275875092,0.0034232360776513815,0.043058671057224274,0.03720441833138466,0.05828816071152687,-0.0017814633902162313,0.0,0.0,0.0,0.0,9.036292613018304e-05,0.0
adam,1872,0.4340658485889435,0.001936166314408183,0.0034218619111925364,0.043056875467300415,0.03720288351178169,0.058286745101213455,-0.001781131373718381,0.0,0.0,0.0,0.0,9.030709770740941e-05,0.0
adam,1873,0.4340108036994934,0.001933856401592493,0.0034205173142254353,0.04305263236165047,0.037199705839157104,0.05828654021024704,-0.0017808066913858056,0.0,0.0,0.0,0.0,9.037774725584313e-05,0.0
adam,1874,0.4339563548564911,0.001932821236550808,0.0034192241728305817,0.04304817318916321,0.037196192890405655,0.05828619375824928,-0.001780500402674079,0.0,0.0,0.0,0.0,9.032656816998497e-05,0.0
adam,1875,0.4339023232460022,0.0019319127313792706,0.003417855128645897,0.04304065927863121,0.03718039020895958,0.05828738957643509,-0.001780203660018742,0.0,0.0,0.0,0.0,9.02743631741032e-05,0.0
adam,1876,0.43384918570518494,0.001930186990648508,0.003416507737711072,0.043038275092840195,0.03717722371220589,0.05828595533967018,-0.0017798853805288672,0.0,0.0,0.0,0.0,9.030913497554138e-05,0.0
adam,1877,0.4337959885597229,0.0019293371587991714,0.0034152294974774122,0.043037049472332,0.03717804327607155,0.05828391760587692,-0.0017795752501115203,0.0,0.0,0.0,0.0,9.025388135341927e-05,0.0
adam,1878,0.433741956949234,0.0019276353996247053,0.0034139410126954317,0.04303229600191116,0.03716973960399628,0.058283671736717224,-0.0017792481230571866,0.0,0.0,0.0,0.0,9.028083150042221e-05,0.0
adam,1879,0.4336891174316406,0.0019267852185294032,0.0034126306418329477,0.043030060827732086,0.03716526925563812,0.05828213319182396,-0.0017789112171158195,0.0,0.0,0.0,0.0,9.023352322401479e-05,0.0
adam,1880,0.43363654613494873,0.0019252621568739414,0.0034113775473088026,0.04302814602851868,0.03716477006673813,0.05828046426177025,-0.0017785984091460705,0.0,0.0,0.0,0.0,9.024616883834824e-05,0.0
adam,1881,0.4335838258266449,0.0019243978895246983,0.003410090459510684,0.043027572333812714,0.03716075420379639,0.05827818438410759,-0.0017782625509425998,0.0,0.0,0.0,0.0,9.020791185321286e-05,0.0
adam,1882,0.43352776765823364,0.0019232460763305426,0.0034087523818016052,0.043025899678468704,0.03715677186846733,0.05827662721276283,-0.0017779067857190967,0.0,0.0,0.0,0.0,9.017774573294446e-05,0.0
adam,1883,0.4334733784198761,0.001920868526212871,0.0034074829891324043,0.04302080720663071,0.0371537059545517,0.05827662721276283,-0.0017775732558220625,0.0,0.0,0.0,0.0,9.025558392750099e-05,0.0
adam,1884,0.4334188401699066,0.0019203234696760774,0.003406221978366375,0.04301803186535835,0.03715205565094948,0.058275431394577026,-0.0017772405408322811,0.0,0.0,0.0,0.0,9.016082913149148e-05,0.0
adam,1885,0.43336373567581177,0.0019183227559551597,0.003404932329431176,0.043013304471969604,0.037144310772418976,0.058275364339351654,-0.0017769018886610866,0.0,0.0,0.0,0.0,9.020955621963367e-05,0.0
adam,1886,0.4333093464374542,0.0019178650109097362,0.0034036082215607166,0.04301411285996437,0.03713957965373993,0.058272585272789,-0.0017765458906069398,0.0,0.0,0.0,0.0,9.013189992401749e-05,0.0
adam,1887,0.43325579166412354,0.0019164214609190822,0.0034023437183350325,0.04301577806472778,0.03714025020599365,0.05826934054493904,-0.0017761989729478955,0.0,0.0,0.0,0.0,9.014868555823341e-05,0.0
adam,1888,0.4332020878791809,0.0019146252889186144,0.0034010547678917646,0.04301603138446808,0.037139277905225754,0.05826675891876221,-0.0017758419271558523,0.0,0.0,0.0,0.0,9.019615390570834e-05,0.0
adam,1889,0.43314945697784424,0.0019141696393489838,0.0033997048158198595,0.04301685467362404,0.037137724459171295,0.058263711631298065,-0.0017754463478922844,0.0,0.0,0.0,0.0,9.012114605866373e-05,0.0
adam,1890,0.433096319437027,0.0019125016406178474,0.0033983790781348944,0.04301346465945244,0.037134166806936264,0.05826261639595032,-0.0017750548431649804,0.0,0.0,0.0,0.0,9.014753595693037e-05,0.0
adam,1891,0.4330432415008545,0.0019123763777315617,0.003397058229893446,0.043011702597141266,0.03713240101933479,0.05826055258512497,-0.0017746578669175506,0.0,0.0,0.0,0.0,9.002800652524456e-05,0.0
adam,1892,0.4329889714717865,0.0019100203644484282,0.0033957965206354856,0.04300721734762192,0.03713883087038994,0.05825994163751602,-0.0017743133939802647,0.0,0.0,0.0,0.0,9.009060158859938e-05,0.0
adam,1893,0.4329349100589752,0.0019087314140051603,0.0033944847527891397,0.04299836605787277,0.03712887689471245,0.05826171860098839,-0.0017739961622282863,0.0,0.0,0.0,0.0,9.005595347844064e-05,0.0
adam,1894,0.4328814744949341,0.0019076003227382898,0.0033932290971279144,0.04299428313970566,0.03712644428014755,0.05826115608215332,-0.0017736756708472967,0.0,0.0,0.0,0.0,9.001777652883902e-05,0.0
adam,1895,0.43282923102378845,0.0019061064813286066,0.0033920197747647762,0.0429907888174057,0.03712539002299309,0.058260269463062286,-0.0017733712447807193,0.0,0.0,0.0,0.0,9.002056322060525e-05,0.0
adam,1896,0.4327763617038727,0.0019052568823099136,0.003390737809240818,0.042987946420907974,0.03711593523621559,0.05825919657945633,-0.0017730604158714414,0.0,0.0,0.0,0.0,8.997827535495162e-05,0.0
adam,1897,0.43272456526756287,0.00190341891720891,0.0033894479274749756,0.0429866686463356,0.03710821643471718,0.05825725570321083,-0.0017727367812767625,0.0,0.0,0.0,0.0,9.004493767861277e-05,0.0
adam,1898,0.4326716959476471,0.0019025907386094332,0.003388215322047472,0.042986974120140076,0.037103649228811264,0.058254409581422806,-0.0017724231583997607,0.0,0.0,0.0,0.0,9.001131547847763e-05,0.0
adam,1899,0.43261978030204773,0.0019012776901945472,0.003386952681466937,0.04299037158489227,0.03710441291332245,0.058250196278095245,-0.0017720914911478758,0.0,0.0,0.0,0.0,9.0032335720025e-05,0.0
adam,1900,0.4325675964355469,0.0019007204100489616,0.0033856239169836044,0.04299187287688255,0.03710174188017845,0.05824674665927887,-0.0017717251321300864,0.0,0.0,0.0,0.0,8.997650002129376e-05,0.0
adam,1901,0.43251633644104004,0.0018991832621395588,0.0033843040000647306,0.04298590123653412,0.0370953194797039,0.05824659764766693,-0.0017713564448058605,0.0,0.0,0.0,0.0,8.999300916912034e-05,0.0
adam,1902,0.4324615001678467,0.0018981463508680463,0.0033830124884843826,0.04298490285873413,0.037098947912454605,0.05824429541826248,-0.0017709913663566113,0.0,0.0,0.0,0.0,8.994855306809768e-05,0.0
adam,1903,0.4324072599411011,0.00189674599096179,0.0033816646318882704,0.04298122227191925,0.03709902986884117,0.05824314430356026,-0.0017705977661535144,0.0,0.0,0.0,0.0,8.993762457976118e-05,0.0
adam,1904,0.4323526918888092,0.0018954516854137182,0.003380273701623082,0.04297409951686859,0.037092309445142746,0.05824359133839607,-0.0017702102195471525,0.0,0.0,0.0,0.0,8.991246431833133e-05,0.0
adam,1905,0.4323006868362427,0.0018940067384392023,0.003378896042704582,0.04297074303030968,0.03709188848733902,0.058242317289114,-0.0017698202282190323,0.0,0.0,0.0,0.0,8.991613140096888e-05,0.0
adam,1906,0.4322468936443329,0.001893090084195137,0.003377538872882724,0.042971979826688766,0.037096187472343445,0.05823885649442673,-0.0017694137059152126,0.0,0.0,0.0,0.0,8.987542241811752e-05,0.0
adam,1907,0.4321947991847992,0.001891257707029581,0.0033761942759156227,0.042968880385160446,0.03709026798605919,0.05823744088411331,-0.0017690331442281604,0.0,0.0,0.0,0.0,8.993216033559293e-05,0.0
adam,1908,0.43214282393455505,0.001891191815957427,0.003374778665602207,0.042972370982170105,0.0370875783264637,0.05823274701833725,-0.0017686330247670412,0.0,0.0,0.0,0.0,8.984426676761359e-05,0.0
adam,1909,0.4320931136608124,0.0018886514008045197,0.0033734701573848724,0.04297322407364845,0.0370873287320137,0.05822933092713356,-0.0017682693433016539,0.0,0.0,0.0,0.0,8.999033889267594e-05,0.0
adam,1910,0.43204018473625183,0.0018890417413786054,0.003372198436409235,0.04297753795981407,0.037089020013809204,0.05822412297129631,-0.0017678955337032676,0.0,0.0,0.0,0.0,8.984984015114605e-05,0.0
adam,1911,0.43198689818382263,0.0018875286914408207,0.0033709926065057516,0.04297332838177681,0.03708227351307869,0.05822310596704483,-0.0017675630515441298,0.0,0.0,0.0,0.0,8.986816828837618e-05,0.0
adam,1912,0.43193548917770386,0.0018856525421142578,0.00336973718367517,0.04297403246164322,0.03708460554480553,0.05821986123919487,-0.001767199719324708,0.0,0.0,0.0,0.0,8.993364463094622e-05,0.0
adam,1913,0.4318827986717224,0.0018853697692975402,0.0033684736117720604,0.042972296476364136,0.037080083042383194,0.05821773409843445,-0.0017668706132099032,0.0,0.0,0.0,0.0,8.983846055343747e-05,0.0
adam,1914,0.4318293333053589,0.0018836127128452063,0.003367239609360695,0.042968738824129105,0.03707736358046532,0.05821641907095909,-0.0017665390623733401,0.0,0.0,0.0,0.0,8.987484034150839e-05,0.0
adam,1915,0.43177974224090576,0.001882362412288785,0.0033659706823527813,0.04296763613820076,0.03707800433039665,0.05821395665407181,-0.0017661995952948928,0.0,0.0,0.0,0.0,8.987885667011142e-05,0.0
adam,1916,0.43172717094421387,0.001882206997834146,0.00336467451415956,0.04296625033020973,0.0370752178132534,0.058211550116539,-0.0017658420838415623,0.0,0.0,0.0,0.0,8.977131074061617e-05,0.0
adam,1917,0.43167635798454285,0.0018806764855980873,0.0033634176943451166,0.04296273738145828,0.03707269951701164,0.058210112154483795,-0.0017654930707067251,0.0,0.0,0.0,0.0,8.979523408925161e-05,0.0
adam,1918,0.43162569403648376,0.0018787384033203125,0.0033621659968048334,0.04296041652560234,0.03706904873251915,0.05820830538868904,-0.0017651788657531142,0.0,0.0,0.0,0.0,8.986642933450639e-05,0.0
adam,1919,0.43157437443733215,0.0018781691323965788,0.0033608684316277504,0.04296411946415901,0.03706790506839752,0.05820368230342865,-0.0017648417269811034,0.0,0.0,0.0,0.0,8.982566941995174e-05,0.0
adam,1920,0.431524395942688,0.0018774396739900112,0.003359586698934436,0.04296645149588585,0.0370689332485199,0.058199550956487656,-0.0017644936451688409,0.0,0.0,0.0,0.0,8.979540871223435e-05,0.0
adam,1921,0.43147391080856323,0.0018761798273772001,0.0033583296462893486,0.042962249368429184,0.03706393018364906,0.058198533952236176,-0.0017641694284975529,0.0,0.0,0.0,0.0,8.979369886219501e-05,0.0
adam,1922,0.4314197897911072,0.0018746932037174702,0.003357026958838105,0.04295514523983002,0.037057794630527496,0.05819874629378319,-0.001763798645697534,0.0,0.0,0.0,0.0,8.979158155852929e-05,0.0
adam,1923,0.4313674569129944,0.0018734140321612358,0.003355707973241806,0.04295071214437485,0.03705534338951111,0.05819757655262947,-0.00176340457983315,0.0,0.0,0.0,0.0,8.978287223726511e-05,0.0
adam,1924,0.4313150942325592,0.0018719492945820093,0.0033544041216373444,0.04294507950544357,0.037047263234853745,0.05819718539714813,-0.0017630418296903372,0.0,0.0,0.0,0.0,8.97954887477681e-05,0.0
adam,1925,0.431262731552124,0.0018715307815000415,0.0033530243672430515,0.04294579103589058,0.03704463690519333,0.05819384753704071,-0.0017626663902774453,0.0,0.0,0.0,0.0,8.972547220764682e-05,0.0
adam,1926,0.4312111735343933,0.0018705723341554403,0.0033516562543809414,0.04294738546013832,0.03704976290464401,0.05818988010287285,-0.0017622750019654632,0.0,0.0,0.0,0.0,8.970213821157813e-05,0.0
adam,1927,0.43115946650505066,0.0018684850074350834,0.0033503707963973284,0.042940836399793625,0.037048447877168655,0.05818960443139076,-0.001761909108608961,0.0,0.0,0.0,0.0,8.976377284852788e-05,0.0
adam,1928,0.43110811710357666,0.0018675468163564801,0.0033490320201963186,0.04293807968497276,0.03704752027988434,0.058187682181596756,-0.001761544612236321,0.0,0.0,0.0,0.0,8.972951036412269e-05,0.0
adam,1929,0.43105629086494446,0.0018666642718017101,0.0033476620446890593,0.0429418720304966,0.0370517261326313,0.058182843029499054,-0.0017611809307709336,0.0,0.0,0.0,0.0,8.970937778940424e-05,0.0
adam,1930,0.43100494146347046,0.0018656814936548471,0.003346334444358945,0.0429404154419899,0.037048351019620895,0.05818038806319237,-0.0017608446069061756,0.0,0.0,0.0,0.0,8.969115879153833e-05,0.0
adam,1931,0.43095412850379944,0.0018648062832653522,0.0033449986949563026,0.0429348461329937,0.037040334194898605,0.05817965418100357,-0.0017605029279366136,0.0,0.0,0.0,0.0,8.965561573859304e-05,0.0
adam,1932,0.43089985847473145,0.0018629333935678005,0.003343640360981226,0.0429295152425766,0.037035148590803146,0.05817890167236328,-0.001760156825184822,0.0,0.0,0.0,0.0,8.970141061581671e-05,0.0
adam,1933,0.43084657192230225,0.001862129895016551,0.003342252690345049,0.04292377829551697,0.03702881559729576,0.058178190141916275,-0.001759813749231398,0.0,0.0,0.0,0.0,8.964665903476998e-05,0.0
adam,1934,0.4307937026023865,0.001860759686678648,0.0033408571034669876,0.042916860431432724,0.03701985999941826,0.05817800760269165,-0.001759461360052228,0.0,0.0,0.0,0.0,8.965012239059433e-05,0.0
adam,1935,0.43074163794517517,0.0018594670109450817,0.0033394445199519396,0.04291350767016411,0.037014495581388474,0.05817626416683197,-0.00175908871460706,0.0,0.0,0.0,0.0,8.965776214608923e-05,0.0
adam,1936,0.4306894540786743,0.0018588989041745663,0.0033379935193806887,0.04291275516152382,0.037011709064245224,0.05817340314388275,-0.0017587057081982493,0.0,0.0,0.0,0.0,8.959903061622754e-05,0.0
adam,1937,0.4306374490261078,0.0018571161199361086,0.00333655858412385,0.04290866106748581,0.037007857114076614,0.05817214772105217,-0.0017583327135071158,0.0,0.0,0.0,0.0,8.964606240624562e-05,0.0
adam,1938,0.43058499693870544,0.0018563955090939999,0.003335163928568363,0.042902328073978424,0.0370025597512722,0.0581718347966671,-0.00175798952113837,0.0,0.0,0.0,0.0,8.957832324085757e-05,0.0
adam,1939,0.4305329918861389,0.0018547619692981243,0.0033337522763758898,0.042898233979940414,0.0370003879070282,0.058170486241579056,-0.001757620950229466,0.0,0.0,0.0,0.0,8.960789273260161e-05,0.0
adam,1940,0.4304817318916321,0.0018538201693445444,0.0033322914969176054,0.04289665073156357,0.03699667006731033,0.058167941868305206,-0.0017572377109900117,0.0,0.0,0.0,0.0,8.958848047768697e-05,0.0
adam,1941,0.43042993545532227,0.0018529808148741722,0.0033308658748865128,0.04289618879556656,0.03699546307325363,0.05816487595438957,-0.0017568748444318771,0.0,0.0,0.0,0.0,8.955731027526781e-05,0.0
adam,1942,0.4303777515888214,0.0018512527458369732,0.003329451894387603,0.042891357094049454,0.036987461149692535,0.05816394090652466,-0.0017565113957971334,0.0,0.0,0.0,0.0,8.960417471826077e-05,0.0
adam,1943,0.43032610416412354,0.001850833185017109,0.003328001592308283,0.04288974031805992,0.03698359802365303,0.05816158279776573,-0.0017561354907229543,0.0,0.0,0.0,0.0,8.952862117439508e-05,0.0
adam,1944,0.430274099111557,0.0018492188537493348,0.0033265233505517244,0.0428868904709816,0.036982014775276184,0.05815974250435829,-0.0017557241953909397,0.0,0.0,0.0,0.0,8.956038800533861e-05,0.0
adam,1945,0.43022269010543823,0.0018485088367015123,0.0033250427804887295,0.042879845947027206,0.03697673976421356,0.05815979093313217,-0.001755323726683855,0.0,0.0,0.0,0.0,8.949063339969143e-05,0.0
adam,1946,0.4301716983318329,0.0018470082432031631,0.0033235957380384207,0.04287324473261833,0.03697582334280014,0.05815981701016426,-0.001754939672537148,0.0,0.0,0.0,0.0,8.949042239692062e-05,0.0
adam,1947,0.43012067675590515,0.0018461216241121292,0.0033220795448869467,0.04287125542759895,0.03697590157389641,0.0581577830016613,-0.00175453070551157,0.0,0.0,0.0,0.0,8.945006266003475e-05,0.0
adam,1948,0.4300699830055237,0.0018449656199663877,0.0033206550870090723,0.04286760836839676,0.03697555139660835,0.058156684041023254,-0.0017541592242196202,0.0,0.0,0.0,0.0,8.942686690716073e-05,0.0
adam,1949,0.43001967668533325,0.0018437247490510345,0.0033192087430506945,0.042864128947257996,0.036973949521780014,0.05815543606877327,-0.0017537599196657538,0.0,0.0,0.0,0.0,8.941836858866736e-05,0.0
adam,1950,0.42996928095817566,0.001842445693910122,0.003317694878205657,0.04286130890250206,0.03696981072425842,0.05815378949046135,-0.001753320568241179,0.0,0.0,0.0,0.0,8.942456770455465e-05,0.0
adam,1951,0.42991894483566284,0.0018410495249554515,0.0033162226900458336,0.04285912960767746,0.03696850687265396,0.05815182998776436,-0.0017529011238366365,0.0,0.0,0.0,0.0,8.943978900788352e-05,0.0
adam,1952,0.4298688471317291,0.001840564189478755,0.00331479893065989,0.042855922132730484,0.03695971518754959,0.05815006420016289,-0.0017525475705042481,0.0,0.0,0.0,0.0,8.938130486058071e-05,0.0
adam,1953,0.42981991171836853,0.0018388526514172554,0.00331339449621737,0.04285212233662605,0.03695187717676163,0.0581488236784935,-0.0017521950649097562,0.0,0.0,0.0,0.0,8.943970897234976e-05,0.0
adam,1954,0.4297733008861542,0.001839634496718645,0.0033119632862508297,0.04285489767789841,0.03695409744977951,0.05814456567168236,-0.0017517979722470045,0.0,0.0,0.0,0.0,8.926801820052788e-05,0.0
adam,1955,0.42972272634506226,0.0018367342418059707,0.0033106484916061163,0.04284536838531494,0.03694804757833481,0.05814620852470398,-0.0017514134524390101,0.0,0.0,0.0,0.0,8.940071711549535e-05,0.0
adam,1956,0.42967233061790466,0.001836129231378436,0.0033092841040343046,0.042842283844947815,0.03695065900683403,0.058144789189100266,-0.0017509886529296637,0.0,0.0,0.0,0.0,8.932023047236726e-05,0.0
adam,1957,0.42962759733200073,0.0018361816182732582,0.0033078985288739204,0.0428411141037941,0.03695256635546684,0.05814266577363014,-0.0017505607102066278,0.0,0.0,0.0,0.0,8.920196705730632e-05,0.0
adam,1958,0.42957866191864014,0.0018338552908971906,0.003306538797914982,0.04284019395709038,0.03695748373866081,0.05814047530293465,-0.0017501089023426175,0.0,0.0,0.0,0.0,8.930087642511353e-05,0.0
adam,1959,0.42953020334243774,0.0018329325830563903,0.003305163700133562,0.04283741116523743,0.036953963339328766,0.05813907831907272,-0.0017496703658252954,0.0,0.0,0.0,0.0,8.92718235263601e-05,0.0
adam,1960,0.429485946893692,0.001832839334383607,0.003303861478343606,0.04283463954925537,0.03694768249988556,0.05813784524798393,-0.0017492757178843021,0.0,0.0,0.0,0.0,8.917753439163789e-05,0.0
adam,1961,0.42943665385246277,0.0018306825077161193,0.003302553668618202,0.04283757880330086,0.03695051372051239,0.05813410133123398,-0.0017488363664597273,0.0,0.0,0.0,0.0,8.927996532293037e-05,0.0
adam,1962,0.42938849329948425,0.001829611836001277,0.0033012954518198967,0.04283541440963745,0.03693980723619461,0.05813213437795639,-0.0017484994605183601,0.0,0.0,0.0,0.0,8.929141040425748e-05,0.0
adam,1963,0.4293404221534729,0.0018295561894774437,0.0033000714611262083,0.04283805936574936,0.03694166615605354,0.05812795087695122,-0.001748173264786601,0.0,0.0,0.0,0.0,8.919815445551649e-05,0.0
adam,1964,0.42929205298423767,0.0018281963421031833,0.0032988782040774822,0.042833250015974045,0.03693871572613716,0.05812729895114899,-0.001747882692143321,0.0,0.0,0.0,0.0,8.92041643965058e-05,0.0
adam,1965,0.4292440712451935,0.0018269327702000737,0.003297595540061593,0.04283061623573303,0.03693690523505211,0.058125678449869156,-0.0017475361237302423,0.0,0.0,0.0,0.0,8.921015978557989e-05,0.0
adam,1966,0.42919737100601196,0.0018263482488691807,0.0032962982077151537,0.04282982274889946,0.03694257140159607,0.05812303349375725,-0.0017471702303737402,0.0,0.0,0.0,0.0,8.914792124414816e-05,0.0
adam,1967,0.4291500747203827,0.001825247542001307,0.0032950998283922672,0.042820174247026443,0.03693879023194313,0.058124613016843796,-0.001746879075653851,0.0,0.0,0.0,0.0,8.910759061109275e-05,0.0
adam,1968,0.4291035532951355,0.0018242048099637032,0.0032938409131020308,0.04281459376215935,0.036938413977622986,0.05812428146600723,-0.001746548805385828,0.0,0.0,0.0,0.0,8.90784285729751e-05,0.0
adam,1969,0.4290562868118286,0.0018233112059533596,0.0032925293780863285,0.042813800275325775,0.036941852420568466,0.05812162905931473,-0.0017461630050092936,0.0,0.0,0.0,0.0,8.905061258701608e-05,0.0
adam,1970,0.42900967597961426,0.001821825047954917,0.003291291417554021,0.042807742953300476,0.03693604841828346,0.05812149494886398,-0.001745810266584158,0.0,0.0,0.0,0.0,8.907576557248831e-05,0.0
adam,1971,0.42896342277526855,0.001820889301598072,0.003290079068392515,0.04280443862080574,0.03693088889122009,0.05812013894319534,-0.0017454639310017228,0.0,0.0,0.0,0.0,8.905964932637289e-05,0.0
adam,1972,0.42891305685043335,0.0018199561163783073,0.0032888762652873993,0.04280385375022888,0.036926623433828354,0.05811775103211403,-0.0017451525200158358,0.0,0.0,0.0,0.0,8.903841080609709e-05,0.0
adam,1973,0.4288639426231384,0.0018188584363088012,0.0032876189798116684,0.042804352939128876,0.036920756101608276,0.05811489745974541,-0.0017448090948164463,0.0,0.0,0.0,0.0,8.90466253622435e-05,0.0
adam,1974,0.428815096616745,0.001817822689190507,0.003286384278908372,0.042805224657058716,0.036921195685863495,0.05811174958944321,-0.0017444464610889554,0.0,0.0,0.0,0.0,8.903893467504531e-05,0.0
adam,1975,0.42876631021499634,0.001817116979509592,0.003285143757238984,0.04280232638120651,0.03691995516419411,0.058110229671001434,-0.0017440849915146828,0.0,0.0,0.0,0.0,8.898416854208335e-05,0.0
adam,1976,0.42871811985969543,0.0018157995073124766,0.0032838573679327965,0.042797818779945374,0.036916911602020264,0.05810949206352234,-0.001743715489283204,0.0,0.0,0.0,0.0,8.89873699634336e-05,0.0
adam,1977,0.4286695122718811,0.0018148929812014103,0.003282518358901143,0.0427970364689827,0.036919333040714264,0.058107007294893265,-0.001743320724926889,0.0,0.0,0.0,0.0,8.895591599866748e-05,0.0
adam,1978,0.42862188816070557,0.0018139511812478304,0.003281205426901579,0.04279359057545662,0.036922041326761246,0.058105576783418655,-0.0017429370200261474,0.0,0.0,0.0,0.0,8.891905599739403e-05,0.0
adam,1979,0.42857348918914795,0.001812340342439711,0.003279919270426035,0.04278106614947319,0.036911334842443466,0.05810825154185295,-0.0017425866099074483,0.0,0.0,0.0,0.0,8.893080666894093e-05,0.0
adam,1980,0.4285257160663605,0.001811853377148509,0.0032785842195153236,0.042775705456733704,0.03690420836210251,0.05810772255063057,-0.0017421938246116042,0.0,0.0,0.0,0.0,8.886049181455746e-05,0.0
adam,1981,0.4284781813621521,0.0018110934179276228,0.003277246141806245,0.042778514325618744,0.03690967336297035,0.0581035315990448,-0.0017417649505659938,0.0,0.0,0.0,0.0,8.88308059074916e-05,0.0
adam,1982,0.428427129983902,0.0018097693100571632,0.003275976749137044,0.042778898030519485,0.036905355751514435,0.05810089781880379,-0.001741455984301865,0.0,0.0,0.0,0.0,8.884841372491792e-05,0.0
adam,1983,0.4283774793148041,0.0018084482289850712,0.0032746917568147182,0.04278118908405304,0.036905478686094284,0.0580972358584404,-0.0017411340959370136,0.0,0.0,0.0,0.0,8.887262811185792e-05,0.0
adam,1984,0.42832833528518677,0.0018077973509207368,0.0032733650878071785,0.042781930416822433,0.036903511732816696,0.05809410288929939,-0.0017407924169674516,0.0,0.0,0.0,0.0,8.883148257154971e-05,0.0
adam,1985,0.4282795786857605,0.0018071210943162441,0.0032720002345740795,0.04277998208999634,0.03689687326550484,0.05809202045202255,-0.0017404365353286266,0.0,0.0,0.0,0.0,8.879363304004073e-05,0.0
adam,1986,0.4282304644584656,0.0018062088638544083,0.0032705976627767086,0.04277673363685608,0.03689010068774223,0.05809023231267929,-0.0017400623764842749,0.0,0.0,0.0,0.0,8.877693471731618e-05,0.0
adam,1987,0.4281817376613617,0.001804973348043859,0.0032691641245037317,0.04277108609676361,0.036882612854242325,0.05808944255113602,-0.0017396851908415556,0.0,0.0,0.0,0.0,8.878432709025219e-05,0.0
adam,1988,0.4281328320503235,0.0018038959242403507,0.003267695428803563,0.042765140533447266,0.03687431663274765,0.05808894336223602,-0.0017392978770658374,0.0,0.0,0.0,0.0,8.877326035872102e-05,0.0
adam,1989,0.4280843436717987,0.0018030228093266487,0.003266212996095419,0.042760755866765976,0.03687028959393501,0.05808781832456589,-0.0017388834385201335,0.0,0.0,0.0,0.0,8.873989281710237e-05,0.0
adam,1990,0.4280357360839844,0.0018018025439232588,0.0032647394109517336,0.042755644768476486,0.03686973452568054,0.058087002485990524,-0.0017384551465511322,0.0,0.0,0.0,0.0,8.872931357473135e-05,0.0
adam,1991,0.42798787355422974,0.0018010895000770688,0.0032632292713969946,0.04275069013237953,0.03686812147498131,0.05808611586689949,-0.0017380097415298223,0.0,0.0,0.0,0.0,8.867371798260137e-05,0.0
adam,1992,0.4279397428035736,0.001799576566554606,0.0032618229743093252,0.0427505299448967,0.03686650097370148,0.058083903044462204,-0.0017376486212015152,0.0,0.0,0.0,0.0,8.870821329765022e-05,0.0
adam,1993,0.4278987646102905,0.0018006584141403437,0.003260382218286395,0.04275217652320862,0.03685541823506355,0.0580807700753212,-0.0017372630536556244,0.0,0.0,0.0,0.0,8.854026236804202e-05,0.0
adam,1994,0.4278515577316284,0.0017972001805901527,0.003259233431890607,0.04275375232100487,0.03686412051320076,0.05807747319340706,-0.0017368844710290432,0.0,0.0,0.0,0.0,8.876148785930127e-05,0.0
adam,1995,0.4277990460395813,0.0017968472093343735,0.0032580832485109568,0.042751554399728775,0.03685307875275612,0.0580759160220623,-0.0017365006497129798,0.0,0.0,0.0,0.0,8.868045551935211e-05,0.0
adam,1996,0.4277627766132355,0.001797933829948306,0.00325687020085752,0.042753223329782486,0.03684524819254875,0.058072470128536224,-0.0017360880738124251,0.0,0.0,0.0,0.0,8.852473547449335e-05,0.0
adam,1997,0.42771291732788086,0.0017957995878532529,0.0032557344529777765,0.042755160480737686,0.036852817982435226,0.058068759739398956,-0.001735673751682043,0.0,0.0,0.0,0.0,8.861328387865797e-05,0.0
adam,1998,0.427673876285553,0.001794296782463789,0.0032545689027756453,0.04275338351726532,0.0368502102792263,0.05806678161025047,-0.0017352616414427757,0.0,0.0,0.0,0.0,8.867862925399095e-05,0.0
adam,1999,0.42762863636016846,0.001794519368559122,0.0032533660996705294,0.04275471344590187,0.036840517073869705,0.05806342884898186,-0.001734827528707683,0.0,0.0,0.0,0.0,8.85827757883817e-05,0.0
